x,y
10.0595619587971,12.8904495132233
10.1105631655715,12.9922975009849
10.1602670939808,11.1847796206078
10.2335229909051,11.9323356353695
10.245560294567,10.6379020465246
10.2482009484846,11.7235806892003
10.3029992648711,12.0674767184764
10.3474028316812,12.173938133328
10.4403957357273,11.7420522023082
10.4439884379196,11.0704143521119
10.4798726281763,12.7439516762955
10.4867648593792,12.0241031094037
10.4902532051402,11.3073638700356
10.4981635739689,10.8802664451266
10.5186552199214,12.9021869738131
10.5769007425816,12.8224842645952
10.5835915847502,13.2850470049256
10.6087840516139,11.626929269512
10.6127529848626,10.4446829666696
10.6386629790148,13.000048705961
10.6471263843275,12.3519272291887
10.6513120109986,13.5717424440071
10.6535041855031,14.1552868175368
10.6666114480131,12.9342624965156
10.6681857709683,11.1938310847652
10.6724520830532,13.2735015625291
10.7147401142512,11.9858400270817
10.7318694657061,11.7883120258172
10.7573171252954,11.257538185052
10.7670870750903,11.3776063392274
10.7730872915372,10.6696797428835
10.782940472332,11.8951792595351
10.7868501742097,12.4141236090785
10.7896601458129,11.4065813240852
10.8104682585391,12.6627468039176
10.8109154634247,11.7920977318766
10.823772886661,13.6062077814076
10.8578005556334,11.7134948613766
10.8624015463613,14.1411502452415
10.8724734719889,11.4066898939445
10.8845892445539,11.5440920702937
10.8989542916248,11.2702368421741
10.9069309171949,12.4482326450637
10.9213107454964,10.4741750514362
10.9226549015543,12.7990824898435
10.9241019883228,12.0842258942446
10.9313858706547,9.92414527350302
10.9534288412757,11.8890144818655
10.9624120344656,11.956749746945
10.9673417680283,9.97031327219279
10.9935378628128,11.4516183326533
100.000185993287,-17.9554107362443
100.001923865256,-20.3221314261878
100.005959933569,-20.5480196976232
100.008692704094,-20.10136694117
100.021191833607,-20.9503527104684
100.021506593172,-20.0381044171461
100.033840005347,-19.7097590322155
100.034439724081,-19.8777181452212
100.034955562282,-19.7957057878442
100.035479271976,-18.4604036174885
100.037171218695,-19.4381115905706
100.038165223174,-18.8436953163338
100.038265324299,-19.0306722456941
100.040540642896,-19.2188330849435
100.043001139329,-19.5995785731158
100.050688985019,-18.9366524906002
100.052532177913,-20.2933461634984
100.061686414841,-18.2939533224264
100.062691488757,-19.9191687348947
100.065805919658,-18.6271512140626
100.06625383847,-19.9711318255544
100.06708644375,-18.3382164395022
100.067959093911,-18.7799965485244
100.071237852729,-19.1819807330714
100.07508485292,-19.7896894650669
100.077716150353,-19.0664205507074
100.08049994127,-20.9264294205741
100.080648229108,-19.5337562877913
100.080991229513,-20.0732383533898
100.084028831759,-18.7788506677274
100.084651306267,-19.5416185017714
100.084781281431,-17.0305076760169
100.087849029264,-18.8679563886798
100.092071778724,-18.6172674990351
100.100436548631,-18.1003383809126
100.101623880803,-19.4967321978142
100.103866652484,-18.5558760002386
100.107912121575,-19.8712063685794
100.108755111899,-19.3901055102862
100.111461843564,-17.9967826604247
100.114014893718,-20.3864648656263
100.115422314254,-18.1220646827408
100.120426718084,-19.476643594989
100.12166212711,-18.6184517887539
100.122363356307,-18.6651767560816
100.12242097767,-20.6062552180913
100.126254910739,-20.3382481993604
100.129162280692,-20.2841968725094
100.13056880742,-18.8876111765843
100.131951247809,-20.5863864992115
100.133717975538,-21.3081131157986
100.135718971436,-20.0500859393272
100.135850398863,-18.3711437960047
100.13955051689,-17.9513354689582
100.13975482965,-21.0193499846915
100.143236442701,-21.0045429896605
100.143242338181,-20.1628533389588
100.145335054642,-19.9955730246449
100.145946480083,-20.9202856124823
100.154118835391,-20.3578130284614
100.154242633964,-19.7497682533174
100.158851276958,-20.0472550259361
100.160393168067,-19.5882161360706
100.161162128124,-18.337980396359
100.161433540984,-20.5344712515302
100.164000383567,-19.1872378773427
100.164033581842,-19.4504522259733
100.164902826529,-18.8456024654899
100.168472706301,-18.5818226858407
100.170204929511,-17.7270914289498
100.171139756534,-20.5875930218702
100.180092371513,-19.5547711929744
100.186266446726,-18.3075545026151
100.188315905933,-19.7544987588443
100.191960834262,-18.7689174817425
100.192024343977,-19.0728454968035
100.194500160283,-20.818064547191
100.19479013201,-19.9000405009267
100.195064356295,-19.5730429788529
100.20360695301,-19.9625957777956
100.206827732617,-18.7368308953712
100.208230142888,-18.8263280328601
100.211325685667,-17.809067278311
100.216245793601,-19.5895517148484
100.216999168334,-19.25943443496
100.222439895146,-18.9278482396743
100.222757496396,-19.3698902292907
100.226504376812,-18.764058419097
100.230188322325,-18.4969585381122
100.233205647793,-19.7710868044636
100.238712643258,-19.1660245215361
100.240182799667,-18.465783383609
100.244327479435,-19.033622601806
100.246740763736,-18.7858901226231
100.254605294619,-20.0206343299365
100.255572285546,-20.2352915906705
100.262152720066,-18.965064187116
100.274640891417,-20.3604904409541
100.277305985905,-19.0553586940522
100.287043481064,-18.3195973058227
100.287497261532,-18.4180277693559
100.291391666765,-17.9339705775291
100.291480435193,-21.14595932697
100.295337525569,-19.533163555068
100.295763943868,-19.8907377503574
100.298706053163,-18.4056350320585
100.299898844002,-18.2710847328574
100.300679108473,-18.2798253083343
100.300726312882,-19.0797169207423
100.301177626042,-18.6665879007078
100.307060707515,-18.4330576536108
100.317551456905,-21.4652734753575
100.318322987915,-19.0762051976499
100.318936214482,-19.795999596194
100.321497253533,-20.2369640413084
100.3218837881,-20.1613890445904
100.322127775517,-21.7083672848136
100.32311214679,-19.8297863973016
100.325651072986,-18.8939779729976
100.328777424229,-19.1217015210838
100.329415214763,-18.6188329528732
100.329826852707,-19.9406864331057
100.332978146435,-18.9867292525177
100.333159329924,-18.0549538960822
100.335180638408,-21.1406064708066
100.337090604911,-19.5141671570896
100.337853244991,-17.5864678627175
100.338287905844,-21.1388916102816
100.344281198284,-19.1421758469755
100.348759208387,-19.2433289560392
100.350117286805,-17.764172067488
100.35134866115,-19.7438091349993
100.351364733123,-19.4585838749557
100.354641685305,-19.3164854691758
100.357789435374,-20.3535400967494
100.361856244698,-19.8123072697451
100.364113397555,-19.1416803366651
100.364316208127,-19.1405097538191
100.366136475384,-19.2133528003487
100.366169353056,-18.7154582328876
100.368679948709,-19.380049583395
100.369094680684,-21.1336065199779
100.369796896767,-19.3695614110701
100.370498519003,-20.5700409022613
100.372513525815,-19.2074720464223
100.38924902182,-19.1094834988521
100.391143217975,-16.9702256684556
100.391345951772,-19.9345167730187
100.398445252545,-19.2764773437768
100.400665422588,-20.2767144533689
100.400855489109,-20.0953430014906
100.401173785282,-18.8974800814312
100.402960030095,-19.9771310185842
100.406195058484,-19.4811783412819
100.406287659157,-18.2061195400985
100.408461521653,-20.3554052984871
100.409093606853,-20.5422850455245
100.410289869052,-18.6763954996055
100.414860204595,-18.9789907141482
100.414927907208,-19.2271499958926
100.418857821331,-17.5346667983608
100.419032498905,-19.9217810512068
100.420695786503,-19.402781595224
100.421446466491,-20.7848502554142
100.423068974912,-19.5090469262473
100.426198515673,-18.2185776311941
100.426828214931,-20.3184163002288
100.429392004054,-18.553912491862
100.429461761012,-19.2611541924516
100.430186072057,-18.9869675233971
100.434824745005,-17.2954116069232
100.442182553621,-20.0889593835126
100.443471711676,-19.9541553649832
100.445812013283,-21.6863399748803
100.446369441156,-20.1193497161571
100.44737101517,-18.7176947375683
100.449340752776,-17.4882308206161
100.452722337342,-19.2001998110895
100.455549216682,-19.3578436425338
100.456792008008,-17.9093604828921
100.45790427545,-19.0550516775927
100.460105952456,-18.8569015508659
100.462750717973,-19.2133942147897
100.463063405321,-18.7677480514263
100.465007761166,-20.8361371575908
100.469548014469,-20.5044003530484
100.470829881535,-18.3001116305312
100.471034227136,-18.5400440892815
100.471732542238,-18.2070049874654
100.473531398065,-21.9142398459783
100.474230327516,-20.9235865761429
100.475268295759,-21.5531794173626
100.476336081775,-20.3271259748966
100.476766042113,-20.7749552423471
100.477987231462,-19.1274877397265
100.479678940963,-19.0301791993927
100.48787068446,-19.1366641475852
100.488004350545,-19.5479759796734
100.488931229685,-19.2865321136761
100.489814642812,-19.9084909000459
100.492386030305,-19.3719637020119
100.494848110136,-18.2552839135279
100.495025995266,-19.6642671512166
100.50447593037,-18.1765368216904
100.505940159897,-17.8117919718082
100.508490335862,-18.649686542139
100.509897924474,-18.5170727026948
100.510089625842,-19.1413418988522
100.510752592466,-18.6617555738269
100.512776695261,-19.5029180190781
100.520217184303,-20.0868768309831
100.527008515218,-17.9186883915341
100.527754608249,-20.0908910906762
100.527838090639,-18.1372903802935
100.530599923671,-17.0624063804607
100.533881993119,-20.9076045012669
100.535137846694,-18.6088512697811
100.536027275488,-19.7635582455085
100.537703238976,-18.6865043869301
100.54189773202,-19.3945205276516
100.543879008533,-19.3472811287224
100.545778793934,-18.2956583342773
100.546301980698,-19.7364675439533
100.546495130526,-18.7221502025651
100.547276726856,-18.1853691965736
100.547977327511,-19.6066105950781
100.549251467079,-18.1115563942415
100.557513651518,-18.2406675038796
100.561945165007,-19.4263209719201
100.570603373722,-18.9536539113628
100.572966611642,-18.5725563668093
100.573525590273,-18.1738487622508
100.578607174289,-19.422946271443
100.583797274233,-18.4164293360706
100.587896696272,-19.3953876159098
100.589136735713,-19.219447726942
100.596774049928,-18.4147248676873
100.6001320721,-18.8309284644156
100.600611418548,-19.9976576944842
100.605520102259,-17.7724431148334
100.605730100211,-20.5888363579909
100.61208625936,-20.3961585161662
100.615406943853,-19.7284865050587
100.617414655698,-19.8428408490896
100.619999591237,-18.6986078248212
100.626497445311,-19.8594600505383
100.627397700125,-17.7952365106004
100.627862606242,-19.4428721888397
100.631903760902,-19.7211840271209
100.634808583551,-20.1258492698047
100.636019652945,-19.0197703662217
100.640028619524,-19.8818250249634
100.640778255733,-18.8357630933049
100.646168797391,-18.5698756910041
100.647658666521,-20.9928659038775
100.647724487244,-18.6108625684238
100.653735545687,-20.3586985722341
100.658503852973,-20.301354813853
100.658545332736,-17.765013898712
100.65888556418,-18.9043795876317
100.666491172837,-19.759584786752
100.670165333657,-18.9721301905314
100.670873041287,-19.3891431465454
100.675324656211,-17.9521051538304
100.67679144206,-18.9930733788501
100.677208291155,-19.4572160614901
100.679700394984,-19.0938545170791
100.680719895424,-19.0638648190992
100.680936435573,-19.2337523512899
100.684535869585,-17.648179635527
100.687214620781,-20.2144788170008
100.687323303203,-18.2173251874887
100.689483515105,-19.1059484372782
100.68974512433,-18.123352520062
100.690105801417,-17.9515585146304
100.690388289987,-19.5728170967194
100.694667831975,-19.591641090649
100.697233797277,-20.3597294593805
100.710099047834,-19.2632013008527
100.712655990699,-19.2070124356601
100.714051695581,-18.0315280302231
100.714746442025,-20.4104518660012
100.717085514095,-18.9631560587263
100.718721043742,-20.8520742613677
100.719368276473,-19.0664999937446
100.725534233067,-17.4927506751845
100.728947010157,-19.376917207967
100.732251366575,-19.6283453331284
100.734503524381,-20.7269843898125
100.735080096959,-17.595984979611
100.742068755781,-18.4873822752128
100.74347303832,-20.3668618080154
100.744718068116,-17.7620319932799
100.749876338052,-21.0358298998925
100.761020211148,-18.1213164826753
100.761170348886,-18.700849883664
100.761319357504,-19.8086262350657
100.762918586702,-19.2151098193298
100.763047243234,-18.1794213853041
100.764665540991,-18.897133813359
100.765552863662,-17.3293940895378
100.765707140872,-18.5609822970366
100.767579575062,-18.7310429674962
100.768152270608,-18.7429761321524
100.772443820753,-17.5732583841829
100.774533006083,-18.8560111608512
100.774650160889,-19.5644996943891
100.780796302601,-18.5773829062179
100.781807314965,-17.4048904421689
100.782998401948,-18.996055363145
100.784392332387,-18.8460003846846
100.787109507821,-19.592543512317
100.788518834381,-18.6884302927385
100.78967483919,-19.4843147480676
100.79014033629,-18.7279182987366
100.801712266375,-18.3472993408797
100.806565798287,-20.1606995638551
100.808456817118,-21.141523659279
100.810595962064,-19.926642346398
100.814709052796,-19.5907206794879
100.820847512755,-20.5054417740329
100.828758250109,-19.91809983005
100.837493940269,-20.1250173383465
100.837955699019,-18.4346152931397
100.841097155053,-20.1523769765846
100.847541280696,-19.2940347992084
100.850196723874,-20.1054350042465
100.850971059344,-19.3551034118693
100.852783762418,-18.3390636364624
100.854574950726,-19.5542643663576
100.860329648821,-19.7513632130031
100.863057139631,-18.4604907013724
100.86320344369,-19.1505791314044
100.864595813422,-18.207050630808
100.864939168193,-17.6524320495285
100.868412102419,-19.4563686697474
100.86920491564,-17.4530062383628
100.879748251701,-20.300121299682
100.880411705057,-20.1601489879561
100.881921031743,-19.7648108183837
100.882304181264,-19.7154050606244
100.882317401416,-18.2470414896464
100.889769523332,-19.4128071341542
100.891971528439,-19.253519348484
100.893158440037,-18.7395758580029
100.899157499534,-20.5523217793529
100.899717230768,-18.2160301333809
100.899926340591,-18.6803757901142
100.902514144416,-19.7426759352238
100.90433002688,-19.5794580964119
100.908042033087,-19.6598072293366
100.912839469585,-19.8447102816006
100.913414749032,-21.2288180155114
100.916079832123,-18.9255890072107
100.919462872273,-20.0878334934059
100.923426598942,-19.5572286781656
100.924992523586,-19.3824453809171
100.925340665035,-19.30324773313
100.929119429744,-20.3692246352696
100.930033100389,-19.7823111892673
100.934545054509,-19.9066632507481
100.937737071587,-20.5300209861085
100.939545174781,-20.2415057894776
100.941026243779,-20.3854578370303
100.94410473969,-19.6444697638442
100.944647741643,-18.526370062689
100.945436600515,-19.4352498828472
100.952460444031,-19.0090017938308
100.9530554278,-17.8377979844341
100.955554182988,-17.3712457523458
100.95582238565,-20.0877414979704
100.956043242675,-19.398842789361
100.956301684527,-19.1649182572211
100.956663439468,-19.3968143603114
100.960398130859,-18.8887646507618
100.963492737712,-20.3122710710117
100.964898390124,-17.1753056189728
100.967323674591,-20.0409493374857
100.968470514414,-20.6429231272454
100.968705688657,-19.426375457275
100.970341178451,-19.2686300807946
100.971527435902,-17.6026059162836
100.973152169058,-20.3951744714259
100.976454084886,-19.3367150524101
100.976903847093,-19.5343414089951
100.978021825588,-20.3893357324657
100.983781039791,-18.3055223088437
100.985306248638,-19.4720524560785
100.987114326348,-20.4537445444619
100.987454240402,-18.6102347971475
100.987470818442,-18.3446083445192
100.991088228265,-19.0362975614929
100.992870538595,-18.8109752902224
100.99975055875,-20.1521679709889
101.000075782262,-20.2974669408442
101.00067732213,-19.5155475364382
101.002788932697,-18.9775110946078
101.004258080999,-19.9578878394688
101.004421522083,-18.8973889415255
101.005269870231,-18.967830381988
101.005885571089,-18.1122589182195
101.006363646568,-19.3165736976591
101.006636440352,-19.2479113344661
101.011675394016,-19.4935776242179
101.019393716379,-19.8414958923285
101.022446524912,-17.3133498770699
101.030821754484,-18.5798089621876
101.032072640054,-19.1350014508289
101.032512823483,-19.4747036857393
101.035209507471,-19.2885148044285
101.037241569914,-18.9898172933356
101.037689832628,-19.5984655584335
101.042368113605,-17.2851905090552
101.047273678877,-20.3430151796825
101.049672485553,-20.2714273593583
101.051080107084,-20.4922564495573
101.052781429793,-20.1520557999189
101.053277308647,-20.1771252937357
101.055660594733,-20.0499668278161
101.061367947098,-17.5160359230947
101.061424352177,-21.1313714858444
101.06342928592,-19.3111679796517
101.065979584245,-17.8405086154962
101.066051881708,-18.4960540421873
101.068747028934,-16.3460550092344
101.082422210032,-18.9423805042084
101.083004936095,-19.0060945176708
101.085331045407,-18.4104217999859
101.095889365865,-19.4157578804101
101.096637828668,-18.510213554722
101.097406484931,-20.0653161463253
101.098903651405,-20.166503588044
101.103308426612,-19.0787654312328
101.103991236022,-17.5107933518575
101.109600275377,-17.3229791923631
101.115713430714,-19.0838436287125
101.120112640554,-18.8282179725312
101.123781994156,-18.8153743315738
101.128459595332,-18.2598479459822
101.133483377474,-18.0351663164651
101.137279325673,-18.2407473092779
101.139381265874,-20.3349008106132
101.141583064814,-18.72054930296
101.141658491578,-18.345954000066
101.153468964653,-19.8029118346877
101.15800099982,-16.6978004788299
101.160065023534,-18.1391122058882
101.161471986379,-19.5143514670627
101.162421123316,-18.959742824643
101.163408154765,-19.6613935848527
101.165046954578,-18.2215668545626
101.166083104849,-20.2397644012557
101.168914564178,-20.8869306775024
101.173272376058,-19.5374648154414
101.179788032246,-18.5759473352932
101.184258161267,-18.7568586535731
101.185480889193,-20.5538000463314
101.189015738502,-18.5451184402412
101.202502646009,-17.8727413713122
101.210141148806,-19.1839154742247
101.214190014599,-19.3331732660179
101.22242882259,-20.0217111901809
101.222891594319,-18.831098964173
101.225842301887,-21.2240044161932
101.22599849037,-18.0342418608889
101.22759162281,-19.1589720754878
101.228123847572,-18.5732509441496
101.232580398119,-17.7497968105582
101.233784248028,-18.8909764581489
101.234423047786,-20.2938444126288
101.240145251453,-19.1135282567207
101.241341026213,-18.1927777760236
101.268497049334,-19.271511285356
101.274528746632,-18.7667542468919
101.277026235019,-19.4747445059587
101.279050645852,-17.2499262995708
101.282294382622,-18.9569938609094
101.28906228162,-19.221122901883
101.289553340767,-18.9622983678553
101.291644091635,-19.602623907706
101.293671883194,-17.4529911640507
101.296344085308,-18.4170962024484
101.29635854215,-19.1111145010351
101.298861567894,-19.0762877510068
101.300739326912,-18.7971867213044
101.305443639692,-19.617904641195
101.307303358137,-19.4693359004596
101.313821046887,-18.9575186582976
101.315590554018,-20.2651510719035
101.316559623571,-19.421457306388
101.316662999133,-20.0080930907445
101.317781225456,-16.9212223978574
101.318975772509,-18.6417312840241
101.327203680287,-20.7839739747587
101.328592702796,-18.2970642125262
101.331759905499,-18.7914473582056
101.339035398323,-18.3555071237774
101.342087689316,-17.8538529832544
101.342251255667,-17.5144364351195
101.342656623948,-20.3252704471301
101.342864257459,-19.6563815313699
101.345408574532,-19.0029891456094
101.349141920774,-21.0780979418299
101.358017519323,-17.422091459514
101.360199095298,-19.0315504437805
101.360427306583,-19.3611371425598
101.374485941822,-17.786942431651
101.382745638309,-18.0900827544627
101.384814513858,-17.1401449841602
101.392174700659,-18.0715289253887
101.392641970781,-19.3426761600591
101.39365441755,-18.9155552787046
101.399417395814,-18.0564760079211
101.400110323194,-18.9177837840334
101.400328722632,-19.5352866017071
101.401922360035,-19.9751256595461
101.402001306225,-17.9742370593615
101.403291924012,-18.5499586447345
101.405504335681,-19.3981158608855
101.406020687792,-20.2431039791127
101.407187159877,-19.722078078939
101.409751423608,-19.9090285137072
101.422337169776,-18.5261984132901
101.425146231755,-19.2566727136826
101.427703745997,-18.268851667483
101.43768722341,-20.2166200254287
101.439559579799,-18.3233561303105
101.443060594232,-19.8182162199888
101.444064306622,-20.4411412085435
101.445047282851,-20.0309640794923
101.449194952501,-18.0168441162122
101.451247089603,-17.9080391549592
101.470270556654,-18.5971158814023
101.479735779709,-18.9781081673053
101.482511090847,-20.4240528836552
101.494727466436,-19.7612510779731
101.496175082188,-19.5806828700559
101.508227226699,-19.9134210019406
101.517125512637,-20.9134720545394
101.540714570936,-19.3438748282259
101.541706262146,-21.0490462198378
101.546235426114,-18.4547655826213
101.550327367367,-18.0597259237019
101.559156162345,-18.8401215030053
101.564763225245,-18.8243725928452
101.565406207185,-18.3997915883181
101.567487901687,-20.1418117408444
101.568946073044,-18.8945861833875
101.571197582596,-20.7702360874948
101.573019377956,-20.9539058139134
101.575184035929,-18.2145347095893
101.575461352839,-20.1757089234133
101.58322594155,-18.2153213902597
101.589222852013,-19.2698002723561
101.590615489302,-18.3349192657655
101.592561175075,-17.657386231277
101.594522774937,-19.2675544076761
101.599282733394,-18.6626531238426
101.602546207878,-17.6543636930368
101.606098753928,-20.5402098270082
101.6119530044,-20.6006603186143
101.611995757946,-19.8960510559159
101.629216507779,-19.2442108662726
101.635627520843,-19.3657042897168
101.646032617007,-19.3837803978599
101.650091061981,-18.2159007983653
101.650869894902,-19.8937929748474
101.654592193246,-19.4000930546051
101.669686179255,-20.3459905179599
101.674895352754,-20.0111767890869
101.681318617745,-19.2850472977567
101.681336461085,-20.137740087976
101.689448336834,-20.2856305429254
101.69522961554,-19.1268802978426
101.697396123515,-20.5087981288997
101.703919372817,-18.6014485009346
101.7050964291,-19.8094316679101
101.718260737507,-20.1846241555668
101.718648325169,-18.2206685405001
101.726422542987,-20.9435510261735
101.727221508187,-19.6895307731764
101.729690763518,-20.2084041963222
101.73187598272,-19.3601039575266
101.73254230094,-19.9636652683361
101.737221204229,-19.1372133850902
101.738172595229,-19.0992776234633
101.744029531029,-18.3247742018663
101.7475227974,-20.2511222497049
101.759003475817,-17.7642759434002
101.762255143215,-18.0896791121563
101.763751881511,-19.4312656210016
101.766558832425,-18.6336389802334
101.76751966154,-19.1049807866719
101.76842230775,-19.8251144605843
101.775492984524,-20.5510272725868
101.794196021076,-19.3664117367698
101.799417969707,-18.1387223282807
101.801786231357,-18.6904507702575
101.809893815408,-18.9888358364415
101.819893528291,-20.167368386996
101.823844531445,-20.0313248052916
101.841014482288,-19.9828933087007
101.841419789791,-18.3655683934714
101.845125610206,-19.0179371547794
101.853983510939,-18.1354545647089
101.855034533704,-19.1300574156894
101.869443778488,-18.2655062993055
101.885053339552,-19.7466091783352
101.88883248794,-18.7335496246437
101.90029068841,-19.6430868880002
101.915974725927,-18.5070195913114
101.934280075145,-20.5900168521447
101.939176162302,-17.3622810467467
101.942142192581,-19.1866719364436
101.949022976899,-18.3818881526166
101.949239120307,-18.4606091318078
101.956546503611,-19.8702124961582
101.960175891199,-20.2430009334491
101.975402170408,-21.4736027621663
101.981108454357,-20.352443487446
101.982840615325,-19.1648628931925
101.985751377057,-18.1631469740527
101.989798812553,-18.5169175411789
101.996777952112,-18.1323901260942
102.005806823208,-20.7407162542355
102.028403800834,-20.0004904804576
102.030317250654,-19.9322033901326
102.046636833996,-19.8486433007602
102.054559118224,-19.3805649561095
102.059696024654,-19.9489634427314
102.064407344754,-18.8238050680488
102.067895992675,-18.2650746699406
102.069294979202,-19.6259630334611
102.06985523827,-16.6151989427089
102.071374540535,-19.64577724806
102.074785611708,-17.0924349042526
102.079367962245,-20.9329048756063
102.081643966626,-20.2659727955007
102.092899267894,-19.3147795328427
102.095691458955,-18.5966939837811
102.103518295418,-19.0059049857679
102.122059734472,-19.0203627017641
102.137341424747,-20.0165795572161
102.151316292978,-16.7655417555874
102.155240855598,-19.0767092815417
102.157504138249,-19.4859344203291
102.177836989068,-19.3796938982205
102.179940908541,-18.225891231608
102.181056491457,-18.729751458738
102.196879769094,-18.7931908590173
102.202546666961,-17.0270446103828
102.203763329164,-19.2507083293316
102.203885906968,-19.7466075664545
102.209609709128,-18.4762389434505
102.216768868776,-19.4788615304388
102.225486280852,-19.1538004053835
102.242551303817,-18.0534235962924
102.243915686365,-19.3696762081207
102.253865233818,-20.4191057089146
102.257335720624,-20.8562143609569
102.26152345192,-20.635554177408
102.265972008664,-19.9140637718317
102.279075219783,-19.5432488703368
102.28253029786,-21.0327571901128
102.295771125385,-19.1214680134273
102.297522246463,-18.4539161775528
102.308208528425,-20.3129905960534
102.346549300134,-16.4571889306115
102.381339421926,-18.9557941453154
102.381390365034,-21.1701405027877
102.388672486036,-19.2412413357585
102.417770765355,-17.2630091036874
102.438399627617,-18.6219700893496
102.472328026657,-18.2375291094238
102.485943437927,-19.9334559820098
102.492630189068,-20.442146689937
102.507814704084,-18.9592536871938
102.529547873841,-19.8810037083275
102.537982985262,-18.5290138939343
102.54642806145,-18.2785306332446
102.556450171971,-18.2413876405831
102.591792647325,-17.0391114100883
102.603660357116,-17.0563246802062
102.606961923902,-19.7504640757567
102.610434207354,-19.0838909127066
102.643048413179,-18.4313027377565
102.761455782157,-20.3941268183358
102.762633600334,-20.9739587981167
102.841373292574,-19.1567411589915
102.857614015427,-16.008570268326
102.859810872585,-20.0566045870343
102.86697325126,-20.1038582521768
102.947665878022,-18.3364209336601
102.966759526262,-17.9036437645869
102.979957307539,-18.5431061495085
103.018642474562,-20.7339362884047
103.030139031084,-19.9149301616429
103.093609832104,-19.1830982261055
103.170507767127,-19.7263263953912
103.276733406381,-18.0325141544884
103.328535700332,-17.1311165545078
103.809902640067,-21.0905908633555
103.916828155481,-22.7722970405135
103.928506235865,-19.4616401147816
103.931171916715,-20.6662182760689
103.950827533691,-20.6464433330265
104.066447269682,-23.0988611810565
104.145484438782,-23.7685525746467
104.173715461855,-21.0674508457555
104.189305632029,-22.3495673261656
104.221833330838,-22.3796569080563
104.35855652221,-23.3228988661458
104.36774798618,-20.5888869870267
104.405534039483,-21.4579832581151
104.427672966494,-22.6085732740279
104.45671539457,-23.0340812736121
104.51743085009,-22.0323749662338
104.597944621028,-20.7597235212191
104.602211246644,-21.9229481824047
104.616105976845,-22.6399457676811
104.62241433981,-24.0189044137483
104.676645534796,-22.7615890788304
104.682503858663,-22.668529189994
104.742807593935,-23.6895389157336
104.745747166487,-21.2353921344466
104.796389136506,-22.6581382824169
104.805676766651,-22.365290676835
104.815424366337,-21.2294757423241
104.839280452919,-22.022927987808
104.84811839941,-22.1660306918345
104.861476286191,-21.1981893530779
104.908303636453,-22.6271610787306
104.913875858558,-21.176321204372
104.915770925836,-24.2520910107395
104.937465783839,-24.4627469129868
104.942784366331,-21.1552681365224
104.952299370172,-24.5825584771145
104.963821946341,-21.2137263425836
104.982479329323,-21.7770897584548
104.988783530817,-20.8183116833672
104.996085980826,-21.5961301625231
105.009267277938,-23.4391264739452
105.065226521093,-21.0883907807825
105.086595728459,-23.3976487525591
105.108707544148,-21.6458070881389
105.119057840349,-22.4544016692732
105.166061482653,-23.3315376485439
105.167235984796,-22.1248521836685
105.177753855652,-23.2611854752107
105.193247588085,-21.755219479935
105.195109092182,-24.6595550609602
105.21721896042,-21.8060724500065
105.220298038534,-23.810512920816
105.251358689216,-23.1494617445762
105.253772940766,-24.432210909611
105.262151389415,-22.8431842590279
105.267901831516,-21.7755698822217
105.269514431075,-22.8284987507074
105.272730523536,-21.2927247646085
105.285728291383,-23.6030748276734
105.285796575787,-23.7509062631348
105.290393330678,-23.1502196785354
105.294454866325,-21.6296960278143
105.298508460432,-22.5669854311759
105.299620732491,-21.3235817255392
105.303693531228,-22.6240937552499
105.304075846702,-22.7157834865438
105.305143281261,-21.4125882134989
105.306266805666,-22.8724813866681
105.312172220849,-22.84878918059
105.346547245463,-21.646682314103
105.360569845671,-21.8637115446654
105.36419432449,-23.1238788330318
105.366040225944,-23.0427611744287
105.373937768838,-21.2840048060319
105.377359816751,-24.5482832761022
105.383348887714,-24.106052331022
105.389756091247,-23.0693074100026
105.405471107024,-23.7270533065468
105.415190249752,-22.1219662256137
105.419401847527,-22.7513850709918
105.432367115064,-21.1402306900549
105.438154369974,-21.9165836229562
105.447813867153,-23.4545742042337
105.461734338374,-23.1569377472976
105.461813013769,-21.3300563745669
105.464452805042,-22.7563680814551
105.468470171218,-21.8866675177494
105.48046941584,-22.0321248737856
105.492631299303,-23.2160094716001
105.497351859857,-23.1543702872372
105.512596897145,-24.2312792955742
105.51729509909,-23.238168216586
105.517869598904,-23.188229408496
105.5462033372,-22.5610677162228
105.546466555087,-22.7475309078212
105.550127972601,-23.4079019369999
105.55059719354,-22.0101727649822
105.552051746648,-22.9254473541086
105.555810217725,-22.6887188175207
105.557215350465,-22.8351933513352
105.563844268385,-21.6006692281269
105.583559435866,-21.8327520442996
105.58481136347,-23.0198108604702
105.584835728638,-21.5118210365113
105.584897265473,-22.1746245464371
105.585793121555,-22.8410153006971
105.587925352375,-22.0055221671717
105.600029918441,-22.6313560946812
105.60024288129,-24.5802846633361
105.601950743009,-20.9991823080026
105.61390852023,-23.8840241454124
105.618416213936,-24.1699276331878
105.62001979771,-21.3727569357009
105.620333631896,-22.2373798987972
105.633529704551,-23.0801060800679
105.637814452735,-21.6485902129835
105.641044886499,-21.7453184748502
105.6470174668,-22.646118158977
105.64748188588,-22.805855663676
105.654523967269,-22.2581594400325
105.655796146742,-21.6578796847154
105.656265804898,-23.8177453900115
105.657905266899,-22.1233659154529
105.659030845892,-21.6969000416518
105.669080219009,-23.4062455491672
105.671522634989,-22.7265662312356
105.673447490067,-23.8318429140639
105.681170887672,-20.5780382565462
105.682756451238,-20.8912683396822
105.686549240104,-22.1776406667246
105.692201885251,-21.7477103317955
105.698812928339,-21.4184568901951
105.70105856884,-22.8604269487267
105.707227901901,-22.7031207223185
105.710331449836,-23.2467503969077
105.710884923518,-22.2417697146488
105.711155117777,-23.0523383851638
105.73321064119,-21.7737116901421
105.737473420134,-24.3065812488975
105.743407300296,-23.7188419391059
105.74354222377,-24.4210862388059
105.7478220751,-21.5745381479847
105.756900811849,-21.5440192126368
105.768276869758,-22.0318925097257
105.775174620572,-22.4274197225514
105.777940017265,-22.4915927883558
105.779022053968,-23.0612919048161
105.77994513647,-22.3173117817361
105.784273257835,-22.3142999883635
105.785506146667,-22.9019987966536
105.79360205881,-22.1910874566393
105.793916066906,-24.2718552085369
105.79529697298,-21.4180657252788
105.797867578409,-22.5757887162124
105.80185622252,-22.4902095728671
105.807469875966,-21.792615015728
105.814155783685,-21.5245397242143
105.819102796562,-22.2401094260228
105.819616640465,-22.4080116949684
105.825397336428,-22.5364052125314
105.825488914944,-22.8876199520377
105.825872045477,-23.3368909642333
105.828085855756,-20.497886003881
105.841729780044,-21.8751425729325
105.84281145107,-20.8429127270358
105.852917789633,-23.6414617550112
105.856779601539,-21.9946303941122
105.858793356541,-23.2833539500403
105.862171644358,-23.2558122296484
105.8648562181,-21.2701556867917
105.865589197559,-22.3791525131376
105.87053205928,-23.6029895265239
105.875721054859,-21.6213089528932
105.879520826998,-21.1619667345225
105.88555856725,-22.805170546579
105.889864103102,-23.3923622406202
105.89390694374,-23.8433409131616
105.898465206916,-21.8547310653809
105.899738963583,-23.1954172307056
105.905213750782,-21.6047580464537
105.909712035778,-23.4970736822796
105.909956975365,-24.1256207046446
105.910087751383,-22.7141169875352
105.9194599348,-21.2202359881639
105.921429847948,-20.6599744506819
105.924008194677,-21.5628345807142
105.924668965469,-21.5877729148826
105.930621465954,-22.781989957129
105.939568184836,-22.3104837829136
105.943060469357,-22.300305468446
105.951540576638,-23.4284155402186
105.953731959049,-23.7028863266855
105.961855670922,-23.5373302026416
105.962829972083,-22.604158501258
105.965729934994,-23.1820307495611
105.982895088643,-22.8014297113797
105.984820239875,-23.423428724263
105.987841960511,-21.5004934249505
106.001363196857,-24.0378292839195
106.009793590012,-23.8844720011904
106.020261021174,-22.9152967807282
106.02536680396,-21.5737730255637
106.028328329677,-23.5162460455235
106.03052645609,-22.8421381798977
106.031428641691,-23.4265810472908
106.036428509594,-23.6258123340724
106.04713849613,-19.687351406669
106.051286838624,-21.0042492033208
106.051822051445,-21.9264127435574
106.052125669085,-23.8587440636783
106.054079699943,-22.8369070849482
106.05858160502,-23.8174467624472
106.059340038179,-21.5868702767559
106.061309010115,-24.3410786386354
106.066011922334,-20.8980518380634
106.068559033743,-23.563539433544
106.070284554887,-23.3120565314259
106.074679169424,-22.4038339541202
106.076847959576,-22.8935412302281
106.080583913558,-21.8594343855577
106.085572188567,-21.9091070511215
106.090585350874,-21.6966246385346
106.103150935692,-22.5440744361103
106.103413177825,-23.0291597719176
106.108301656178,-24.5879480280348
106.110150119835,-22.8369773899758
106.111121135685,-23.0473970524222
106.117504051116,-23.0277078922704
106.117609622205,-22.6841103430642
106.117782817491,-24.8746104826009
106.118773304267,-21.3254215208416
106.124397631169,-23.042129167345
106.127904020929,-21.6030822722553
106.129079239162,-22.3049640183097
106.131494035989,-23.2415766331997
106.13446069512,-22.0926604482372
106.137224783153,-23.664971659287
106.140703715639,-20.9110936608725
106.149311762469,-22.6761210070675
106.15177323522,-23.8236629179916
106.153726783891,-23.5889971152542
106.160438510739,-21.8144072973872
106.163986315716,-21.5583954435583
106.165868869203,-22.8469840552205
106.166587906709,-21.2656210895133
106.169882621216,-22.3842989538916
106.170812945695,-24.425023309777
106.172044649305,-24.6632942714204
106.174049217842,-21.2614492424558
106.17584511248,-22.420992602063
106.179510093789,-23.4495357077893
106.180081237025,-21.0870747813241
106.183531012367,-21.26297202798
106.18652198586,-20.7194876196709
106.1960406671,-22.5627464790806
106.198525204232,-22.16025207001
106.199288192454,-20.2904042386975
106.200607005016,-23.6678668498137
106.201589078261,-22.0072399435896
106.202972000325,-21.6348019238025
106.205990357956,-23.1707223372192
106.206548767249,-23.68885268988
106.206739932774,-21.8130361132779
106.213908655655,-24.4455363183364
106.218662631089,-21.9638563058341
106.21971461549,-22.3696411014892
106.222289377871,-21.8785397366109
106.222857739999,-22.7414231221393
106.223069698078,-22.731865439414
106.224711194551,-21.2747586000313
106.226043723101,-21.4111903593688
106.245258128108,-23.4251505121037
106.249999571591,-22.8386057189497
106.250151149939,-22.8988995067868
106.251488079613,-21.8614798612509
106.252356130898,-22.3328945486677
106.252567430817,-20.7007214462528
106.257104666009,-22.9603152178832
106.265033262798,-23.4436052262651
106.268101798758,-23.8934634299101
106.268243678176,-23.4579638693715
106.272830340152,-23.7000002377184
106.273496064194,-23.312692280268
106.273579402088,-22.3587839582091
106.273744070967,-20.7737935006775
106.276190912725,-21.9173437494043
106.276725171615,-22.1480392139767
106.279497073056,-21.6996167852509
106.283417017662,-22.6582947395529
106.284856932703,-22.1237228503172
106.284932558919,-25.2416818512523
106.285389668202,-23.2529142107551
106.285714574039,-23.0330746623562
106.287509162711,-22.9742213295373
106.297270578665,-20.7011566481579
106.297400850608,-22.4289524030302
106.298379581809,-21.987544217566
106.299824452099,-20.686894931556
106.302713991107,-20.8808485163605
106.30785006077,-21.3346688253606
106.31080790126,-22.8746535281028
106.31164397673,-22.4969752285083
106.313232239741,-22.6629510950548
106.316965552309,-23.3934603984377
106.318057832609,-21.6696411013864
106.318451062481,-24.4563128044418
106.319509497182,-21.7453258148949
106.320004497718,-23.1246922020182
106.320215473505,-21.2688897577868
106.325974919429,-21.4982789817274
106.330552892938,-23.0292934765081
106.341814744449,-22.4161573106702
106.344311680082,-23.6141934962823
106.345719933934,-23.1985855545734
106.347230260088,-22.6416134074597
106.348046593323,-21.6097730193662
106.35084460633,-21.0351344811863
106.353279688997,-21.914539589408
106.358162457808,-22.1756757088834
106.359368332039,-23.0299846342478
106.361136567629,-23.0532722793827
106.362018096627,-24.360906530642
106.366654406569,-21.5704778299805
106.368880235089,-23.6283742918735
106.370779794716,-22.6256780240423
106.388814751477,-24.6030961636158
106.394334846908,-22.4618448143394
106.398099271469,-21.8955564988408
106.398716678711,-23.7315954548959
106.398987347202,-21.8075606059376
106.403059574769,-23.6934035137992
106.403293054264,-22.3862748305004
106.40359242104,-22.5956702717105
106.409556899907,-20.8548379446374
106.411623925248,-23.0705192096248
106.416694323981,-23.1272145524765
106.416833601362,-21.5382615788237
106.417013053046,-23.105568512923
106.420483289725,-22.1274908773622
106.421556686283,-22.9695615393545
106.423135382984,-21.8640896481976
106.426836350402,-22.1316599900617
106.427932157158,-21.4933045420199
106.428024525436,-22.9923783124264
106.433287318706,-21.2777354795435
106.433688030741,-23.8834996071176
106.440502898886,-22.8863168916952
106.441977912216,-23.2745097610257
106.443545492716,-23.5028461574156
106.446566942026,-21.0427799457488
106.453516227474,-20.3481710723396
106.460097485662,-22.9152548501412
106.460429936584,-23.4807109971208
106.46161413474,-22.7041030732395
106.463290381254,-21.117078346937
106.469386017557,-22.8121492849658
106.46943812209,-22.2347539465664
106.469589300766,-22.6581223757081
106.472035140828,-21.984529177708
106.473709860054,-23.2390804094592
106.474408867923,-22.5265423955223
106.475421906577,-21.4973135788307
106.477043589688,-22.7400222523458
106.480100130034,-24.5336584488856
106.483544655895,-23.7254966068858
106.483919520933,-22.9656047616559
106.484018109629,-22.3291215519951
106.487119243321,-22.2935634401821
106.489174337667,-23.2212028703523
106.493935786841,-23.5155077199783
106.495355980049,-23.3596260806969
106.496996600239,-21.7128242923775
106.498457205119,-22.0846783603086
106.498681201752,-23.1258252059963
106.499634573427,-22.0526562789394
106.504944930177,-22.4968871709159
106.507143942136,-23.6564997639799
106.507173680792,-22.0679367187899
106.514393026602,-23.8630997345166
106.517439955267,-22.4278614980649
106.520529657803,-22.7225744397656
106.522756368407,-23.2862113859696
106.524563375021,-22.9175018004464
106.531840601128,-22.4955041339691
106.533509640103,-22.0509089671967
106.535569428209,-24.5899196055768
106.537261215347,-21.8937125122915
106.542218486651,-21.8615815636919
106.549006157467,-21.8206134926325
106.551842207619,-22.7790128564632
106.555109504698,-21.6430405752093
106.560662144072,-22.4569298789162
106.562447719287,-23.4411007917097
106.571430160568,-22.9006312200755
106.572649807633,-22.6545762000686
106.57330251192,-20.4958588670483
106.573806752535,-22.4851564679632
106.574673932861,-21.1503459423714
106.577872196079,-23.324116783578
106.579262788784,-20.9769700926558
106.580959383039,-22.2402324710099
106.583329698951,-22.7604024314849
106.587045783395,-21.7699257881924
106.589814054427,-23.1166180095838
106.593217246726,-22.872321989265
106.595395919598,-21.7164610287024
106.596921361932,-22.0363393586782
106.599180981119,-22.8301496438618
106.604571325532,-23.7388511159152
106.609554210173,-22.6794134523051
106.610190752238,-24.6445775541627
106.611070363546,-23.4884898120528
106.614440676075,-22.8009701910961
106.616527793978,-23.1687500073013
106.621377585722,-20.8584174845415
106.622753540946,-21.9295848356193
106.623407263987,-21.8235653711693
106.626594663739,-22.0344578306016
106.627630633864,-21.9477956543236
106.633590236655,-22.5406187795394
106.637048217313,-23.6450572284577
106.637669451149,-21.5260177751376
106.640124237646,-21.9680405768807
106.641470208003,-24.3103469777174
106.642436356574,-22.138142779659
106.644265272603,-22.414689915357
106.644379161473,-22.6800119854405
106.646954721145,-21.527585485791
106.648133967168,-22.8434296569852
106.652173260786,-22.3468159425268
106.655152416162,-22.5787324473093
106.656815852258,-24.091265622817
106.657373588672,-22.4338225251801
106.65809708914,-23.0660994726647
106.658691812539,-23.3782839248526
106.658911913099,-22.599523496224
106.659599579959,-22.4705977231116
106.661417919843,-22.9854054574493
106.665873741991,-22.3581283646802
106.666836117775,-21.6526294347314
106.668717539796,-22.3984595532402
106.670861575495,-22.1738258418698
106.672345644918,-22.0194891820534
106.673690124038,-22.2305747008171
106.677308919345,-23.5101373908784
106.685076823211,-24.275547847151
106.68572732784,-21.7928638346618
106.694426779726,-23.2155020270409
106.696807387749,-23.0392781972436
106.700826885939,-20.7949089791727
106.703652491431,-22.9618622702093
106.703673658477,-23.1012454215304
106.716489360712,-24.0709332528214
106.723365412118,-23.1191992431529
106.723368057296,-22.0284384180344
106.72402756437,-23.4649298800801
106.725464569711,-25.4246087190239
106.726524718987,-23.1367188534497
106.729024579412,-22.844668986834
106.729139523518,-21.942377150946
106.731707970513,-22.7121826724458
106.736412613408,-21.8874010239252
106.737795243775,-23.9490171389305
106.742888610548,-22.2981932786697
106.744697583071,-21.3147979633237
106.753700103661,-22.8567755677438
106.755975192885,-22.5224267894108
106.758596685961,-23.1436471973817
106.761584038616,-21.2709371571281
106.764503246511,-21.8286867842649
106.765320472438,-21.6517337646882
106.768983282235,-24.4421858935317
106.770283062419,-21.873147287178
106.771762792592,-22.3397335433302
106.775147778257,-21.8327606723326
106.775744443104,-23.5692404564238
106.776844693552,-23.4121392941272
106.777155852742,-23.0836020406804
106.778497802491,-22.3660001162679
106.779009063265,-23.4392245243816
106.779229069011,-23.6914674117119
106.781463798816,-23.6174269876277
106.785282983665,-22.1434186764361
106.785551559515,-21.6812378884521
106.785565304174,-21.9667512479856
106.787885185014,-22.8821224765691
106.788897892361,-23.4312520076803
106.792851322514,-22.2994659376669
106.793668096469,-23.2024076698435
106.797170950491,-23.9185613249444
106.798870616408,-22.626975381283
106.798879349574,-23.2189260658911
106.803569605001,-22.5296701956293
106.806937519013,-22.5630090432853
106.808311697164,-22.1267674635566
106.809946362059,-20.851032244087
106.820113263097,-22.7241326243863
106.820341950496,-24.8874947662329
106.820423303169,-21.322895851717
106.82790145451,-21.1802343639934
106.831696788939,-21.7567212707196
106.834027711093,-22.6157097398647
106.837527632119,-22.1934683018218
106.838185174291,-23.65661264141
106.839166638562,-22.627897363954
106.843829238282,-23.0937606515834
106.845820232944,-21.4240695402211
106.846406564044,-23.3951711977211
106.855156664383,-22.3925947066903
106.856393977585,-22.5855223187646
106.856564515069,-20.1360062061351
106.856841568038,-23.287180079096
106.859327814106,-22.3910394984989
106.862655313214,-23.6954776824239
106.864602144043,-22.2977159123141
106.867773929965,-21.9291725163919
106.868883105839,-23.2015583165585
106.870200491954,-22.1416580695718
106.875357070165,-23.5430921330175
106.87717575964,-22.5576126683075
106.878699862523,-20.7272349067563
106.879341401879,-23.6515269570344
106.879711377744,-22.6104237092398
106.881926481706,-22.9020466448202
106.884158001033,-21.882722523684
106.884902523738,-22.1272407157633
106.888761752172,-23.5437231802052
106.890497385544,-21.6033354736616
106.892914634103,-21.8180573359675
106.895669684523,-23.0582310827026
106.903373531879,-23.008747443357
106.904521371438,-21.4395652545613
106.905739411913,-23.9423800447415
106.907525580776,-23.578814582974
106.907857772152,-21.533946733665
106.910166500835,-22.2582299278003
106.910445781738,-23.1329453866636
106.911832181161,-22.8827647836618
106.913827298663,-22.4387752111356
106.917015746408,-21.9550808627382
106.918263958473,-21.050331958327
106.928645188477,-21.9501278723839
106.928787555028,-23.9570482822486
106.92909276841,-25.1241223997338
106.933570454547,-22.916815324073
106.933993098874,-22.8716335827481
106.934718684543,-23.6905639344753
106.938987000736,-21.4816077726648
106.939500812151,-23.2661828750222
106.940302909072,-24.5673824100837
106.9479653274,-22.1547076886187
106.949666369696,-22.0907043936593
106.9521274084,-22.6882733720732
106.960110373097,-22.6344836702422
106.962817816306,-22.1299822524899
106.967496292116,-20.8249571211801
106.969340714092,-21.4071593999758
106.969937852737,-23.5885619638203
106.970361956966,-23.7641446731258
106.971467602429,-21.6454835355583
106.975058884837,-22.4773188436172
106.976297916772,-24.4942758510497
106.976447546506,-22.1118696980522
106.977705498232,-23.0588589166233
106.980841163361,-23.2833787723207
106.991327567913,-24.5073808017436
106.996904702902,-21.4794396165911
107.002408162211,-22.9912279380681
107.007876763987,-22.5017765284249
107.012187522229,-20.6825993520805
107.017946701223,-22.9228701465273
107.025955532704,-21.1482803211065
107.028247459023,-23.6155953063365
107.030030491299,-23.1741313683957
107.030555371,-22.5234193025956
107.030587832425,-22.1326960047615
107.03077862454,-23.1872195745565
107.032246974377,-22.4345999410092
107.036015663753,-21.0791178800827
107.041034787235,-24.0566133803826
107.041112171376,-23.192321303952
107.042545635802,-22.6218579162654
107.042852313518,-23.5313140963171
107.043119260541,-22.9784665014584
107.051081658883,-21.6954649224993
107.052721646234,-23.9541150826187
107.054012907088,-21.1958959731449
107.05719335322,-23.9227655463127
107.057477367744,-20.7135099618275
107.060732549553,-22.8272979402987
107.060891091391,-22.340202537413
107.062203583252,-22.9822729145614
107.063700656099,-21.1259215241092
107.064066132058,-23.1231863239332
107.065249163943,-18.9812398383899
107.065649516381,-23.9966863430109
107.069319141857,-23.6745080698498
107.077166124831,-22.6675769294154
107.077615335026,-24.5206821036423
107.078672193932,-23.444875446484
107.07941810233,-22.0493998499236
107.083466279331,-22.1378425453921
107.088001955738,-22.1295113842182
107.090289297258,-20.8927350672479
107.09131160395,-20.044962986036
107.095700135595,-21.7646807468448
107.097018193684,-22.8908458670946
107.097449141124,-21.8562955268739
107.098590877664,-22.3837065436374
107.100003550864,-22.9954509161038
107.106148530751,-22.6431614703591
107.109015155874,-21.0877604529522
107.117859376669,-19.8652277541641
107.119214350829,-24.0818512793538
107.119506025157,-23.5559225331449
107.126779292666,-23.0359498463168
107.134784180437,-22.7295105846306
107.135506307711,-23.6841399490459
107.13987954893,-23.0222372709124
107.140128592489,-21.9989320958581
107.140549642588,-21.6945438259469
107.145050705802,-21.5838079727626
107.145749840814,-22.8558078225998
107.149822150998,-23.6171479973972
107.15190812007,-23.0032795801859
107.15321132152,-23.3938558401777
107.161737659766,-22.3102174337197
107.162404504217,-22.8789378695802
107.162473478449,-22.0655545057245
107.171180250844,-22.2504756973315
107.17577852223,-21.8472171963565
107.179724916583,-20.3083765512602
107.180289999488,-22.6382056137544
107.182145100279,-23.0378293810847
107.184957272955,-21.602799081771
107.188917592504,-24.8724691524803
107.189518100231,-21.0526907725763
107.19579405771,-23.1393384960103
107.200230383099,-21.4800065323822
107.203090335055,-23.3660583385643
107.207534969847,-23.9224012390371
107.209167419701,-22.5137171304409
107.210476985198,-21.4448120143865
107.212146409232,-20.9936546519286
107.214515028706,-22.4811449185426
107.220068227911,-22.3653803448783
107.220549378499,-23.2089943341807
107.22180149016,-24.3923175398362
107.223247793348,-23.1973176247075
107.224550183761,-21.2381874809155
107.226165763806,-22.2512906160003
107.226577134256,-23.5851239789606
107.226744039219,-22.7845371351861
107.230782768666,-20.9894175240626
107.232854700143,-22.808202127568
107.233791255637,-24.4329738623118
107.241608581233,-21.7043589027201
107.243402164246,-21.7091063704368
107.250154774499,-24.8507914750065
107.262600923767,-22.2164160267578
107.273658479119,-24.2446053955462
107.275364697592,-22.345553456443
107.27649919166,-23.2041556642445
107.276856662946,-23.2389007951044
107.27855569267,-25.2424030664081
107.279144443031,-22.7948251860295
107.279866968447,-24.2187619281691
107.280679908862,-22.3080160283244
107.285487559448,-21.8144123750277
107.286170194899,-21.720301926805
107.287013859305,-23.2333375664098
107.288604879008,-22.0189468024325
107.289931128784,-21.9974478761143
107.290693261318,-22.0335498280517
107.292646910948,-22.6700205641218
107.292941710695,-21.7268868508632
107.298716944762,-23.5325922758513
107.299657729501,-23.0256554112071
107.305312679878,-22.8119937651138
107.30735766151,-23.3032766098278
107.314049071936,-23.3925145670026
107.314685602691,-23.1001436026083
107.315862398992,-20.4967281049468
107.316853868836,-20.6864120557187
107.316996016887,-22.3826903869392
107.323093607618,-22.6352387818978
107.326623648339,-23.4546633948931
107.329966113875,-22.4821648517112
107.330264934784,-23.4621038347665
107.330835689855,-22.8778555770023
107.335633997291,-22.1566559129568
107.335855325901,-22.9997510203404
107.336685168748,-22.9511909743054
107.338400123574,-23.1655703288079
107.341964687974,-20.4210551118672
107.343100179901,-22.1228368307111
107.345105193525,-22.5671920625693
107.350826076661,-20.7640322694229
107.351788195109,-22.5278049306321
107.352790690231,-22.0207561260995
107.361228882966,-21.7018340545717
107.361348182314,-22.2176865142477
107.366305433606,-21.5259592637411
107.372768635573,-22.1289820598446
107.374830104545,-23.1639823258709
107.375260775603,-23.8322443146956
107.381285257389,-22.3091182623919
107.385420729769,-24.9396519215208
107.385806725363,-22.9825386803397
107.387877101589,-21.3181490327242
107.391035373283,-23.7822052961172
107.397448381078,-22.3290035312847
107.398247151341,-22.3981375173667
107.39842649279,-21.4310498480214
107.398452770996,-23.3901753622409
107.407371119498,-19.7443820260718
107.407947206418,-24.3051867882722
107.408547436056,-21.7333315920171
107.413385787686,-22.2249634524351
107.421931951757,-23.1759414615314
107.422741425243,-23.1285403607356
107.42722950249,-23.6756575271003
107.430183131007,-23.3208487186644
107.435337613678,-22.3030278439741
107.438396161235,-22.9920652213878
107.448445267696,-22.5234339668639
107.455498075796,-23.7377683321231
107.456045854036,-22.5091085126598
107.457584401927,-21.4045750565372
107.461150254315,-21.5770819645153
107.463390819154,-22.8890362671624
107.468903509431,-22.8496612977067
107.47544130002,-23.415990088242
107.475523968817,-21.0806402951888
107.477884038166,-24.160987256881
107.478639198935,-21.8971189513178
107.479824819109,-21.9653242119652
107.48123723233,-22.5031148572976
107.481346953297,-23.38583651767
107.481582644046,-23.2645767134931
107.484145814768,-22.826617891374
107.487278196054,-23.2365826361683
107.487301537236,-22.6957889757035
107.489131678921,-23.1332992059862
107.491817362253,-22.2524954322301
107.493849297286,-23.0641889695719
107.495669222823,-23.6307736815153
107.496570354057,-21.3640570401515
107.501234892047,-22.7400859450246
107.501582908455,-22.563237651422
107.502192511895,-23.5839066335807
107.50313930432,-20.7625472029333
107.504996997636,-22.0983586155822
107.508259688588,-22.6552590742547
107.509589245395,-22.6489584357893
107.510854952675,-23.2498356964463
107.518408951613,-21.2976767786107
107.519773076624,-23.4896389249263
107.520139953268,-22.6467810068947
107.521085445524,-22.9358968705293
107.521442316609,-22.4626317629271
107.523463783499,-22.5116248955133
107.530587909363,-24.4401743478568
107.536316024472,-22.093954481471
107.536925927802,-23.1632449613584
107.538414078196,-22.2586925654211
107.543598812461,-24.4835497904491
107.546441274473,-22.8499220642554
107.550163243514,-21.2025413895525
107.555484451835,-22.7821154701354
107.557129390916,-23.5947480680715
107.559720393852,-23.2962971452365
107.561434199817,-23.5682842907182
107.562949866436,-23.0325681403655
107.566718701324,-22.4739578018202
107.571049580348,-23.0489416195801
107.575105942717,-22.3108170571203
107.577198273256,-22.003353715826
107.578836917021,-23.5311896905672
107.582677846399,-23.6854178632463
107.583127639713,-21.9145664881926
107.585485468056,-22.2443287088023
107.585985582913,-22.8280362071634
107.5908236588,-21.9950748939056
107.59308792769,-21.9108720221743
107.594211643547,-23.5383428812099
107.59536604378,-22.34743048995
107.602196779963,-22.6704439396433
107.606180992126,-22.38887619492
107.607897576612,-22.9360187342189
107.608090529963,-22.1328770420144
107.612473082842,-23.7440475249533
107.621475995379,-22.702588243678
107.644762427288,-24.6341281533412
107.644847719302,-21.9601226646342
107.648654429803,-21.4569394097718
107.648982314852,-20.9141998463882
107.649087395657,-21.879001630576
107.649488588676,-24.5329724151765
107.656516264734,-22.9263517175879
107.657733472396,-22.0748514927002
107.660749882612,-22.3097567060966
107.662135368898,-23.3532620146337
107.662704237069,-24.6636242979213
107.665059188682,-22.4832025438056
107.674775884131,-21.2552854983251
107.677704335861,-23.5539335712807
107.680131300763,-22.6303184724781
107.681216272852,-20.8431511500085
107.681447213683,-23.7183019730946
107.683671825343,-22.3805010543174
107.688558954197,-21.1367570791973
107.689423270868,-20.9042575664941
107.697411648089,-24.2896781650786
107.704111781545,-23.1381817858549
107.705388182598,-21.9785496906884
107.707647059928,-22.0077273686339
107.708906582673,-21.5668628581954
107.710654458707,-22.3224638067819
107.720514126543,-22.5051644259883
107.721091111267,-22.7487107370645
107.726631417116,-22.7628496325277
107.727884483995,-22.7047049647737
107.73030357038,-21.4765464288379
107.735964991581,-22.4456785879546
107.737929072865,-22.4673401681612
107.743600554996,-23.2564194637299
107.749368817655,-24.3600715186914
107.749822050162,-22.298632357755
107.752424967816,-23.3983030641456
107.752807027034,-24.7741567377454
107.756320884349,-21.2984666339082
107.762179279765,-23.9616169184289
107.765480868606,-22.3357212497259
107.773056255099,-22.9058430568806
107.773906959148,-22.6685017321816
107.784211378263,-23.2998658823119
107.784828681796,-22.3399761764371
107.785480100346,-23.8439256383252
107.791951382766,-22.2621142356127
107.795382559557,-21.824360352361
107.796633946103,-23.8286664752774
107.797596151144,-21.7960515473068
107.800933628258,-21.9126235445373
107.804868196353,-22.0944187158531
107.812378862278,-21.726301354104
107.815417809915,-20.6481836596406
107.819932987928,-23.2003049445977
107.822938358676,-22.7351812756299
107.823053878801,-23.3812158837128
107.830096790746,-22.3603471640425
107.831388350843,-22.9910130939079
107.83784843917,-23.6986859540576
107.838760986741,-22.0009699190199
107.853509907731,-23.5913174241258
107.85472548974,-22.7082848857421
107.85771420438,-22.9983426050872
107.858816464322,-23.2388291149743
107.863463478879,-22.1939529211828
107.863864074786,-23.0571796678385
107.864378585372,-22.299618588427
107.867374796857,-23.1818320807705
107.86755917515,-23.1596969960343
107.869674365626,-22.5022264496727
107.878720885388,-25.3141636333612
107.880527609923,-22.8193295085246
107.885245420374,-21.506971651717
107.899987168177,-22.9924546161619
107.901519126439,-20.2584251115165
107.902553677521,-20.5162477816988
107.908192392798,-23.0238276051008
107.911075796801,-20.0061054607773
107.915097327438,-24.0034340741997
107.917813823024,-23.0762171244826
107.923595764628,-22.3400251082681
107.923745121727,-22.8069404554624
107.924111288802,-21.3648543017957
107.93224016248,-22.3031177146903
107.933990692941,-23.5650467242737
107.939403336849,-21.8612265879275
107.949181143293,-21.4410338930529
107.961764463579,-22.6257035216205
107.964472625241,-20.8771228987628
107.978074434146,-22.7608211226159
107.97922703237,-22.8458526420391
107.981773276043,-23.0396862030781
107.982929924345,-22.3770849398039
107.986883855948,-23.0446627086089
107.990041948153,-21.4002408201171
107.990927724857,-22.7044767712279
107.99924680765,-22.7214587023986
108.004291690533,-23.4209539283355
108.010172300104,-21.8517084978017
108.021418637463,-22.3807756084056
108.030074019552,-22.2263021464999
108.044222165096,-20.4405950096442
108.050944273505,-22.3394645613409
108.052026467253,-22.3480987511249
108.054162678151,-22.1908470895408
108.05605874477,-23.0998795835914
108.060150299681,-22.6872546423383
108.079056579101,-23.2366829922772
108.081518421653,-21.7094024206301
108.088370090194,-24.0229010222871
108.089541827834,-21.1244490964875
108.103421536614,-22.653063058393
108.139679053674,-21.3128811978994
108.156579134055,-23.6168585531824
108.157807825231,-24.6743920730469
108.159768486601,-22.5393148198881
108.165518426886,-22.8034506300621
108.174685550097,-22.6642957671316
108.184217769054,-22.1583693504677
108.186823798281,-21.5491350807443
108.18916487116,-24.3235933348837
108.191521635442,-23.5019366491121
108.194537844224,-22.1832595006134
108.198754573857,-21.8069946015631
108.214998284145,-20.2906655939237
108.216961814518,-22.4522252091066
108.218598874885,-20.4890449050372
108.221822571244,-22.7010864189968
108.25840848619,-21.0656129712545
108.26961760276,-22.1044335224044
108.280196912319,-23.3900309100992
108.303007696341,-24.3699966347004
108.310272170066,-23.1119006077781
108.312222927985,-23.31860804553
108.319622200964,-23.0084161329478
108.319910143392,-21.0047473774197
108.330765056807,-23.3361249655804
108.362974077684,-21.9513077544555
108.383445788,-21.5103104812594
108.384241392827,-21.3809917027396
108.399196191163,-22.9494267074583
108.425304150552,-20.8985416894907
108.425379913079,-24.0125944397074
108.436736967672,-23.2377494530229
108.443776590869,-22.1354955479406
108.445890076421,-24.0339316222498
108.468952808513,-24.3064756600304
108.471862966307,-23.3610334901172
108.476392573909,-21.6442826409994
108.47703534127,-21.0789503034151
108.488447754265,-22.4123641022506
108.492050888184,-24.4647521479046
108.50585976717,-23.5740390956717
108.517374540442,-22.1154513526025
108.519898097415,-22.4979869012111
108.530634870581,-22.3956297084132
108.566553358596,-21.4752488174723
108.574711864598,-22.9547811059373
108.582303243198,-23.12834406584
108.582468937884,-21.5714355333171
108.583913079731,-23.9279662843444
108.595834856672,-22.9026541043819
108.597491127548,-21.3906986736094
108.604389111172,-23.2897735719856
108.61299374193,-22.1085445825811
108.614881384738,-23.7066729281589
108.62777140567,-22.8413662796719
108.634004310667,-21.9296774822104
108.637902975475,-23.4130348696286
108.655318237548,-22.6038005544624
108.664378974041,-23.2132682912274
108.67723803205,-22.2590982851161
108.68409543245,-23.0640240181635
108.693500866988,-21.9644302977491
108.703420729326,-24.2104526190124
108.717360874204,-20.4572091875193
108.722747115463,-24.2161458776143
108.728972520811,-23.6496410405395
108.746464806485,-23.0338016118254
108.777806891042,-23.0581194540431
108.817790635104,-23.6601808634189
108.825571962967,-23.0096843730114
108.828927341591,-23.5054579435906
108.871144534832,-22.2491798664666
108.885271628993,-22.9391377501092
108.896668922454,-21.9128748472124
108.914107319195,-22.0859963556363
108.92284042923,-22.0514697389779
108.939369437007,-22.7260838344117
108.957663662363,-23.2938175972083
108.985241753758,-22.2688879128609
108.994496329182,-22.424279600126
109.004684676414,-23.6752085998576
109.005448441485,-22.550708494128
109.070075203184,-20.7710572167169
109.184486548387,-21.0667489926419
109.206339402342,-23.3214797313204
109.231508783084,-22.7523667661042
109.368528618209,-22.0995231205329
109.369306405259,-22.1959069226558
109.373819999843,-21.1556107796261
109.380993344008,-23.0811005109842
109.676993078241,-23.2425761312374
109.681667913063,-21.7747470933197
109.829995901043,-23.0872548016357
109.840523763196,-22.6929329531729
109.906894790139,-24.9158414231235
11.0210291764027,12.7196380311682
11.0237041612128,12.1107330372116
11.0291521880355,11.6905039277451
11.0303928590576,11.994087022496
11.035595277402,13.0682083789425
11.0398639347465,11.2227213764393
11.0400881386856,12.9776184490406
11.0457100394682,11.8716863897968
11.0484125614492,12.960056789413
11.0541218710554,12.4626061550938
11.0544085258387,12.125542533399
11.0663795099503,11.49766063556
11.0733433062523,11.7357063025821
11.0803756366792,11.8545639961919
11.0824126764332,12.1101500931135
11.0920575397353,11.1388681754616
11.0924059719216,11.8343594112797
11.0931667114144,11.6782890234504
11.0969919157351,11.8752977835047
11.104088571285,12.0822260598988
11.1068550124192,9.94468231595126
11.1068871518923,11.8641110956658
11.1134316643366,12.4595104640071
11.1179572666781,11.884530270481
11.1180303217093,10.8080462981155
11.1241981764612,12.6485220721137
11.1253492205779,12.8806425426511
11.1254890845533,14.2845740647089
11.1442181619224,12.352475922607
11.1446502146814,12.7378234510354
11.1520499625449,11.8106299851535
11.1524470637404,11.6487951679437
11.1526443353906,11.0720505204668
11.1547862389977,9.95204830935116
11.1548979873905,12.8844284836284
11.1554581131756,12.5012095567863
11.1556548189882,12.1835142543421
11.1722108531994,13.4610676578342
11.1798751256266,12.0535749866991
11.1819548966457,10.37270799963
11.1915778763228,12.0175760872058
11.2209576146433,15.1249417721539
11.2232641961673,11.3262758608844
11.224072705132,11.7215684065365
11.2390400843919,11.1945340188592
11.2556211456034,14.2503030376695
11.2626721949436,12.847886746669
11.266432130457,12.5470774273535
11.2682330130149,12.9248471598055
11.275162144332,13.3117278228465
11.3039514721635,10.0206368238752
11.3078953278859,12.904135641311
11.3088298988085,10.9225905458159
11.310738916008,12.5288277564534
11.3302144096728,12.8973486553947
11.3310679831669,11.3848523747045
11.3336821382649,12.1849389093088
11.3388342591117,10.7864621766089
11.339081281825,11.4663974675191
11.3416319732039,12.5259973373998
11.3432013491562,12.3646170963635
11.3467668236096,11.5786082488199
11.3512055869536,11.7388686489867
11.3520469204649,10.2102405697599
11.359972957462,10.5678289124506
11.3624246514041,10.6777351548505
11.3640478004865,12.275704370126
11.3645278414759,12.3515099191176
11.366897309308,12.4778072517299
11.3702767323371,12.3692758328965
11.3710960440388,11.4871413452536
11.3777672171704,11.5940156898424
11.3804231537271,12.1437382594735
11.3880815772837,14.6682831315622
11.401238905337,11.1729562217655
11.4018636158295,12.0845360391744
11.4070348577217,10.0279346508519
11.4075122476275,12.4220404457168
11.4105238875687,11.9921453563983
11.4149124781006,12.4581660334943
11.4272729703699,13.428969152146
11.4436948763384,11.5170978280318
11.452555538614,11.1203520891362
11.4605572998528,11.7083276208203
11.4662394228077,11.6157768646062
11.4758029350235,11.7966963406542
11.4758903192882,10.8411720368917
11.4777136921452,12.9086716051791
11.4779717373836,12.7817523148356
11.4856749674739,13.9290151752784
11.4965094020334,12.2065918874041
11.4976292369609,12.6627903340023
11.5054468008586,11.8406614638044
11.5097876873943,10.1303305221914
11.5192259950196,11.2908649832077
11.5313771186768,12.2699508542032
11.5375458676558,12.0457830986282
11.5389639216465,13.0577111371562
11.5400493723309,10.5438684251382
11.541270221122,12.2045129414475
11.5568050848773,12.0477716182123
11.5580104469364,9.07912204443274
11.5643258041018,11.353953305434
11.571067873384,11.2554860765882
11.5711954877354,9.77091441776783
11.5716281239224,13.216773255498
11.572980276624,10.0619200491582
11.5769700898004,13.7150600068972
11.5811421479786,12.3379004542317
11.5888734334544,14.1320377132285
11.5894129244508,12.2695663566841
11.5928587395758,11.9345525202511
11.5990402499215,11.8058192965809
11.6024130650539,11.8007227422307
11.6032524469743,11.5361711858735
11.6070859453975,12.2454121132279
11.6116054533809,12.1399071064112
11.6145662666744,14.9059247162316
11.6158914006053,11.123977594167
11.6177088536825,11.2182325035943
11.6300514220842,13.054268760322
11.6313761924513,12.2033486135022
11.6357731315162,11.9220257447083
11.6357755662164,11.1985439532425
11.6374107598356,12.4134584676048
11.6385424875296,11.4115292079277
11.6394926499286,11.0497041995594
11.6406136477565,11.0047415313463
11.6415275579795,11.7452171871706
11.6430474628035,13.2951852652761
11.6503891131459,13.2198405159034
11.6526461316657,12.3407815596937
11.6570987562542,12.0350368302687
11.6603989702208,13.7038635836041
11.6671891888178,9.83495608689483
11.6682522907365,11.7025797945017
11.6705196526788,12.5347862951542
11.6727863694726,11.8736814911662
11.674794233495,10.9950748906898
11.6798388137154,11.4321729772753
11.6810692273695,13.760096174346
11.6815389781606,11.3888156967493
11.6836117076285,13.8672161394065
11.6840961521091,12.8621955330537
11.6887793129191,11.5212858758119
11.6922769151605,12.4535658013362
11.7035520626766,12.0225579102268
11.7039761738072,11.4206924016895
11.7058510057648,11.8946224042934
11.7123898751598,12.8948335389345
11.71276974068,12.0196927098682
11.714039855853,12.637044841691
11.7218285849384,9.54070150472895
11.7226204636613,13.0056334536707
11.7295981013318,12.9748621128913
11.7317267787885,12.2566855172347
11.7395977008198,12.7406251127869
11.7499205368555,12.4309113057326
11.7576631995472,11.6318541797833
11.769109752087,9.61441231012777
11.7714882579086,12.1293117436388
11.777141259399,12.5786977652218
11.7805685767966,13.119025568508
11.7841374769859,12.1107518699956
11.7869143061615,12.2426825436521
11.7907478113466,12.7230725454014
11.792714897066,12.0613315323504
11.7936445509971,11.755115381321
11.7973035297462,11.0566174674197
11.8009457948616,11.3848046142367
11.8029690055709,10.0090894137216
11.8029720947631,12.8185128373035
11.8045822049375,11.5647764638065
11.8111798637167,12.9068055543703
11.8156296251807,11.4267392817996
11.8179387714429,12.8633821269409
11.8189189401274,12.3826926183514
11.8208916323571,11.8346358173896
11.8311621545464,10.9810834388256
11.8335434368211,11.5063043358887
11.8346238368007,12.8751654571471
11.836400411523,12.8463063539239
11.8426576062224,11.2760222453966
11.8431667177071,11.4608896713473
11.8466020191582,12.4893505606127
11.8492189578745,12.2571248217521
11.8518757344842,12.2519190379931
11.8533911860407,12.1585127882782
11.8563822788702,13.1358095445565
11.8569236322284,12.5960929209717
11.8607163693545,12.0858218538426
11.8607716689705,13.1059738419018
11.8706814564709,11.6109783568499
11.8765912184301,10.6005586676466
11.8845725945875,12.0189657283616
11.8871880199784,12.2156773154375
11.8907721128502,11.6826481080181
11.8996484289629,14.6374101042918
11.9005146220898,12.6029057714053
11.9012070398786,11.1911499149218
11.9079515323123,11.9437379355451
11.9181970678002,11.7580969146912
11.9252356395731,9.70036412480693
11.9259505408307,10.7563426340942
11.9316420665071,12.1759941065443
11.9336692094958,12.8453340603173
11.9342603296835,10.9209333757659
11.9381260742401,12.3311226979125
11.938266652881,11.5301768166564
11.9386608349638,13.2720781050002
11.9407082665247,11.4755347243335
11.9446041246738,10.194743804162
11.9454924040483,13.5895889820381
11.9479074294758,12.7580546371593
11.948362470669,11.0197588991477
11.9537382377866,11.1280701725933
11.9685363256932,10.5461410005502
11.9736486458917,12.0219317649171
11.9737985687439,11.0906741723757
11.9752985876006,12.7966087100794
11.977750229737,13.6644423671372
11.9797956175979,12.7551031352685
11.9830716815375,12.2081724868413
11.9844819776898,11.4150577369887
11.9928787501975,11.4829907156213
11.9937945117885,11.6931328561609
11.994509831715,11.6232235131672
110.307141355242,-25.5048468563785
110.396935129954,-25.6178682155001
110.424796157331,-23.2081786672985
110.46224645752,-24.9211844955708
110.550649616146,-24.7535264216502
110.712161801982,-24.0673595622471
110.775114564923,-23.8844018558904
110.805274064103,-24.5880330093134
110.81116734112,-25.8648837833199
110.831651152517,-24.6154554446637
110.845190394862,-24.8305753173791
110.846502497338,-22.7092244663834
110.868249653543,-25.8934357319049
110.890867183159,-24.4165046693414
110.914905358927,-24.0982212725615
110.924896162504,-24.1672144096896
110.946423656668,-24.6100352108664
110.952489979066,-23.5828032139099
110.953666746479,-24.2459283761156
110.962586509631,-22.6756975340076
110.977752068327,-25.866905474407
111.013682970537,-24.8481122766775
111.047363186382,-25.3702322181994
111.112382014791,-25.0340640669815
111.117306904259,-24.1292922626562
111.125366552506,-23.9452325052874
111.126892543828,-24.3373194789835
111.145583180979,-24.0914096567687
111.162357891594,-24.8178075084703
111.179782256514,-24.3453987216694
111.195098872438,-24.332986628434
111.224613055857,-24.485911165591
111.230719351571,-26.3730969197799
111.234276174848,-25.1623169696509
111.249150882454,-24.5457775715337
111.253232649621,-25.7152712936918
111.254537849866,-24.725632811312
111.274696013957,-25.3939065500536
111.277733551034,-23.0353521846486
111.280488681657,-25.4660387993478
111.290486866214,-25.6977408081215
111.297103477235,-24.5621727398125
111.313461286297,-24.8266321757515
111.347015123948,-23.4630476336312
111.355262567834,-24.9646381140308
111.3712854007,-23.504893357421
111.380162004457,-23.7575202799548
111.428687610956,-24.6121509456324
111.436883682338,-23.6134762990775
111.440326141616,-22.9219805159754
111.445691909117,-25.4241223411642
111.503953828253,-22.8535092173585
111.507479277245,-24.2308189074749
111.512720290619,-22.6021652349928
111.537826709007,-24.528486736588
111.55057972604,-24.5459197387379
111.561452174241,-23.9884435303423
111.588451302537,-23.9100487373627
111.614267812507,-23.844286972079
111.619348513612,-25.4120166857276
111.630079314426,-23.561348018706
111.630164646644,-24.3086842659925
111.631559466571,-23.6270203577308
111.636827822075,-24.7135735487021
111.654757929221,-24.706646079754
111.660869721116,-26.5863590828705
111.6688859583,-25.4118171455763
111.673624103076,-25.5617485694471
111.678536433841,-23.4040366292019
111.686470320516,-26.5861554594005
111.70405535236,-22.829288231687
111.710515752953,-23.2498684450592
111.710629747649,-23.8328635434931
111.713851515695,-24.9808536591425
111.713982273361,-24.5225228647128
111.749754458241,-25.7350667449798
111.754080545511,-26.0755570750742
111.754931478168,-25.3093320907646
111.758794752096,-25.2699737388034
111.759944926723,-23.1947589864076
111.779184553462,-24.5687298350191
111.779653885464,-24.2388582941058
111.797103099113,-24.975889484046
111.818212434876,-23.5515599160128
111.823558477088,-24.6912522855702
111.823778550981,-24.2204373163507
111.833627747321,-23.1531802276355
111.845549083419,-25.7198112109824
111.846481288484,-24.0350842400288
111.849976907174,-24.8685256709314
111.862157905026,-23.7955544878629
111.863278390567,-24.1933635912027
111.864253011398,-24.6587117994062
111.872580566963,-23.7857764002793
111.872691442177,-24.0147298317576
111.874627336806,-24.7550133744536
111.876119659048,-25.0795905484878
111.879526609206,-24.4215973271412
111.882010643192,-25.1137736883327
111.890794954886,-24.4552513705874
111.89833776972,-23.8529296083931
111.898900242971,-24.0257132234033
111.901230259168,-25.1690967556245
111.905450874576,-27.020066728311
111.90733421745,-23.7467671297764
111.919758658014,-25.0943867084873
111.92473074324,-24.696605959155
111.929997888669,-23.7312818623208
111.931874657249,-24.0623568341034
111.933850373158,-25.0985239406439
111.934739395038,-24.991849573181
111.941203769409,-23.8662553424713
111.94211341004,-25.9192623037599
111.942815336682,-22.2339535571216
111.947047386901,-24.2386327983259
111.956908851185,-26.4883878122869
111.963469097922,-25.1751261358427
111.967477382413,-23.920796864578
111.975400548718,-25.0815707493284
111.977402138918,-24.9302791764871
111.978711616312,-24.8882967586156
111.981106398793,-25.1248032078046
111.981728503387,-23.1039294353599
111.990373267463,-24.1995037534332
111.994163546693,-25.098715838104
111.994734996657,-22.2414385727176
111.994879829604,-24.9915309480094
111.995408018425,-23.3953220785874
112.000312363863,-24.0767809051961
112.008969318546,-26.2654690907214
112.013563739829,-24.595826612215
112.030433897192,-24.9831822645643
112.033875976962,-22.6238916502504
112.041710299018,-26.4207539266783
112.044160041271,-24.7923598957443
112.044790560125,-25.1725408469791
112.056711010778,-25.1173706603781
112.06953720469,-25.6597150019449
112.076785138623,-22.1773022896778
112.077906690875,-24.563068551697
112.084765456814,-25.2714313662739
112.08488175132,-24.2533362137471
112.085793145923,-24.1346053399957
112.096082775522,-23.9430009677012
112.097158990296,-24.3596005652226
112.099771272949,-24.5499307256959
112.110093231073,-26.3237429669526
112.111109984005,-24.38379872284
112.113118772696,-25.5351607212801
112.115437537547,-23.5641381548157
112.127462675914,-25.2697433350743
112.134189030281,-25.0731945935278
112.142347351131,-25.3482797985919
112.144955601117,-25.7551685257037
112.149604039019,-25.8545724784555
112.158334375201,-25.0819733348841
112.160127308785,-24.5691571490412
112.162152274961,-25.2168303728734
112.163015084981,-24.5883536922668
112.172891847887,-22.866196696126
112.174525820321,-24.380113045569
112.17703869152,-25.2071373015732
112.177225235477,-24.6562909972292
112.178332336498,-24.831083519723
112.179293324807,-23.7423536664073
112.179490887954,-23.1433853622351
112.181516477631,-23.4885642577114
112.183502915076,-23.4852851460726
112.187005861246,-23.4300300236195
112.190777174346,-23.9168871553594
112.192575707248,-22.4734247249364
112.193832551003,-23.9808006489656
112.194610291858,-25.4954503682249
112.201602825566,-26.1017094514841
112.20438098032,-23.6719997415124
112.207328598887,-24.9980016849266
112.213910031948,-24.581917171974
112.214853845288,-24.561288347992
112.221499167966,-22.2791653303442
112.230785161107,-23.9446563162632
112.231885418042,-24.6373322753737
112.23421582487,-24.0477194179177
112.234691128673,-24.2329395998777
112.25275278329,-24.3696391535877
112.257427455915,-26.3965933916391
112.25869235833,-26.3598718820232
112.267554434164,-23.3074854276429
112.267752223354,-24.4606761051471
112.267836075931,-23.2108781023733
112.267931646065,-23.7104523761708
112.268430680558,-25.6846812283998
112.269049648011,-25.811315390459
112.282617397402,-26.8264677483128
112.285633742885,-25.6447454402677
112.286346889194,-23.9674436196631
112.295229208479,-23.3884266826351
112.298675838932,-24.0179002994783
112.304804834032,-24.0328545109776
112.306517441853,-23.6741298878356
112.308229403857,-23.6195984524542
112.309932549738,-25.941267324868
112.312865901022,-25.2052580514174
112.320255812927,-26.3519264204583
112.320439222451,-25.9742942224453
112.320783623047,-24.4792158622025
112.322005394722,-25.3292621174416
112.323615174499,-24.7875729859734
112.334348322177,-24.140225100804
112.3361805846,-24.505886157309
112.338708858456,-23.693433362363
112.341087929056,-26.0365398100121
112.359648482658,-25.7753551855201
112.366550068583,-25.14514938794
112.372056680109,-24.3238925730797
112.376940361125,-26.4935223444267
112.386059991884,-26.8152855641509
112.386135871499,-23.3240621331605
112.387164171012,-24.9771356270129
112.38982325914,-23.3211673894676
112.390174872308,-23.3139025385664
112.392858244985,-23.6410841757163
112.396339288543,-25.0040936396664
112.397214385495,-24.8871510921171
112.398191561903,-24.4323933063817
112.406203070872,-26.7421560391455
112.412128066651,-25.2911097755345
112.412620639888,-24.5168449337724
112.416379277951,-24.8650326879724
112.426892671636,-22.1499149923868
112.435049217535,-24.6367138992528
112.440784658113,-22.1152176951047
112.443504534036,-24.0070981409185
112.443577182475,-24.6439312991565
112.446236383443,-25.0149382787696
112.453506740805,-22.4964057560614
112.453930927278,-23.1474856282609
112.454000123486,-23.5964039964084
112.458340234872,-24.1105452932185
112.459563013544,-23.8816481199324
112.461978121078,-24.6968076647183
112.462065249861,-25.3583449659219
112.464743442221,-23.5280944269157
112.464817885475,-25.3728137789195
112.466603483749,-23.603701819677
112.469960396827,-22.9565054553308
112.474567438579,-23.2651587719108
112.47492963398,-24.9517647050704
112.475169435679,-24.2249812918703
112.47614300767,-24.9355265519753
112.476505383897,-24.4074015438721
112.477567604076,-25.9033868231956
112.47979426241,-23.5830767265828
112.482857921408,-24.1870239163298
112.484015459674,-26.2272433815891
112.485493702362,-23.9442331672396
112.486046673047,-24.2416386867872
112.486647613451,-24.7821570926987
112.49260358837,-23.2480612135411
112.494454457875,-24.530935507787
112.495191578328,-24.5297969983186
112.495851917732,-23.1257918856383
112.497284147372,-23.8044487158624
112.499109313351,-23.7733314008927
112.499166923803,-25.6912270738231
112.503695508513,-23.7916088107978
112.504334559087,-24.8011318884844
112.506532799925,-24.061913711609
112.51061692366,-25.2324781035212
112.515038327628,-26.1153173629728
112.519108142503,-24.5772161268264
112.519124807618,-24.1955921401127
112.519280394019,-23.722573321349
112.522577653621,-23.4741067571738
112.524913350352,-24.0669661245202
112.535183218257,-25.773064150359
112.536690317084,-25.9249426756002
112.538705075526,-26.0483964907646
112.544750986386,-23.5561370257756
112.547894710094,-24.4938002115566
112.556325256171,-24.6627866516016
112.558849925692,-24.1055309442645
112.561542805702,-26.0727531166909
112.563228588302,-25.0456064015529
112.56450674796,-26.6493169515513
112.568410358741,-25.8150626610552
112.5767420364,-24.0089910428639
112.577328023878,-25.4489605230856
112.577907266842,-25.5493388838183
112.579961912333,-24.0093188939167
112.580949864285,-24.7431638953345
112.582505316822,-23.8433889426816
112.585542080648,-25.0393881171776
112.586627393931,-23.359259558796
112.587132594638,-23.0380883991635
112.588679676987,-22.5427595129737
112.589653496665,-23.8648696135528
112.592090509913,-25.8929713244881
112.594691254465,-21.9651492907419
112.595473647387,-25.4038718195949
112.595528005205,-24.469667588495
112.600332683381,-24.9174621598081
112.612845684754,-23.9047726809306
112.613533562571,-23.3890509581501
112.618964944097,-24.0411663622244
112.622840557698,-25.1314731606151
112.623770871402,-24.4801842490908
112.62431138557,-24.8342341091434
112.624628082173,-23.9486023261013
112.628395518184,-25.8686551410728
112.631449016296,-25.0093057914443
112.635891482675,-25.528594107705
112.637386715295,-24.5310095242111
112.637409857557,-24.6781314976134
112.637857900593,-22.9511901174722
112.640104001627,-25.4606285139734
112.642185686536,-24.5673094546816
112.642413534371,-25.5592556170824
112.64251825264,-23.207558160244
112.649381989371,-24.8557781928512
112.651525031996,-23.5828194742562
112.653840976748,-25.5679151099262
112.655138176915,-23.4737087366466
112.655579117517,-22.9911459056257
112.656163095198,-23.5915048545819
112.656723659791,-25.6767928488689
112.658291954046,-26.0252516263184
112.659052360448,-24.8286672506602
112.6706071793,-25.0654675455229
112.673674095428,-25.3057259560569
112.676704498184,-24.5547293862758
112.686132405106,-26.3968187412252
112.687236966334,-24.1965717241484
112.692088961756,-23.8607755899483
112.69740082897,-24.217948799565
112.69919367197,-25.5637257019576
112.702251224731,-23.5366465907755
112.702503360711,-25.4745823221698
112.705909177764,-25.9578387141203
112.706247025065,-23.2588994588889
112.710666862596,-24.2089182273224
112.714533361767,-25.1420767464937
112.719675737111,-26.1801359471905
112.722923244647,-24.7475952928484
112.726209185746,-23.1851631847367
112.727212569411,-24.8380704913557
112.727592209542,-24.0095697068127
112.728788204416,-22.942835795064
112.728815769036,-25.6011135097359
112.736655875902,-24.8043837248703
112.74034689526,-23.4604006760482
112.741170416539,-25.6164603262715
112.745655667703,-24.2719683363682
112.745915419012,-25.3088793976919
112.748146954667,-25.6634753092064
112.750469738927,-24.3647717350388
112.75079695471,-25.6492240595437
112.750909930363,-23.192772741221
112.751300647601,-24.159479508805
112.75499402512,-24.6872142219175
112.75743459187,-25.6097774607424
112.759739418466,-25.7174621793275
112.764213795272,-24.4219674781812
112.77741160087,-23.181940249587
112.778886803411,-23.0635232701073
112.780421313128,-24.2916442648853
112.783253603027,-25.308829611256
112.788422111516,-24.1237924181385
112.789158930761,-24.2326067938528
112.7924317043,-24.2696487739322
112.792576176158,-24.9413499492333
112.795029139364,-23.7932243891542
112.796835624394,-24.6562995532159
112.799854777798,-23.8013999396743
112.802231442249,-26.4688851607824
112.80407850587,-23.8295664825108
112.806748795059,-25.2589240163641
112.807604797876,-25.4895138527196
112.808319737969,-26.1140009034892
112.809179754266,-23.7539278091877
112.810337600035,-25.2224112477833
112.812454442591,-25.1810164817695
112.815500648961,-25.2712591774497
112.821043737062,-23.4209279331558
112.822964791189,-24.5378740229959
112.823226533962,-25.1352237821162
112.826907178144,-25.1686755692249
112.827923030002,-24.4583002519293
112.830271972832,-24.4464769563001
112.836358606332,-23.9044390305747
112.839658577484,-23.1936905997692
112.840831672544,-23.9944365147075
112.847555959397,-23.8591552482873
112.851725292991,-25.6644779092899
112.851735565745,-25.3379012736175
112.852263645248,-23.1747061994496
112.85261567754,-25.1707448359494
112.853553446792,-24.0863307099949
112.853811242918,-23.1146779887508
112.854459107747,-23.4069576501354
112.858109183117,-25.0335532852993
112.858271063053,-24.5780577930178
112.869023547687,-25.1355809416123
112.869410937823,-23.312787516678
112.877509799048,-23.9252725724159
112.878187888427,-24.1397430273729
112.883649934207,-25.8719123471483
112.885080141561,-23.0996628871039
112.887053383301,-26.6309114599836
112.88825796903,-24.1007762541274
112.892057258305,-24.3041296714077
112.893193336542,-25.0342596773303
112.89860390539,-24.0326354851542
112.909517145188,-24.3587236098281
112.90978827906,-23.2179442058679
112.910398060299,-23.4956695751936
112.912912477762,-24.9376243476528
112.912924043512,-25.4361506304916
112.913057077424,-24.6093001844415
112.916576863423,-26.3633868344749
112.919083757266,-23.6926352595339
112.923094323809,-25.5728438989933
112.923870952414,-25.8772830162783
112.925296467659,-24.813067912301
112.929228715449,-24.1167596674961
112.929565383487,-23.1355407367089
112.931360977915,-25.1275036277157
112.931892297272,-25.3919276309982
112.935009129103,-23.997617990092
112.935527193402,-24.5179087630293
112.93561432506,-25.4068335993023
112.938001490399,-27.1429587146464
112.938449720774,-23.6814682164578
112.94053614046,-24.9615447555326
112.94095006946,-26.4460346890422
112.941785560912,-26.4232996791837
112.943487445626,-24.8508187831673
112.945559897366,-26.8319978643597
112.946135321183,-22.1308577316371
112.948105303075,-22.3001551485649
112.952161240049,-23.6323837388458
112.953440120533,-23.4960943937653
112.957953017701,-25.1692030025601
112.958574219157,-27.3971833747149
112.961446311154,-24.1636086455908
112.962948374737,-23.5190318852702
112.964229361149,-24.1291380990805
112.964267346728,-23.8180630397942
112.964771395531,-22.4182505814047
112.965664696981,-23.4175427999405
112.966736729993,-23.6206336864652
112.967496343943,-24.6254393895697
112.968452153056,-25.4111524006322
112.969231669084,-24.9630639495745
112.970678449722,-24.0645226808507
112.974061223295,-24.4317169560609
112.974703033104,-22.4981889716969
112.975889242687,-26.3453648131832
112.97929591526,-24.6686750528853
112.981784296205,-25.22711716036
112.981852143765,-24.3707499286377
112.983640782863,-25.2405828393899
112.984421262666,-26.0837733217447
112.984655378397,-25.2128521314032
112.985267327193,-25.5735779631738
112.991319158451,-24.4218486650127
112.997299948519,-24.3089721992915
113.001872546254,-25.3255600955479
113.002779550459,-26.1063494167269
113.004074856772,-24.1396832915954
113.004669544451,-24.5766039590009
113.005972287824,-22.3343038855713
113.011514923125,-23.5183240528752
113.013800536144,-24.3234378100778
113.014540063137,-22.9659709548011
113.014895924886,-25.8548100895593
113.019374124905,-24.6085233027638
113.019739101159,-25.8329351951581
113.023107585166,-26.0134863849825
113.025602704162,-24.3749088578804
113.026192054262,-24.6830596806644
113.029527030666,-23.1908712314395
113.02997127039,-24.417207400425
113.035026735282,-24.6308438219254
113.037749798851,-21.9609735284962
113.051560235499,-26.0198016931552
113.053746609004,-24.598465011985
113.054427233936,-24.9509634224842
113.056006177622,-25.7709644802771
113.058097275396,-24.4240095377781
113.058285214379,-22.8212313122922
113.058931801452,-24.5520510521453
113.059622178327,-24.9302171375458
113.061080575724,-26.0568832010821
113.067923326692,-25.1987904953189
113.070444643469,-24.6491985129418
113.075063113993,-23.7413593253783
113.076417869153,-26.17882809857
113.079355033824,-23.7181947090641
113.081277694276,-24.0481658301468
113.085780742533,-24.7859421324504
113.089526026707,-24.5865165879133
113.093229028748,-25.8818419997683
113.09430675015,-26.1848219362711
113.095664226563,-25.267813589978
113.09994541732,-23.3435689855747
113.103845302448,-24.0466920126961
113.106252045445,-24.6020462431585
113.108910678605,-24.0584355180545
113.109681182839,-24.5455721400915
113.112277148596,-22.425427150027
113.115392289523,-24.1701649846513
113.11882429671,-26.2062285387127
113.119856314944,-25.8929461054532
113.126247870906,-25.3210880635784
113.130874336464,-23.4520959323265
113.131794606014,-24.9376820509001
113.132363345725,-24.585098955699
113.133989669447,-24.0770662630151
113.137148069154,-25.1637518026094
113.140755635396,-26.464757278248
113.141705117676,-24.1200611479163
113.14570097776,-24.430364386122
113.150733734658,-24.4481604696362
113.150875782298,-24.2680052918477
113.158651633781,-23.1076129779908
113.158739032954,-23.5324889526424
113.167035359399,-24.9615528330115
113.171100791725,-23.3365545614854
113.171486374072,-24.4668954839088
113.171965655729,-24.4280002141266
113.174624155138,-25.1774444635557
113.177595485417,-25.200451334328
113.178793479117,-25.8036720442176
113.179826703247,-24.4748433536554
113.179902629763,-25.2242022899726
113.182268648445,-22.8403578047584
113.1826139764,-24.9062125461533
113.1847671086,-23.5351672658912
113.188038789985,-24.4632601309082
113.188380517256,-25.8912125294288
113.195911058317,-25.4407888900766
113.196923518076,-23.2007840010338
113.196994601871,-24.9192242302757
113.198046839594,-25.2318088195225
113.198358838706,-25.4570714643387
113.200568975962,-25.5561194184134
113.206214728635,-24.2139347145786
113.20872997211,-26.303770575324
113.210472712118,-23.7281288000458
113.21067588512,-25.0862290385641
113.217830560178,-24.8118394293076
113.222659213385,-26.2531882974699
113.22958320589,-23.5112617480625
113.231609025116,-24.6912663146777
113.235283090646,-23.950900445392
113.240521444682,-25.3686228214593
113.242642110976,-23.651820635698
113.249808885951,-23.5490702732204
113.252861090585,-24.3116351160738
113.254486078441,-23.6963193770568
113.259474569197,-24.0282958706478
113.26089668594,-24.5272261530185
113.265171194148,-25.191735959946
113.26562023184,-24.4845982000173
113.266245446976,-22.1077093656517
113.272822359282,-23.1193882113886
113.273529254946,-25.4668158471304
113.273754192736,-24.5201138911109
113.274088617047,-24.8368814677403
113.27410556488,-23.9292679202486
113.27790225017,-25.2616190541277
113.279021783779,-23.5003387577586
113.282914313975,-25.1619412968774
113.292119960174,-23.6296334454141
113.292283152302,-23.2926646933049
113.292884771715,-24.2951303227615
113.296401727762,-25.3115467811412
113.296992547721,-24.9119666603651
113.298976979845,-23.7247949072341
113.300976883178,-25.0965958629397
113.304744840618,-23.7770746459428
113.305221981911,-25.9604244885372
113.305293222155,-24.1258157517736
113.308633096944,-23.0633453043191
113.311861695973,-24.4606031709602
113.312413030948,-24.4538056065528
113.31502236148,-25.6790421368562
113.316268931978,-25.0976425328149
113.326952737444,-23.3404917434669
113.335256602754,-26.0227057588413
113.338329001223,-24.2559051308723
113.339551922387,-23.4164841635616
113.341047253114,-25.5423311829222
113.341628190113,-27.2174352889998
113.343289477922,-24.9473037494207
113.346772792412,-23.9685910836302
113.353916801169,-22.7464494138378
113.354839466431,-25.7451914799724
113.357880596042,-24.0762846722041
113.358852332669,-25.2223098210852
113.362647389608,-25.1718778381524
113.363141310623,-24.762343137285
113.364054554053,-23.9513747748301
113.370217278342,-24.3148328443294
113.375495808731,-25.1718941099802
113.37583771345,-24.6244232959084
113.379618169363,-25.1409464518305
113.382278252296,-22.6169316052444
113.38247194636,-24.7892715420745
113.384034944903,-24.9018376794318
113.384218867735,-25.2065018451184
113.395282794039,-24.891476200774
113.400205738611,-23.7179660929043
113.40049935727,-24.6433986408626
113.400648408573,-24.8104000845515
113.402190594408,-25.452813812383
113.402341077476,-25.2097861405851
113.402612692711,-26.3458540086942
113.407422571316,-24.4799694772439
113.408551003098,-23.5861125301166
113.408633863142,-23.2840726574869
113.41168550566,-24.3736368606614
113.41360676552,-25.3427643087056
113.418174321468,-24.9196188901463
113.420139928099,-23.9142259990283
113.42235122154,-25.8970218033768
113.427021915966,-22.8713198204344
113.427390397309,-24.4406802232377
113.438661971261,-25.3509314764862
113.439445449287,-23.229095344368
113.441217025903,-25.3799278869251
113.441997388966,-23.6689501490068
113.444992363044,-24.2448802756664
113.445982493833,-25.6553625724839
113.450076332578,-23.4066765411748
113.463428418548,-25.3192853501002
113.46885710447,-25.8008843413051
113.468928639158,-25.0344395166212
113.476622868668,-25.3486514858661
113.479471287982,-24.6255698014035
113.480025967953,-23.5226642558627
113.483058682629,-23.2796014371031
113.486301961508,-25.9942106498466
113.487195406481,-23.5468855409448
113.492240355583,-25.4733975708889
113.493668852482,-24.6942303018079
113.49432800739,-23.9217403369608
113.506984494773,-23.780870942825
113.508807487448,-25.8563497619097
113.510054776202,-24.0379468172176
113.512485146565,-24.6910608986514
113.51321077191,-25.7929212887524
113.513927401007,-26.0161664260079
113.514025325381,-27.5101393055436
113.515427736229,-24.950652867469
113.518383625923,-24.9468283302383
113.519015674536,-24.4264497406922
113.524770639591,-25.0312380311816
113.525277025505,-22.5918895787424
113.526435618696,-23.8304984410561
113.530746246758,-23.6040030780555
113.533411425286,-24.204946247157
113.534162668324,-25.0585621743799
113.535857989694,-25.6328863304723
113.536282152393,-22.9966298312896
113.539902531111,-24.4647749637469
113.552330216095,-24.6446057971582
113.553493493254,-24.6208620946545
113.554332721366,-24.441353477697
113.554472037924,-23.6776797867983
113.55490072842,-25.2963866653796
113.555063213961,-23.5650989596631
113.558587282223,-22.7746970897695
113.558664694699,-25.8310970977416
113.560472726386,-24.8575405715033
113.561335812799,-23.6310098893373
113.563792627277,-25.7156055930394
113.564767018146,-25.2101333379766
113.568410992605,-25.3543088263238
113.57093342354,-24.5949079849729
113.572380382718,-25.6080416247432
113.575431582334,-24.5642575468791
113.576166032464,-24.9633860945993
113.582417284939,-24.4835653633749
113.583826083637,-24.6120601987206
113.584438660706,-24.1269247350046
113.584539821819,-24.109181300618
113.588382805993,-24.4734914433525
113.589158658256,-25.3631934544688
113.594134165501,-25.3255296587168
113.594800260729,-24.3640410914825
113.595503219105,-24.3654221442036
113.597135492134,-24.8936039498743
113.611800003233,-26.7172119878829
113.618833765397,-23.8687912481956
113.623069619988,-25.4220585639983
113.626711775728,-24.5145909552923
113.631984325742,-25.153924437098
113.632821665357,-27.0034660295131
113.638752005192,-24.3700769243349
113.638794475379,-24.8539973470512
113.647373817022,-25.7983385089132
113.648251441268,-24.0587067724922
113.651321769539,-25.0814825292424
113.656347224219,-25.8213275950956
113.657689238935,-23.6730082726385
113.658712882531,-25.456127352317
113.660926163628,-23.9627557755505
113.662964841196,-23.5597763276553
113.664157107633,-23.191615742227
113.674314272465,-22.7095108253951
113.67826650407,-23.5802591467105
113.679696601062,-24.0366186277106
113.682530273214,-23.4947008243528
113.688425682222,-24.348200968168
113.690666020382,-24.0934084904217
113.691515907933,-24.8238501575433
113.693617869982,-25.5737099099244
113.69368834987,-25.8996589626193
113.696974832208,-23.9062657079029
113.702460269393,-24.8418081920435
113.703118766441,-24.4496496256104
113.704458142799,-23.0789596723232
113.705122214887,-24.1583321231566
113.717127830693,-23.5994763462375
113.724863662562,-25.6711511824262
113.725744354568,-24.202376298993
113.728573655706,-25.0298205719954
113.730941187482,-24.2445327730575
113.736841675897,-25.8732871471586
113.738738569557,-26.4519713590538
113.741068307058,-26.3554997763859
113.742576893949,-24.9899695931331
113.743243661071,-24.3262930792684
113.743804112721,-24.6400756971111
113.746718757915,-25.8825901050236
113.747103329434,-23.3164332348822
113.75968267728,-22.5795232183626
113.767433319446,-24.7453770231679
113.768243966804,-24.9259128399843
113.769154142085,-22.7393319530596
113.771738837713,-25.8693008505123
113.778766566857,-25.0856079793058
113.778784000551,-27.4553305431792
113.779942957544,-25.0841881603239
113.784040968795,-25.5397181067233
113.786914125594,-25.5775884387162
113.787897337535,-23.7823066570271
113.789823454642,-24.9077286119443
113.790457127729,-23.7569980383414
113.791337392851,-23.8255476124744
113.795040995238,-25.2720833354614
113.798029081227,-21.9626827762892
113.798099105778,-23.4831796587207
113.803508899894,-23.5917254151703
113.804829353448,-24.5978725993758
113.804955263721,-22.9849024123109
113.806530773104,-24.2735647661534
113.807134222068,-25.9331445757032
113.809366874591,-23.3364375238971
113.815030132664,-23.9033232169279
113.817010231912,-24.5362360263691
113.823940234303,-24.2400859395974
113.828495876292,-24.2885398134961
113.828609008435,-23.8731124808837
113.834985133115,-24.8873960805918
113.83658000201,-25.062471515291
113.839941507408,-24.0180908708497
113.841318345755,-24.7750238854856
113.84386588549,-26.7721434938022
113.846723137166,-24.8320110310578
113.8487068897,-24.1654301125572
113.851846608801,-23.3544278981346
113.851931939618,-24.8101710851123
113.852900937669,-22.1923664236804
113.853345016087,-24.3486774892772
113.857980307399,-21.9314944743419
113.860160998639,-24.9356740514689
113.86235900967,-24.4884605481783
113.869945070758,-26.7224511970373
113.874116094789,-23.5285387559806
113.875336450651,-24.406420018104
113.88033257458,-24.5774103012504
113.886024276804,-25.5099794791394
113.887454261111,-24.6056050200246
113.888788269019,-25.4666721199305
113.889408582029,-24.9491072207663
113.899643857719,-24.2315502210441
113.90048147742,-23.7911193497301
113.903929884841,-26.0535705519334
113.907683725234,-24.2615735942246
113.912023887997,-24.9868261570067
113.913209087146,-25.9066442077158
113.914694349598,-25.0787606316552
113.915925599557,-24.0223712458681
113.923089012495,-24.1674888482755
113.927011737664,-26.160018248489
113.939146816769,-23.7025425908672
113.940125423094,-23.9694042456363
113.942442178295,-24.2134797147819
113.945353472626,-25.9721162384783
113.948649884832,-24.6417106327379
113.951969027694,-26.6285109347101
113.955242641771,-23.8307444853066
113.959424170572,-24.2041903766995
113.96507619315,-24.6644698038457
113.968171861907,-25.2280271074104
113.97769764569,-24.8140363930942
113.978017532026,-25.5664458216199
113.981837268005,-24.8262180890197
113.985495665233,-26.3355888397315
113.988138721305,-24.7414095479745
114.000095820304,-26.2369898794029
114.004563987599,-25.6271283147497
114.005006617811,-24.956261604743
114.005544424927,-24.9806417255226
114.006128432972,-25.6342655837247
114.007210492025,-25.3618117632158
114.007687608341,-26.12694926416
114.008203578747,-23.9037169986721
114.008340902296,-24.3662088807116
114.011207377483,-23.7079738592913
114.011307358252,-23.7904871204346
114.016922989082,-23.1715347548807
114.022422671163,-24.0858458731149
114.025699340189,-24.134604109562
114.02696712642,-25.1451961984279
114.028346887079,-23.8609013102141
114.028907953042,-26.6783912748221
114.030772781468,-26.0474023400565
114.044384992641,-27.2327189094026
114.053005855827,-25.1332104852046
114.053834944772,-24.2048358115266
114.054325146039,-25.7809476035411
114.057666167519,-24.4364638460096
114.059872186183,-25.5701707698902
114.061776422285,-26.1125608231019
114.062285177686,-23.510744766093
114.065171559191,-23.0981233264653
114.065376024936,-25.6223101277983
114.077216163442,-23.5796892053343
114.07873829176,-24.5384258495366
114.085152948227,-23.0592659136546
114.087578382709,-24.3179603938506
114.108889711635,-24.2231443874151
114.110346374469,-24.2865640080569
114.122396972153,-24.5430333816723
114.133249973198,-23.5380271305573
114.148575623954,-24.3120789417399
114.15124508171,-24.3979568418077
114.151522423568,-25.4058548218628
114.1515262005,-24.4213762169099
114.152357377754,-24.765894205572
114.155467434206,-25.2723846075334
114.157820977825,-24.3705657779161
114.165991238255,-25.7863758296095
114.169604460162,-24.2793055531335
114.169932736304,-24.3004188517842
114.17192827041,-24.634422270058
114.173857905963,-25.385621684682
114.189976391995,-26.971651533732
114.190906983696,-23.3629659875247
114.196535972492,-24.6005620212584
114.200668927974,-23.9503158148682
114.201507619598,-25.2223539869685
114.20973181192,-24.6925167950271
114.211499551158,-24.7058887213718
114.219363075547,-25.1087185275361
114.219529643176,-25.7466578849055
114.220939335059,-23.931239663036
114.229798118846,-23.994707107506
114.246871187696,-24.501506279121
114.247201575576,-26.2311077033957
114.247576428234,-25.4347359705755
114.248346384357,-25.3245459169654
114.252537537924,-25.3701879823221
114.253197032064,-24.7665780390858
114.257608772717,-24.3823070396406
114.261121323441,-26.8086937060543
114.266655147382,-25.805703832968
114.267238255783,-25.6147942452106
114.276385951537,-23.9685092063001
114.30287233797,-25.0772066585228
114.307504839668,-24.9359904087258
114.312070658541,-23.8946573674121
114.329401203346,-23.2560276313536
114.329949682658,-23.32519795868
114.34306601492,-23.1508033531849
114.349166026093,-24.0696434021895
114.352366490048,-25.1059799330927
114.35544430013,-22.8975684664704
114.358049329801,-24.0014737672683
114.358821473446,-24.296175974807
114.367365099465,-24.6807427017551
114.369638488045,-23.6476326353496
114.376676753356,-24.4885647001729
114.384153429985,-25.0864133378221
114.392323291682,-27.3205172166635
114.39264091933,-26.1600283681262
114.39772562157,-25.5302557605317
114.397895875545,-23.8493015045727
114.399603128653,-24.8933187797574
114.41366008191,-24.1612027878399
114.414188846047,-26.5686764818745
114.41569227179,-24.9507742586865
114.425267358301,-23.9085508819962
114.428816610462,-25.3593720892674
114.434332353869,-24.7446115533973
114.459667130302,-23.9436459770432
114.475160153331,-24.3679919436819
114.490931264339,-23.9829204787843
114.499375581529,-25.431986208239
114.503433370652,-26.8499213617517
114.507535465152,-24.1767090648056
114.508337856124,-25.0515641558496
114.509074503445,-24.9300925227084
114.513507041365,-25.6149068858987
114.515792922808,-23.4982869334916
114.517480795094,-23.0750633874159
114.518616278382,-23.7328062766313
114.521136445093,-25.2089457034274
114.522317903734,-23.9687532549765
114.544851015775,-24.8330277612176
114.556083919815,-26.4706690452195
114.556518845271,-25.6270695620115
114.558253212276,-23.3140488999626
114.573267090702,-24.4610695759532
114.573821339814,-23.4388817974443
114.58089755988,-23.8871719047863
114.598104545209,-22.5189567579157
114.605105713745,-26.8904971180477
114.620182154819,-23.1871457879131
114.634368847208,-23.0208127767993
114.641270106404,-26.7187289828613
114.648894952518,-24.716944814663
114.661755209229,-24.6736463259842
114.667885457393,-25.4233557786393
114.681306089463,-26.0652234337114
114.702511706447,-26.7325579899058
114.705733893118,-25.3175080481107
114.718387008902,-25.3720447487227
114.718903592267,-26.1920804610057
114.720350763833,-24.6324449610908
114.734630200997,-24.7031777017769
114.74280163159,-24.0714770411568
114.745580902362,-24.8185293815991
114.746055476057,-23.7433199492802
114.772241365297,-24.1413415723081
114.77632073278,-25.2129314301199
114.784067064248,-26.5721373450671
114.801484691176,-24.6777907274629
114.819469246644,-24.3048200737524
114.822775959595,-25.1268091621811
114.823046995955,-24.4117000433058
114.82825019919,-26.0175901258899
114.83871805527,-22.1156649232428
114.84512481455,-25.4324038235741
114.8734490507,-24.4872627875
114.904629419907,-22.8756307977877
114.912134301927,-24.3187777535912
114.916018186931,-25.3984628976607
114.919421410973,-24.8775557103162
114.922532058037,-25.6598522057597
114.930475265878,-25.7558007257209
114.947811037096,-26.0779571545409
114.948972649203,-25.4458888297882
114.968274890759,-26.3860844358666
114.974569884109,-25.4076216587949
114.980930517243,-25.1771487261437
115.011835933949,-23.9364514644539
115.052079600372,-22.7329676555675
115.060103215091,-23.2480220721949
115.064815193432,-26.1886797046412
115.0708275993,-24.4639793330402
115.08737647816,-25.3437099194116
115.093665083245,-24.9267625743499
115.125364096808,-23.6637520332261
115.127290794308,-25.5592650549199
115.140930617859,-24.2714874890305
115.210744806707,-25.8487108368854
115.232719977911,-24.3195656910946
115.253606239314,-23.9628709382745
115.302030271311,-23.1630573487997
115.328039027089,-23.3310418531829
115.352970131252,-25.2911798346956
115.354601079356,-25.2554007656232
115.385672783848,-25.9255570686001
115.401673142816,-25.503505718607
115.424072958528,-24.1187091503579
115.424892154631,-24.7140779495573
115.477962956343,-24.3372527641299
115.521328101175,-24.4861341855337
115.636878704233,-24.5127134313178
115.697461718341,-25.6325739302715
115.926663316301,-24.4540307721008
115.928223198415,-24.9714681051293
116.03898830113,-26.4976296663453
116.07176226438,-26.5203961090349
116.18730116911,-24.451171617152
116.60683348666,-25.2104935201841
116.683529347545,-24.7224110898233
116.953784935466,-24.4851513126215
117.018260408595,-24.8739926874783
117.07464604269,-25.1056793488468
117.083985711435,-25.8291483555168
117.100887386559,-25.6462822970835
117.101515412987,-25.6770858644747
117.102258999152,-25.7218778845155
117.11254506894,-25.7424794325423
117.113836373156,-26.469909219595
117.162972105766,-23.3602882260379
117.184820134038,-24.4055249299107
117.205654600693,-25.247126830827
117.243684141837,-24.5174880704896
117.25467975371,-27.0293814495833
117.269223305672,-24.6208290717843
117.273859828002,-23.7665133075949
117.290027635441,-25.2360970064137
117.306586881768,-24.2344372911173
117.323771459831,-25.4042329695111
117.33056392054,-24.639561327362
117.340809713623,-23.2230092522668
117.359374323505,-23.5443361578928
117.360286794684,-25.1402110001301
117.372139345052,-24.6070188850082
117.382017852682,-24.9398455974299
117.410444487986,-25.8783588564223
117.477999554586,-25.5157179231641
117.505978711677,-25.652752132803
117.512993768937,-25.9676767720856
117.516322787044,-24.5151662224362
117.518940067231,-25.0134641505581
117.556922427215,-24.0777676962953
117.558221722092,-24.6548177951911
117.567857901962,-24.3628545471051
117.577646960859,-25.0186703919382
117.599796805587,-25.683742701545
117.61463348156,-26.4261659900763
117.619497727124,-22.76938776636
117.627385634862,-26.2241899924676
117.652879359432,-26.7957765086083
117.653090288708,-24.3056518703115
117.661776531547,-23.4055390249123
117.6777329891,-23.9726981266992
117.679285652418,-22.9080336020382
117.688536016414,-25.7891981536654
117.688545639303,-27.1200128583209
117.690493514792,-26.2283436274775
117.730837130187,-26.4833481078132
117.734096095129,-25.6131951298799
117.741756343079,-25.4076982413308
117.756034342664,-25.0929793410221
117.769162705266,-25.1956445000623
117.775322242907,-24.1523687502259
117.77666334692,-24.370352485391
117.782268739575,-25.1823884988443
117.784596538969,-24.9987229479539
117.789041878084,-25.2100689782201
117.795774409648,-24.1655117000004
117.797930432436,-24.9516241554194
117.805127484652,-23.9375554355784
117.822189677806,-26.0007370677162
117.836917162645,-24.7107109982997
117.842259050748,-25.2974820435376
117.851868375095,-24.6262797261819
117.853482827409,-23.6683252921659
117.879363141665,-24.3782158821746
117.885606839053,-25.4773898154814
117.892136839993,-24.1982396321815
117.894837071661,-26.0207309781078
117.902503223369,-22.2598068256128
117.912732284496,-25.3079275164837
117.91490694796,-25.7998616517852
117.920386305162,-25.5966094088036
117.920714179143,-24.8733998693663
117.924108678573,-25.0756774972031
117.942766142944,-24.7209377701748
117.948063181127,-25.7488865453548
117.948196104256,-24.6413479174746
117.955827199297,-23.9516696704776
117.959251005628,-26.7178759343811
117.961555715901,-23.8451992862146
117.964747559843,-23.6218768021042
117.979966825833,-24.5588471515182
117.981742509594,-25.0876798925686
117.99309548001,-26.5034308221169
117.994675989109,-23.9572634665851
117.998359440902,-24.5385542205734
118.006353425106,-26.9580320283773
118.020568293964,-25.9241476565489
118.022975752295,-24.4789131620243
118.025874701004,-22.7979891096793
118.028006440677,-24.8355368335418
118.032203231001,-25.6470182418585
118.036703574995,-24.3612563031433
118.040949435162,-23.9580874229242
118.047960029035,-24.3265487852997
118.048394914435,-24.2458705346922
118.060362528957,-25.7421261329067
118.063904881402,-25.6343996425108
118.069903589934,-26.96720710117
118.070162002865,-24.9187434314897
118.071348477157,-25.8964083239428
118.077969754253,-25.9063239313538
118.083746696393,-23.3108752527268
118.085708546405,-25.6139240203489
118.086480129569,-26.1142461798325
118.091088071605,-25.0126813792574
118.093956619268,-23.653431774034
118.100681553243,-26.0458100066415
118.103066152473,-24.310091578419
118.105886265374,-25.6059566498647
118.115091589361,-26.4084489068733
118.118388097444,-24.7057343133716
118.125697565299,-25.4363885334346
118.128966822578,-25.1918330080614
118.129841482566,-24.2338878644154
118.139426185724,-26.0126478111076
118.139749619891,-24.8926071126281
118.148952295929,-22.7877863201759
118.151159133579,-25.0408105948888
118.156870879538,-24.6426379779289
118.175121830521,-23.6676005567909
118.186248991783,-24.4822148056396
118.190940961665,-24.5121658777843
118.199732921091,-23.2297016551773
118.205086739481,-24.3763352191434
118.20939262649,-25.4548516376564
118.212642995231,-25.6596857988137
118.218045734401,-23.6986344884488
118.218198599396,-23.8417465911708
118.23463704367,-24.9446955176203
118.2461243747,-25.1589135538654
118.249227882539,-25.2943320530796
118.252253065256,-25.054009596343
118.268428083045,-26.5457565104035
118.273493428019,-25.7410443451423
118.275594540185,-23.725668210224
118.276672048696,-24.6176306893221
118.282136073116,-23.163683084838
118.287350621755,-24.4287896226643
118.297262587297,-24.4065065407796
118.298720050072,-24.807312719103
118.301172220728,-25.3807428386263
118.301431875247,-26.3618474714472
118.303659691883,-24.8194355044558
118.323665659639,-24.7179281847049
118.323829767645,-24.0794074929565
118.327956591684,-25.1406849918983
118.329625584539,-24.5808779816096
118.33153398094,-26.8240128964206
118.34005119812,-25.6672783670328
118.343318884929,-26.5385246906807
118.344218839464,-24.3459777268328
118.346141003001,-26.1523829780217
118.34624914828,-26.4790702432106
118.347917647623,-24.8459745068719
118.353807721912,-24.3950294783459
118.35464905845,-25.9507433787539
118.357447262419,-24.2487912496601
118.357811585904,-24.644350211083
118.36012275392,-25.9406561753231
118.36184693134,-24.3385078821162
118.377361791257,-25.0065888013922
118.378761247723,-24.4110234973929
118.389290051631,-25.2718300766195
118.390979864509,-24.2354526468915
118.400255620816,-23.6800857627181
118.400773498815,-24.9924428210527
118.402805773302,-25.2230476748757
118.407193465172,-25.8083483215186
118.40731402697,-24.224101320144
118.416613808912,-25.4115831994819
118.417051224339,-23.9120320861268
118.41918317752,-26.4042395432162
118.425349142443,-24.3193359337628
118.425704255717,-24.0477886696627
118.428832288386,-23.9346913911435
118.433068050573,-26.6234218725417
118.433660603478,-23.6067020626852
118.436643690197,-23.9885062639319
118.437547550272,-24.7967277917998
118.440529670635,-23.9859170173109
118.444155616599,-23.7263330450768
118.445523747894,-23.3418502525348
118.458709112668,-23.2984265415424
118.461894887543,-25.1779782611546
118.462686283001,-23.6724828639829
118.463757444347,-23.643990002051
118.464090485995,-25.2243419287912
118.467495559565,-26.2405735051622
118.470421809371,-24.1586363798463
118.475303661221,-25.1350736046475
118.481092326256,-26.5992230895787
118.487855736461,-25.5516757210134
118.489862498249,-25.0868127282471
118.493779920125,-24.6474182581835
118.495898528538,-23.2163465451206
118.499051504709,-23.0878855773214
118.506491809064,-25.9072300478733
118.507276504783,-24.4006619886675
118.509383753521,-25.1149839387902
118.510269852329,-25.3727634017934
118.511405188077,-26.263660477365
118.51331148982,-24.8207390767251
118.516345431487,-26.1226204129033
118.517572142075,-26.6552557673758
118.518108064406,-25.3726340935233
118.521313527071,-24.5933715743848
118.521539051432,-24.4915939889307
118.521991405694,-24.6263880301634
118.526604238711,-25.4137721286385
118.528165290721,-24.2042892264471
118.528407836236,-25.3839357041402
118.530727909671,-24.3070693871616
118.532157182024,-23.8065097918929
118.534132836605,-24.0999124333716
118.538024188525,-25.9188102446988
118.544457154085,-25.8008590037873
118.55118168557,-26.7032910222287
118.555112414231,-24.2740393121022
118.561184073263,-25.6842408724602
118.564244071065,-25.5424104794424
118.564801795064,-24.2287249868465
118.580490906196,-24.8031788409964
118.581769777077,-24.9448274345173
118.581971373822,-23.7306399538978
118.58211917175,-23.1355802458586
118.587408527954,-25.8383995762149
118.588823541925,-26.0869366532594
118.595385961258,-24.7674531867155
118.597432517437,-24.2508740643633
118.603817350783,-24.2551451896043
118.606209814559,-23.5478054303167
118.610109354742,-24.8093649493106
118.610647878931,-25.8918605043229
118.611404760905,-23.2650374271521
118.61527162962,-24.7572624115754
118.624371129195,-23.2096985869584
118.624795466518,-26.3567547369461
118.625973636798,-25.9840100878436
118.630593053767,-24.9130403302973
118.631456595638,-25.6571720624103
118.632569042188,-25.1778353907422
118.643084002082,-25.7148531200913
118.649345449431,-24.1080647208289
118.649402840497,-24.4735148762302
118.655579104745,-24.4651479171872
118.658546822619,-25.2638659355736
118.661150851143,-23.7526303452818
118.664429772758,-23.2153568529531
118.667935770505,-25.2209919921752
118.668310459184,-25.2617031047876
118.669252785487,-25.7137962835072
118.671793249821,-21.9386166724352
118.687106702538,-25.7942461048788
118.694196892029,-24.7487568159298
118.69454601915,-24.701387146933
118.694708596599,-25.7013957748193
118.699071712935,-26.2136696316792
118.700722125915,-24.626229108871
118.703484276546,-26.2326775845794
118.703733413158,-26.2273067330045
118.71247811631,-24.3819675145722
118.714089326066,-25.5711858142506
118.715546916294,-27.2130711398556
118.717195876834,-23.7605734286493
118.726630548699,-24.8571880193635
118.73129330508,-23.9041732220291
118.736148547485,-24.4976360899433
118.736531972203,-25.0438539907351
118.738863348745,-23.2551735821586
118.743171123056,-24.2014893690632
118.744252671833,-25.1018769673041
118.745038685227,-24.8152547933067
118.752494493931,-24.5576353002207
118.754756220157,-26.0832298976005
118.757384634051,-24.3358574194836
118.760136068805,-22.8800469803102
118.761204563992,-25.6125515576323
118.762708311496,-24.3389310277043
118.763713060052,-23.2756568129157
118.7680079792,-25.409832786004
118.76963551552,-25.8458106494234
118.775008173347,-24.2575249671037
118.776595632345,-26.5456981659664
118.777803207993,-26.4067085512672
118.777826974786,-25.9145050812349
118.782772290776,-25.1477584245923
118.787335850811,-25.4896188758007
118.787459803184,-24.6496548432377
118.788209765969,-24.675366030935
118.792896633826,-24.8977839356454
118.793321642188,-24.1887797882821
118.793610154267,-25.4440332881612
118.795178291633,-25.5471812917483
118.795938186814,-25.2164332784779
118.806071763053,-25.1853461254368
118.807550245852,-26.8236414808708
118.81033524838,-25.0579656189097
118.814615220305,-26.0303032000333
118.816917509745,-26.3948152232175
118.820629928083,-26.1345373711263
118.820844454252,-25.2375471403762
118.820851287322,-24.9577608356906
118.822184069229,-26.2455161084116
118.822519650452,-25.3646041433951
118.834795065108,-24.5356477184051
118.835366715645,-25.4148091247142
118.837234950387,-26.0120147102305
118.841529713064,-23.3385131731869
118.861950331244,-26.3940820447026
118.863034082996,-24.2775113827421
118.867443012796,-24.9491031495921
118.87454121156,-24.5606621841202
118.875690600593,-25.0334455527578
118.878075693731,-24.8636178450222
118.879006043211,-24.274749186889
118.881105055234,-24.1209766775286
118.881611275626,-25.5936465093245
118.888093944092,-23.7775814816591
118.897106453114,-25.928461550551
118.90550433862,-24.0216054207128
118.909370443647,-25.0895940635345
118.91308688804,-23.4825319726949
118.91543710296,-26.4829544871986
118.917101338116,-24.1449997755498
118.918173992087,-24.2287665569042
118.91840204212,-23.6721756996512
118.919898892659,-23.9797024605423
118.921293394645,-24.0547839834019
118.924397783805,-24.102123851534
118.9311407951,-25.2123968324284
118.933794314481,-25.0551736850475
118.936316183017,-25.2958565829845
118.938920192541,-26.4650426014725
118.939873926353,-24.3952681954674
118.940626165574,-24.7145872201374
118.940908365679,-26.4663464200067
118.942100363878,-24.7917898839994
118.952509928629,-23.4239007765734
118.955027765632,-23.8729529192183
118.955568921038,-23.3423099337409
118.956579881922,-25.3812288960246
118.957520553303,-25.0780873991273
118.962235733548,-24.6465207523174
118.966773912727,-24.2882518523337
118.970223876247,-25.1426990877334
118.972716645326,-24.348251600216
118.975071452698,-24.7095898851819
118.980855335451,-23.368921163335
118.981694988147,-26.1833467681092
118.985676326346,-25.4588627918994
118.985744227183,-25.1514872027782
118.986449947643,-24.8751163785159
118.986701400222,-24.359399575992
118.990424684835,-26.4156041914892
118.990921007261,-23.5130937660718
118.991497947271,-26.1544848203284
118.993706297931,-24.4321450862612
118.995930593325,-23.642606714386
118.996536378436,-26.28147468346
118.998371933878,-25.531008404657
119.004694854741,-24.7271804650751
119.004975697303,-23.5379164966704
119.009060854489,-25.7653465635262
119.010557680662,-23.9932475302654
119.013303461121,-24.5212519858567
119.014525002779,-25.7654405035076
119.022381441309,-24.3849139584211
119.022693747628,-24.2595078603853
119.027273398197,-26.2658113571925
119.029882546476,-23.8624183836852
119.040033812495,-26.4147147720791
119.0418735175,-26.4593155383627
119.043212517579,-24.6204299770836
119.047297461923,-25.6957082671985
119.051459365003,-25.2027413734392
119.057346185356,-24.1784085293595
119.066663483081,-25.3004762473915
119.067662894111,-24.6312597422809
119.068249287584,-24.0524786515708
119.068270343554,-24.7847264018586
119.070747334454,-24.8296349849568
119.072381744146,-25.1915017975287
119.073564812023,-27.4078011158652
119.075589968481,-24.6793498583405
119.076575091704,-25.2380040312847
119.079480699799,-26.0505490817086
119.080370970715,-23.822110655967
119.08553247328,-23.3520479650031
119.086287330713,-25.0511781533363
119.086746682358,-24.660896599554
119.087889947331,-25.8134576205675
119.091214071724,-26.0530995482896
119.091263200514,-26.5489388200902
119.091889491975,-23.3616296626107
119.099463414091,-25.6027265398758
119.109505509957,-24.9779050313992
119.113570228174,-24.716619361972
119.115541617084,-25.1368271605882
119.118547724676,-24.8210519669836
119.123141238796,-24.675945080622
119.125477642104,-26.8908810959295
119.130804983105,-24.7650675601356
119.135012212434,-23.8423049210003
119.136834807849,-24.9623001413659
119.138167176984,-24.9357269754044
119.148516085697,-23.6750429040705
119.150827792814,-23.5396115341395
119.153293581284,-25.2885223893489
119.156997731323,-24.1964276945435
119.161393634028,-26.1595314508123
119.162776673046,-24.976394955084
119.164487950171,-25.6598397029544
119.168373992863,-26.0212706433888
119.168801563276,-24.54121150647
119.169733192027,-25.7689558077904
119.17023831808,-24.4362353339391
119.170968496625,-25.4655240574235
119.17266092773,-25.1248592961155
119.1761762062,-24.7024146360717
119.178384608963,-25.9908367402819
119.17964679416,-24.5861583193795
119.180428944993,-24.1616550396932
119.180973939435,-24.0557217671503
119.183704794578,-25.3358053441047
119.186121001372,-25.1858578783936
119.189112842815,-25.2054528392614
119.189130982429,-24.4454521869733
119.190304495663,-27.0135042480976
119.195136847174,-26.1387367575914
119.200426550863,-26.2122024550418
119.204842453843,-24.4318515010328
119.210637066217,-25.6570262196727
119.211260396857,-25.0552407142483
119.214557424806,-24.8975373968913
119.223246567794,-24.6587266072472
119.224358415404,-26.6037983433551
119.229313416758,-24.4370410161483
119.231404328855,-24.0963370936492
119.231647032627,-25.6804440202018
119.23241004779,-25.8779731623172
119.234328262499,-24.9227273592454
119.235419733822,-24.5204164775568
119.240198667612,-26.2040318919878
119.248335999114,-25.2353471283311
119.250588210825,-24.8163998844701
119.250610301474,-25.8844000348563
119.251327864185,-24.9721819467231
119.252099583229,-24.7387001364226
119.252303914168,-23.3770672426789
119.255531931999,-24.952678176743
119.264840279236,-23.8953131671707
119.265411102243,-22.1021808693871
119.268180697138,-26.6815125295932
119.270538345547,-25.627469505762
119.276565157288,-24.6729672208831
119.277686753167,-24.4821928067864
119.278426303165,-25.3991059179784
119.279713363302,-25.2879308010853
119.28538001552,-24.797167408766
119.286847475521,-23.1009799471535
119.289030972126,-26.6654748568893
119.289520680874,-25.5908680915033
119.292965142609,-23.6944179058479
119.293100950405,-25.6201739018606
119.293420763285,-25.2294272653354
119.29444458183,-26.5185457879132
119.298910212253,-23.8891680886586
119.299066654674,-24.7484216505798
119.29913240246,-25.5955846047177
119.303875160177,-24.8960377400559
119.30717264452,-25.9735890542561
119.308714026888,-23.4807184618395
119.312668517229,-25.6320184875649
119.313321830533,-26.530993550989
119.31367292774,-24.2661739896145
119.315116599677,-25.2223218673416
119.317030015293,-24.5757873130408
119.317609197071,-25.5149719012737
119.319170745363,-25.4994055116699
119.320245122994,-24.5264776738643
119.321544208316,-25.6801110174885
119.322796728294,-26.971897238173
119.322823250279,-25.6303876932349
119.325285535237,-25.3638500527269
119.3256658575,-26.0585518866869
119.326192733101,-26.5560562361378
119.329214323685,-24.5696684015861
119.329773903342,-24.7588330539484
119.330972776656,-24.8894706915301
119.331929591589,-24.4230557628325
119.333930981325,-24.5555982539471
119.337791216635,-26.6125306461573
119.33867442433,-25.9888044360508
119.340544352153,-24.5157467193573
119.342549974767,-26.7636212640224
119.343044907619,-24.8682060843518
119.345573524872,-24.960193670548
119.34677201885,-25.7533903521246
119.348412043507,-24.4800007090998
119.353188997051,-25.9918363985413
119.353854953447,-24.4612419110588
119.354056538706,-24.1774819136947
119.354944858479,-24.6210498614285
119.35724960466,-25.8476370044382
119.35926234072,-23.0922517136471
119.362708323918,-26.3649979683985
119.364297292808,-26.9501811919815
119.365035885506,-26.2622493403736
119.370281695878,-24.4683592819552
119.370309809164,-25.1094942268071
119.371703724968,-26.6518992982055
119.381680563935,-25.5370290355756
119.383950262572,-25.8593143937567
119.385012762778,-26.3249707554634
119.388208650923,-26.4077057485498
119.389022749251,-24.3651857407971
119.395541725816,-24.7221640577614
119.39784016833,-26.0484968876912
119.404747347365,-24.7693771619697
119.409574642395,-25.367823130844
119.41485059597,-24.9394052774838
119.4161290628,-25.6697308627434
119.417587629953,-26.4189260097589
119.417758447369,-25.773476922033
119.41809772126,-24.8557164542139
119.424799090248,-23.9700689894044
119.427445228064,-23.7579547763209
119.428016276271,-23.6912331904797
119.429577291179,-24.9068695078372
119.431365859509,-24.4767051564887
119.432172724358,-24.6733503861768
119.441229052399,-27.0406135081002
119.441356975667,-26.7024343558949
119.446844979474,-26.4234151629585
119.447241966542,-24.6079583325051
119.449937971377,-24.7616324158892
119.451103133189,-25.6334566850544
119.451175705348,-25.8978649345616
119.451813514831,-24.0951282095444
119.457331014203,-24.0185707416267
119.459409778065,-25.5332598637212
119.459913426795,-25.7697682211502
119.46292062862,-24.0581327181408
119.466109183995,-23.7085949685127
119.471112764075,-23.3016668604544
119.471552332749,-25.5059370375999
119.471902495021,-23.8158345063778
119.472876158684,-24.3795078492695
119.473609919823,-25.5978218927334
119.477641798663,-24.953231971588
119.477854332272,-23.1832518127111
119.478222264074,-26.1772911279456
119.481581479567,-25.9360549545079
119.482576354985,-22.3016255733552
119.482825356447,-23.2078363056639
119.487172666603,-23.5934807526378
119.487254493655,-24.7043553027225
119.489927643081,-25.1112148131915
119.489932052143,-25.3357318819409
119.496097770565,-26.1307706528571
119.49689099478,-23.966468337882
119.499787533406,-25.768372690473
119.502190589582,-25.9021777837857
119.503348971522,-24.3770026682497
119.506029761297,-25.5439501891907
119.506049849521,-23.7977797097333
119.509192338072,-22.6388134262912
119.516735259364,-24.4279045274598
119.523557668243,-25.3298844390303
119.523921081679,-24.5692032117829
119.52850082427,-21.963660102233
119.529033760844,-25.2125571648696
119.531745287935,-25.1918358986664
119.53185629257,-24.1550885432185
119.534855429225,-22.5251964006055
119.541523034453,-23.3576848177975
119.544320616109,-23.9376951763271
119.552282745226,-25.2600071116195
119.559315631514,-27.0269290317667
119.561384661074,-23.647677802583
119.563424311986,-25.3625728310547
119.566945446909,-25.5625779613327
119.574581491208,-24.80698972357
119.576258877688,-24.9861015612378
119.578502968205,-22.7205107744002
119.579839125715,-23.8742078083946
119.580817467015,-25.9161402610677
119.587271688529,-23.7348772366064
119.590494145459,-24.8806806214168
119.592326517697,-24.930794685431
119.600016283793,-24.481231921358
119.603152671246,-24.0330018996649
119.606000333506,-24.9994558241375
119.607758414163,-25.3465604550104
119.618721549965,-25.8276076206484
119.622289690455,-27.1276334023035
119.622369729207,-23.5287913522537
119.627961535267,-25.2821939966549
119.63419185891,-24.0256326580989
119.640071230636,-25.1772259866587
119.643162600534,-24.3600589726983
119.645964141066,-25.1585018693368
119.647985973929,-25.3571936933052
119.650527569827,-23.2476028058205
119.652095307425,-23.4630097008603
119.655101848793,-25.7549578154459
119.656410701769,-25.0417564839318
119.660615211675,-23.5616254802644
119.66284606799,-26.0371650887244
119.663222288149,-24.4347144735788
119.66499349519,-23.7046066440119
119.669855226728,-25.439289237797
119.669915240319,-21.1560458850729
119.673276898127,-25.2915880469878
119.676958390864,-25.7860851267102
119.678621632661,-25.8480819929308
119.682401739422,-24.5559082254156
119.684549216169,-24.0217538993219
119.684848824731,-24.9684790914692
119.686088470379,-26.7739897514523
119.686331570634,-25.2524477081387
119.687114470669,-24.1897691021325
119.689968258836,-24.3770911059366
119.6912990482,-24.8214380879392
119.691988170704,-24.792621624822
119.696854875708,-25.5330629870884
119.699489436079,-24.4120280004356
119.702823886983,-24.3448807833426
119.704045168891,-25.3200945215125
119.709243143153,-25.0750325207323
119.710393056668,-24.3869819429561
119.713377959846,-25.6082605392283
119.71727913308,-23.8566024484363
119.717771303675,-26.4364189943502
119.718304407776,-25.5236788878562
119.725057877398,-25.6793446060551
119.727558628244,-26.251449486266
119.732840636435,-25.2439607369093
119.733884927259,-25.5129000740319
119.735179202037,-23.4267935551166
119.737315196009,-24.9525856053743
119.738718917392,-26.4481239989289
119.742062743687,-22.3110630262323
119.74851597413,-24.7158873391626
119.74977990791,-23.4222866523459
119.754495121556,-22.7864968955945
119.755849812765,-25.4003972039367
119.758253367187,-25.2565290477684
119.760663447896,-26.7205016189631
119.761056315873,-25.0366814392896
119.761193483532,-23.8389427190763
119.761921356706,-25.5638404996063
119.764576320637,-25.1897810537612
119.769270951226,-23.5428598146588
119.772814956109,-25.6072968150817
119.774664614637,-25.8735303196566
119.775602334739,-25.4417413783229
119.776835227945,-23.6083039313742
119.776871348997,-24.9325868070517
119.778069873358,-23.7024181678615
119.778449929654,-24.4152388522968
119.782218230573,-27.2121951649203
119.79367913052,-23.9002194123718
119.794450854273,-25.3851072507695
119.80032593164,-26.1974624438728
119.802659457421,-24.8680643282799
119.807661066261,-21.9773599459952
119.808364558185,-26.2735742892883
119.808603928601,-24.8208485980156
119.809502931059,-25.7796898059652
119.809750516453,-25.7133795761367
119.811887134417,-25.4393204222282
119.813935298915,-24.6889001553233
119.817279048111,-24.0619419200229
119.817949912411,-23.6203825138549
119.818027562588,-25.0253504374558
119.819673037965,-25.6527123601351
119.823675645123,-24.2830369027856
119.824269337378,-27.0045576419073
119.824643851548,-24.6346917636114
119.830679669427,-25.4726578801814
119.831181510505,-24.5711193825373
119.832183504366,-24.5958888635356
119.840560714025,-23.2336283899373
119.840570057598,-25.5889659647036
119.844884754027,-24.6846105237164
119.846846800501,-23.7366172204782
119.849408223407,-25.7964550365873
119.854273323461,-25.3893308632534
119.859448570843,-26.2621155888467
119.860075080029,-26.1625051545832
119.860564102756,-25.1082934793047
119.860937128871,-23.3587906805134
119.86675955334,-24.0615732085134
119.867876161893,-23.5043318341863
119.872074532633,-23.7139504811577
119.872907854866,-25.3516600193191
119.874050882923,-24.8510790754075
119.875726195999,-23.8728475108472
119.87586662239,-25.0754019897347
119.879290492862,-24.6905997788542
119.879512018188,-25.8400795688884
119.879898220758,-25.8209640802667
119.889449216474,-25.1182283297627
119.891804246625,-25.2709074459997
119.892181146567,-25.4204102925361
119.894910717182,-25.8319422243936
119.89631310552,-24.4840297191199
119.90033629473,-26.3323083361604
119.901986418765,-26.0942642051064
119.90346537539,-22.6205583451993
119.912453248624,-24.3812889109932
119.915340284969,-25.5674876854347
119.916642537792,-24.9885069469223
119.930696067912,-24.9413631558615
119.930766979792,-25.7621622022423
119.937263620602,-23.92520834126
119.938647275227,-23.6958055521229
119.941957465709,-25.3236603183019
119.944387150052,-25.9286002594268
119.948431516525,-24.8682811941487
119.953050764322,-24.6797937167602
119.955500656911,-24.5021213756177
119.957445860446,-23.065066939765
119.957670106623,-23.5704504762913
119.966976936843,-23.9669089116225
119.970638026379,-26.0785539428623
119.973429845044,-24.0577588139182
119.978293709449,-25.546606969953
119.981687354683,-27.2366310897042
119.982178685048,-25.873637289105
119.992299302789,-25.810360377979
119.994472760699,-25.6501118259696
119.995965892878,-26.0589642379223
119.997313524115,-27.2780880118413
119.999843691615,-23.0941961356596
12.0081192916309,12.1436896372265
12.0123193168467,10.5176162321903
12.0129410910635,12.8255366844075
12.0160954811604,13.3805122339257
12.0205725268018,12.7245923413771
12.0222501239415,10.0431742922853
12.0261393411416,10.147664246705
12.0269419338254,11.3981147806642
12.0345986003291,12.9297679948799
12.0350094264102,11.8131382890333
12.0373438557797,11.9955297609484
12.0480935258185,12.3218172918485
12.0485550025938,11.1718368887865
12.0491685185282,11.6485687861259
12.0533887480038,12.5475429146867
12.0539013284454,11.2958233447175
12.0545861033502,11.1865670534657
12.0582863948629,11.7551669391769
12.0583215110341,12.3866312544654
12.063875104701,13.2898507287874
12.0673586984269,11.7015764109826
12.0712074510779,12.3904268297522
12.0723177223111,11.1253534692378
12.0808444345132,10.7963454198714
12.0821305094748,12.6009016688429
12.0826022992742,11.5310181191566
12.0857548474413,12.1993063027414
12.0861011175033,13.2381662879933
12.0890318659697,13.7811505216265
12.0931770067289,12.8413399317303
12.0934572485983,11.9239154890466
12.0934709491043,12.0572226316617
12.0961854190335,11.9070125071119
12.0980442319058,10.4399752539081
12.1035235615598,13.9069603033387
12.1045558723612,12.4800912769796
12.1072006055863,11.5394538180379
12.1084695561424,11.4887754519327
12.1153205975648,12.5880592141311
12.1156560552486,13.9809050890024
12.1208954176113,12.3570938303423
12.1221697313868,11.6414310812193
12.1262963329239,10.9529497753947
12.1267507416523,12.1174713577208
12.126803926421,12.6815779457878
12.1294330745117,12.161349073393
12.1310656692082,11.9802625659392
12.1317852277114,12.4902892200272
12.1388902087476,11.3436661946627
12.1418284072913,12.6265372578648
12.1487646756954,10.9423619397478
12.1531842400235,11.4434879479502
12.1542853774478,11.6997080290625
12.1543723662884,10.9355785350544
12.1592605565587,12.118943782333
12.159261175335,12.0030309608692
12.1615077893659,13.2977464610126
12.1627468865624,12.5527441731428
12.1632291636179,12.1267298762207
12.1646670077152,11.0071777397792
12.1671495798623,11.6830004504914
12.167422081215,12.2231223139952
12.1691045987279,10.9255351033147
12.1795253452162,12.3004463524684
12.1796691053515,14.0622964399047
12.1806675515822,11.2587122173913
12.1840371496164,10.8126609730315
12.185940657835,11.8864342908898
12.1865902848836,13.0329133668247
12.1902999670805,10.1111170803958
12.1911580529277,12.7407899900168
12.2015796730083,11.9742320813458
12.2089695673357,14.0685617809387
12.2139581094221,10.4850927175801
12.2143012033128,11.8165930048479
12.2149577593906,10.3074158143042
12.2185163239425,10.2419052078617
12.2206860246131,11.7644658804597
12.2210663472091,11.0212740989022
12.2331496465249,12.0002047401714
12.2342611103867,12.5856122920654
12.2353670406394,13.8830502341934
12.2359312724271,11.7760979103132
12.2367657358726,13.1796918809257
12.2409552964018,10.0897578361388
12.2418252881494,12.6269685632859
12.2418778692592,12.6706492833034
12.2475360807849,11.8999294874296
12.2569691994884,9.89526979509915
12.2606062810708,12.9305243723211
12.2638715891641,12.7910782283207
12.272895069259,10.8042587763116
12.2812867161421,11.8473617791614
12.2822318386731,10.9580830475903
12.2851636576504,12.0168519039236
12.2866030155995,12.2212419493304
12.2877340738424,11.6964166924334
12.2879043353477,12.0977226184061
12.2898241026806,11.6667792030001
12.2932832746753,13.2503402804832
12.2943841235302,11.4739065460625
12.2948643509773,13.0295620953217
12.2950968208532,11.8687283115813
12.2988461646834,9.8205295313411
12.300267066203,11.5264215171637
12.3029918736515,12.7386970107805
12.3057168247672,11.5017805352482
12.3071236762017,12.7707013181979
12.3074283758958,13.5190246372533
12.3092216793831,13.5937263210177
12.3102870921539,11.8863857613453
12.3126943802339,11.8717482250914
12.3172868850366,11.0275465910853
12.31878960098,11.8911244515099
12.3198028677311,11.6912820661814
12.3201477326446,9.58324821237275
12.3241390538694,10.9937606443688
12.326984494297,12.0222723873337
12.337310110265,10.6002909552242
12.3374265724156,11.3748854641235
12.3418170955687,13.1446992157209
12.3423851149456,12.0266676488935
12.3471674610865,13.0294038602925
12.3477671101345,13.3969123507825
12.3599112628427,12.9754689521863
12.3616445580916,11.7160799137543
12.3627492764272,12.6998066699844
12.3628986603304,13.6919553544623
12.3629898055893,11.2705384829063
12.3692787837525,13.1033837194246
12.3712384022813,11.4095051586358
12.3721660888426,11.4007159511556
12.3752892690712,11.9304247368047
12.3780610369113,12.2290056093474
12.3791265830559,12.8426889843681
12.3808986639338,10.8228696411084
12.3836968045665,11.8878241364493
12.3884259222691,11.0137513045138
12.4069056530594,12.3291926703776
12.4078258646981,11.7570056295602
12.4088200956637,11.1317523369039
12.4133455043729,12.0830813844637
12.4314710149238,11.3682199520453
12.431909092241,9.7115388187661
12.4339354068296,11.1472199537309
12.4371454172349,11.0110095978487
12.4390712762025,12.0257178092051
12.4392674145528,10.6753650666181
12.4421351593817,13.3125238483093
12.4432751064911,13.6215831630263
12.4435819160232,12.8983922489484
12.4453667160097,11.2274981138097
12.4468927658307,10.9453670083662
12.4478289469246,12.1123563305919
12.4519593219837,14.0282474823471
12.4524046054584,12.1106425077702
12.4532218127843,10.8396187415589
12.4545373398969,13.5666564360002
12.4579433753313,11.7754002162839
12.4591789947678,13.543277167798
12.4596260239317,12.7679092585326
12.4604130376449,12.5371035780529
12.4615876338578,12.3832692100868
12.4625365383931,11.7805416169897
12.4640849267616,11.8286750179798
12.468472416118,10.4791816663752
12.4711128295106,12.236241339952
12.4713937248716,11.4741671464125
12.4729401031202,12.9089963158967
12.4787024132622,12.9977093270676
12.4800161924996,12.4726290172892
12.4817173131433,10.308445203974
12.4822514505828,11.0992925109724
12.4827431052497,12.7516459637312
12.4833435035224,12.3059045541954
12.4879289880644,13.2819083616705
12.4889773085262,13.2199053071998
12.4900192619105,13.7798628724425
12.4913851872662,11.1089256673208
12.4964867891953,11.9220571935345
12.4988971952196,11.7665305100186
12.5006763614801,11.8066132410149
12.5014735565071,11.2760563520698
12.5075855376511,10.7379577779842
12.5122815936051,11.6267459247252
12.5173861646862,14.1993589546569
12.5205528872702,12.8504758226849
12.5225705198311,11.9537011263673
12.523460109771,11.4264687635865
12.5274580673752,12.3708572415926
12.5274816333122,10.8101969777136
12.5279559795307,13.2911677546147
12.529748672361,11.1261304259282
12.5318466863202,13.3314771906928
12.5384263116894,12.1491290331809
12.5477809844265,11.3718445993572
12.5492864425286,13.2399214188485
12.5497635784013,11.8524325759246
12.55036101933,12.9582858944204
12.5522107253114,12.8391317943425
12.5568616960199,11.2582673834952
12.5589010530513,13.1631444735702
12.5618493355816,12.6351446143018
12.5619427760067,11.1414900372458
12.5635650086317,11.1779519855252
12.5668289373405,13.5419134999864
12.5740719159857,13.4888474802957
12.575222525893,12.6268119605827
12.5798650491808,11.784039373886
12.5800218527499,12.1122141232179
12.5820145557015,10.797010689125
12.5825181750739,14.0346189063023
12.5846006629033,12.0147406942961
12.5878874341976,12.0815089374386
12.5879130118743,11.3985468200011
12.5913710656746,14.1811560624713
12.5922798271614,11.5527470846586
12.594179575486,11.8837839270119
12.5951886158393,12.303214974578
12.5960651297147,10.879292320324
12.5993467011433,11.7088979018376
12.6003714395242,14.4639931638194
12.6011264423854,12.996686401666
12.6011671460673,13.1368600210276
12.6056202641926,10.8790292122246
12.6067809681393,12.4519034698708
12.6141583578583,12.4345607790643
12.615511163107,13.0463513900224
12.6155996026613,10.7014296352234
12.6188811182028,12.5231959843265
12.6195331713086,10.5944593166655
12.6297819467536,11.7339179488964
12.633611103488,13.8530150884984
12.6340657705989,12.013090705235
12.6344757152063,11.1241150896857
12.6366478067999,13.2576889523089
12.6376167996408,13.400448781152
12.63974983156,11.6416088385601
12.640205867286,13.1920175941227
12.640448071445,12.2885857883064
12.6451623381275,12.9071848010321
12.6505320533982,9.43064905633963
12.6592570775814,12.0275774058663
12.6642470413001,12.4460097283202
12.6663206436668,11.548981753758
12.666984368056,13.5550425284133
12.671885976266,11.5055881908261
12.6726750843195,12.1484771125555
12.6774913700463,12.9410158329739
12.6777847648373,12.5022916023164
12.6788681459078,12.554580076619
12.6822777345579,12.3403434236127
12.6840743624233,12.8342771767429
12.68541952892,12.1746830086196
12.6863627852712,11.7832586570402
12.694921462993,11.1349557775579
12.6949722412446,12.8458305772085
12.6956707684264,12.9581708617911
12.6975205536022,13.1477560835315
12.6980720912192,11.4857244615642
12.6983622880544,10.0796686135861
12.7098047674134,12.3922933301843
12.7129794701354,12.7398273091662
12.714435616931,11.9821210945881
12.7153712489208,11.1938939947945
12.7234447374873,13.1185080269961
12.7244038431311,14.4825078796643
12.7265411774153,11.6989381264583
12.7299284422651,12.1028355698726
12.7313002226606,11.9052426286854
12.7328771765653,13.3176319268123
12.7371231292995,11.8392997168392
12.738718393376,14.3079843085474
12.7401162167656,13.4377875780323
12.7412315584535,11.1256493457197
12.7443276139631,13.2561897635231
12.7574552254108,11.510608542485
12.7584631722131,11.7233199305329
12.7602862778451,9.37783275856485
12.7620432440487,11.5064807207167
12.7625708989289,13.1483951908986
12.7637964782234,12.6843254237873
12.7698508202537,10.8197852864583
12.7702104990067,12.7888113637504
12.7723039122068,10.5940977977182
12.776929106531,12.1520634153861
12.7786611385429,13.4214509830779
12.7794123483353,13.2298870243893
12.7806021980598,11.5816752165415
12.7846269598388,11.717194861656
12.7862537436639,12.9074999638598
12.7869418150388,13.0801307800673
12.7904867617823,12.2128441124931
12.7962566539168,13.448739001042
12.7987446145057,10.2870619626125
12.7996839021363,11.9889266083398
12.8151974824076,10.8305817240729
12.8180300474634,10.5681375460608
12.8221805921521,12.9692497206819
12.8240159331149,11.1951815880485
12.8312606997909,12.1453689841147
12.8353916105743,11.454679806986
12.8354270215048,11.6532819456231
12.8409080951044,11.3254234967707
12.8436887350144,12.0746303123827
12.8466012794676,11.4632139604618
12.8522371777257,11.6552572887055
12.8533857815661,11.6053396181109
12.8563494877926,12.4877578370361
12.8575679812234,10.6469424760137
12.8597668545485,11.5671986286637
12.8679328714046,13.0881681581158
12.869784760274,13.4553526854231
12.8703747961868,12.3864782856953
12.8722353251518,12.9213731207448
12.8784450372638,11.0017949825239
12.8810935166307,12.32002914096
12.8821476835911,12.3953862949071
12.8831734279647,12.2412405666213
12.8854972725209,12.2183454320366
12.888710657211,13.0407498599775
12.8891238670756,11.9952137430989
12.8933509202926,11.8915453307516
12.8933533881831,12.311639639082
12.8939563916547,13.5903471230811
12.8944572557414,12.078200018696
12.8967685867787,12.2944334614122
12.8974818834548,12.0375292207895
12.9055348906916,11.7365141336744
12.9083646143289,13.4363600120649
12.9086597281335,14.5702067107559
12.914454235408,11.9220350957308
12.9214392831596,12.9886657643044
12.9215570935749,12.5653723010711
12.9235536880882,13.9465907918795
12.9249654780153,11.8910372894573
12.9349094136726,13.1889010844441
12.9386627801175,11.4051151109351
12.9455586268411,14.6430498642447
12.9469905908828,12.2621718187356
12.9473424048865,12.4195867002537
12.9475219448235,12.4654722049016
12.9484294677222,10.9783920202277
12.956125344854,13.2714379106124
12.9580300394094,12.5359514414008
12.962752710211,11.9043869150912
12.964695455329,10.9585614194002
12.9659346973776,10.0656736100174
12.9684397395048,11.8882982139447
12.9685038353082,11.4012533368702
12.9692044818726,11.7605329230842
12.9756963158397,11.1427336636166
12.9783081758749,11.1716279907819
12.9801290583029,14.6189356291508
12.9927235170178,11.5460334790995
12.9931128093461,11.4245198921329
12.9943700377354,11.2999489748988
120.000661073169,-25.9560115581119
120.004172270947,-25.2012247197074
120.006657380186,-25.9754622755505
120.006817861392,-25.6482047868118
120.01360981956,-26.1441001852972
120.014244035095,-24.9688062109248
120.014866742144,-25.1364846990122
120.018016894348,-26.1930712624712
120.019042510726,-23.777507259971
120.024991333153,-24.7733616611292
120.026254213603,-23.3157082352744
120.026285688128,-23.3341438992954
120.027309634928,-25.7908772382369
120.032242701933,-24.8289406373794
120.033592749938,-25.9906806372584
120.033854901789,-22.674122349838
120.04247917182,-23.9908021221152
120.042666036178,-25.3612415899647
120.044711245078,-23.1120977854847
120.048975043668,-24.6724236782767
120.061407914105,-23.2114314562298
120.063426435554,-25.3475939926809
120.065293974282,-23.9430290258471
120.06576670261,-23.7985600738569
120.066447465898,-24.5361949657787
120.070762625332,-25.4467708075945
120.071595999973,-25.5219104540259
120.078473029015,-24.7432542855344
120.081070805894,-24.5129090532983
120.081160997375,-24.1961529435211
120.083479251132,-23.9564929170639
120.084500580506,-26.4207902652703
120.087931352908,-24.0628320033467
120.095072625956,-26.124179746651
120.095283209973,-25.6870839446567
120.097876151849,-24.3304066798491
120.10540566285,-24.8230159914511
120.108848832783,-26.8921544510235
120.109765376677,-26.0236471135519
120.116558056549,-25.250192629558
120.118780369576,-24.8757234492024
120.121553095813,-25.9584620606703
120.124682857257,-24.0479275596886
120.132873868118,-23.8661583789571
120.133408586772,-23.6512861333759
120.134138208174,-25.5782172824897
120.139112390778,-23.6172543717869
120.142452541658,-24.0532709792651
120.142867785823,-24.9209739055884
120.144133622107,-26.043070655666
120.147622892816,-25.3935922267349
120.147983683119,-25.4149080835284
120.154557289169,-24.9675283397876
120.155221034384,-24.807195274399
120.157288581069,-24.7007091749324
120.178851582023,-25.6499701147459
120.186356960334,-25.8279027414426
120.186511242135,-24.4963764360177
120.189542549071,-26.2799946221093
120.198303583335,-25.6805181620046
120.200215579845,-26.1661536581016
120.204604408028,-25.2961142329573
120.205814936504,-23.7357621959351
120.212238422174,-24.5378146693744
120.214959592299,-24.9068583087809
120.215547224284,-25.1030967143863
120.223670499215,-25.2839405814736
120.225182824871,-25.9684138536334
120.226756579128,-24.8116922386156
120.230124334478,-25.0929428486448
120.231846211459,-26.7689209541185
120.239129027986,-23.4908588727265
120.245796605268,-23.9840962902529
120.247478951503,-24.7020623915698
120.25263409725,-24.9882901515494
120.252994149481,-22.7707189860886
120.260597264,-25.7634285360311
120.268789096434,-25.2183521869319
120.271840129476,-25.5061815179921
120.272221400316,-24.6583775774677
120.281989420759,-23.3601489982364
120.285002402887,-24.063649660511
120.289402103003,-24.6604290762947
120.289776393644,-24.8015148633496
120.296691239848,-25.0181117557054
120.298273253182,-25.7193717989682
120.301400019107,-25.3244391334117
120.315344552202,-25.028529013963
120.323546858163,-23.8399910467432
120.333267404544,-23.9559989759051
120.334349186765,-24.6556459150441
120.336232452779,-25.2197115434595
120.337116044833,-25.2739703170926
120.340129605817,-23.8129640762062
120.343658199061,-25.1995798982404
120.347152800062,-27.2564201795777
120.355674801495,-24.974786539798
120.3604244745,-25.7798063655525
120.361340285777,-24.4600930270375
120.361351307071,-24.1073242198972
120.365231978649,-25.3341760403047
120.368514682685,-24.3013483587147
120.371948523531,-26.1799498223249
120.378464264742,-25.1624546917428
120.380846952208,-25.1990561465611
120.382952122697,-26.3382937645388
120.385406403276,-25.2051185701122
120.390996984894,-23.6695019256429
120.40015465811,-25.0968529433473
120.402998505438,-25.0383287848597
120.406266631004,-25.0410166295496
120.406391655744,-24.390350799983
120.411364175654,-26.0873168024439
120.416385074006,-24.1792279030048
120.41705175832,-24.4531587864568
120.418350740996,-25.4940652269713
120.425710726079,-25.1699754714224
120.429730104883,-25.503725837374
120.435051688383,-24.0124517996198
120.436305280067,-25.5872657968232
120.442676144835,-25.2389338885102
120.446377743179,-24.8071623855742
120.455368223944,-24.9355114771769
120.455770214162,-25.3217525348655
120.459727796125,-24.1217901063207
120.459758417947,-25.4411665380006
120.466908538819,-25.8187751476203
120.472006319952,-25.8975276776765
120.480117066286,-23.1894385156877
120.480654502588,-25.0489369311451
120.481260260031,-24.0891545826026
120.486766767684,-24.3396642088304
120.487721348177,-25.3703141413999
120.499188904039,-25.7678940080436
120.506094235016,-23.8627388672586
120.507949160793,-24.6278349638193
120.522890648511,-25.1718852449248
120.528463780705,-25.2738554568182
120.530778723271,-24.9565142669451
120.530813648036,-23.8520332981997
120.533885828249,-24.8374924087609
120.542444686125,-26.4518720877034
120.54638464936,-23.5233177418715
120.553276623376,-25.7458395853216
120.554376785805,-25.1289712304847
120.557066378296,-24.8765746122218
120.558004791908,-24.0122638881315
120.558635506538,-24.9097956175459
120.56617927673,-24.2552697030838
120.567305631368,-25.2212642674145
120.573132008502,-24.691890959935
120.574211091686,-25.3291486833046
120.580988729248,-24.5852239194025
120.581791403866,-25.1841701123098
120.582257284134,-24.4814019921455
120.590798713193,-26.6750005814683
120.591646846307,-24.0875117666253
120.602718478486,-26.4579925077354
120.613123972469,-25.619169213096
120.615294478033,-25.5570578366341
120.628758550023,-25.2985209800817
120.631486003088,-26.466856730781
120.634174464592,-24.8385012161343
120.637097076818,-24.417553056237
120.646273736434,-26.7296922296265
120.64629876315,-25.802948281386
120.646719839611,-23.9668997343157
120.648505075565,-23.9902156936604
120.649274833277,-24.5209843763814
120.666905551603,-25.5749553189019
120.688873826417,-26.9009524822487
120.690626212714,-26.0436705860409
120.698194947438,-26.778816896348
120.704845099348,-24.6929849854075
120.708120597523,-24.6085830249054
120.714861691103,-24.3697393057557
120.717784240129,-25.1355006695372
120.718576985028,-23.6336230266276
120.728862212939,-23.8495136754932
120.732760112293,-25.0822949003153
120.743369732458,-25.0017376175653
120.752657757173,-26.8804468223873
120.75744402166,-25.8808871640252
120.757641558159,-24.2523331840079
120.766835730354,-25.8726798231673
120.773489071152,-25.9950694832573
120.784914800311,-25.2094630860354
120.785831313265,-25.2533836189901
120.787119530397,-24.0697471849437
120.791434713314,-25.7056856132659
120.791694880602,-24.0793034404204
120.792480505978,-24.8665462934035
120.802891096521,-27.7203732323174
120.803566783379,-25.0581926508931
120.823516298674,-24.5647999879093
120.831442267858,-25.2943910412184
120.833146217438,-22.0657083427083
120.836539604029,-26.4615625405841
120.844922094178,-26.2718516930606
120.85886813853,-22.8613541557401
120.865090972205,-26.0949120066826
120.868839047936,-24.6859394383225
120.869675004687,-24.6679351187254
120.870701439836,-23.9790300872231
120.871710335513,-26.6902616964309
120.892421560316,-25.4345701701834
120.894938634678,-24.3613835863892
120.896117576067,-23.464329671121
120.913741342321,-24.6775592542527
120.967392725595,-23.7115303457249
120.985792163519,-27.9045636607703
120.987085475213,-25.2883524612698
120.987210041395,-25.1886242200551
120.995978300119,-25.3073912972056
121.008676156898,-26.0445959967774
121.015819297627,-25.7945102526325
121.022021074595,-24.5307321014564
121.026736444367,-25.3707040253689
121.036486058931,-24.2265749017803
121.059836969667,-25.719272713072
121.071572130516,-25.031177090701
121.103959707168,-26.3327269194339
121.104139395263,-24.252095793372
121.108480263804,-24.9203259780247
121.127290875103,-25.4696016073807
121.136768651205,-25.6406482544932
121.143629349264,-25.7665623784527
121.14902958353,-23.3120516736392
121.157650721533,-25.9637112377336
121.168743879367,-24.7390656328717
121.181954486673,-25.8508533729612
121.195669920926,-26.2658670884851
121.199661287461,-26.3494864338101
121.20456383103,-26.1120553645236
121.2118760147,-24.1802615017128
121.223322881639,-24.083388733619
121.227544358319,-26.6059412314271
121.23595312307,-23.3178607124574
121.378694236462,-25.3350262638291
121.427290259059,-24.0312802038606
121.42738660507,-25.7896592088782
121.435166091991,-24.0085119862227
121.515395953359,-24.8396939506083
121.611826871098,-25.7351608646865
121.621871851166,-26.4943588447499
121.641457924244,-24.2594912822003
121.67446613425,-26.2482629972088
121.690727755898,-23.7269521972901
121.697387025694,-26.1963517080371
121.708460463881,-25.7767815121728
121.769647189556,-24.460501818571
121.822637014259,-25.522282647109
121.843354007295,-22.4312527187153
121.85014087813,-26.5582584814087
121.941749223384,-23.4417288193985
122.184499791865,-24.0714461840929
122.192427492672,-24.9692309999655
122.204912052063,-25.4344527404995
122.223296058301,-24.7133036050942
122.434797970183,-21.8285868180661
122.458741763475,-23.9446849078983
122.459382915333,-24.4342192705296
122.657173844878,-25.0121875516092
123.007810375907,-24.4593291655843
123.03882339003,-24.0020364716352
123.058153832753,-24.4879925791271
123.214232623453,-23.8723745102291
123.228954840828,-24.0701825055498
123.287662121036,-23.2655199046887
123.382616223208,-23.092195842355
123.415108124649,-24.4248129754186
123.446571497446,-23.8171610628192
123.46307561418,-24.1624392340777
123.51095038298,-23.4384026792217
123.515466098931,-23.3136929182914
123.532645912511,-21.2245583684435
123.562602205526,-22.7830226038048
123.579351240753,-24.6798322286575
123.605502400076,-25.0175422821732
123.622815713491,-23.2295681277085
123.634626311415,-23.121611975692
123.64860562393,-25.6617719611535
123.655100476673,-24.5392596140241
123.675653380417,-22.812339837909
123.710506988223,-24.3137037989619
123.724626723937,-21.2053051909498
123.734586322987,-23.7713168254135
123.741619082018,-23.7090570326608
123.741830867441,-23.0892971948867
123.760285337802,-24.0172105807472
123.768329328235,-25.1088304901652
123.792819805381,-23.5845558334813
123.800452290862,-23.9677054863427
123.801261701406,-22.6475010281918
123.83544283271,-21.0757347383634
123.853061290547,-24.5723729749435
123.86410225357,-24.2163478331061
123.896489333095,-24.652722714584
123.901548499674,-25.3696287449403
123.910042875074,-23.0472453639074
123.947987984133,-24.3032619802579
123.954460842456,-23.178827263822
123.962701846643,-20.7697751609256
123.964716646842,-22.9379253978958
123.969408514225,-25.5613821626439
123.971397945024,-24.7948446192552
123.975742831444,-23.7919619681137
123.98774329828,-25.5469853749594
123.995479084514,-24.7303412295418
123.997117682642,-25.0956190248563
124.002468885524,-24.1309320754463
124.043969095622,-24.1716542490452
124.05260330578,-24.6019365506356
124.070938130728,-22.43119911274
124.07153246837,-24.3541553821737
124.082171155711,-23.6410111467949
124.096934328145,-23.1378855216443
124.107565592057,-25.1954161279072
124.127274218872,-22.175584073697
124.138227892812,-23.4384655092281
124.141390094169,-23.6254421228103
124.149376995277,-23.9174217372819
124.186841817262,-23.3356925154543
124.194450377444,-25.3628715627224
124.19588661762,-25.4192736119862
124.201688449891,-24.1823941047136
124.222931342377,-24.6444369183949
124.227492843251,-23.5583378945794
124.231746366287,-25.0085693720057
124.234629434779,-24.4192682221324
124.253241387483,-23.2937907589355
124.272936508004,-23.7272060436416
124.274295773546,-24.577252281784
124.27515919058,-23.2385731449315
124.278443024899,-24.333177249313
124.280106634835,-23.3010060779685
124.28292223087,-23.392059930825
124.290258125213,-25.2614005722264
124.295114999823,-23.3805119546743
124.29944001384,-23.3430147618852
124.319360337527,-23.9283533856104
124.325190303978,-24.4648214255924
124.326984211935,-23.6876585468641
124.330818651474,-26.402096092622
124.332051316945,-23.8427440219615
124.338154747273,-23.0618277310878
124.354957818658,-24.5620009246097
124.358384434393,-23.4959825151612
124.361375264566,-24.0334210250985
124.373492042872,-25.0211424809764
124.385958726135,-25.6500012671057
124.391267586758,-22.6742066361964
124.394215489274,-23.7021773447584
124.395665304142,-22.8832692592861
124.395820016324,-23.4914033135675
124.412305007206,-23.3710748897662
124.4173440116,-21.9241081535918
124.418384175607,-22.5785033185382
124.421597822725,-22.9172754195795
124.430040952416,-25.404434526522
124.443106692336,-22.660539903311
124.45881652999,-23.9480351523815
124.464766541051,-22.6305601589812
124.472544236222,-21.7900419855416
124.473690943259,-22.8029328260652
124.476572984356,-23.7201643658479
124.483367960453,-24.4790922725181
124.487508981349,-22.7852424503722
124.498588080343,-22.8184261756597
124.510589583562,-24.7243589842395
124.512506051773,-22.9749706842833
124.51266736445,-21.9434935888634
124.513528875135,-24.1991591245641
124.519299287258,-25.2632137752842
124.519870985514,-22.0670035641575
124.521384208317,-23.6222374344435
124.522080379263,-23.1171604760639
124.530882482204,-22.4031041623479
124.531204903558,-23.9774575984324
124.531441339748,-23.7818908365875
124.531791103509,-23.7234203659311
124.534858036057,-24.3773013370419
124.542066765199,-24.3842294676738
124.548802153045,-23.3854943962937
124.552278029363,-24.3288836022064
124.576887066944,-23.6826057009904
124.577149311728,-24.7211986588914
124.579397032185,-24.0490531766639
124.584763837766,-24.0987403120025
124.586183271453,-24.3818195951807
124.599816801821,-23.4269427140471
124.601092607925,-24.2619352822096
124.609784506274,-25.4299761549002
124.611010665929,-21.5751058599961
124.616392156796,-25.538874590555
124.623288440202,-23.6368678060526
124.624577801643,-22.3574418095603
124.627411195948,-21.2350297031077
124.6287044639,-23.0895230901905
124.631236905013,-24.5430911131107
124.639292309616,-23.5155975643859
124.641206995115,-21.4815749474488
124.642778689962,-23.3749326812009
124.645577870027,-24.8003218622119
124.648018122181,-23.5369414933314
124.650551717135,-22.7507697470223
124.656788560594,-22.5588782339936
124.659360679027,-23.5496931734387
124.66322208168,-22.3418465237285
124.666346628547,-24.0050267885531
124.667780955793,-23.2695874941028
124.681250298955,-23.795753177225
124.685479523484,-24.5904176053484
124.686431777057,-22.8584877171186
124.688006501439,-21.8459656077194
124.689736505537,-23.64155861818
124.689869116108,-25.5536272918771
124.690600495152,-22.8285232438874
124.692515570352,-23.0679440212439
124.700670699319,-24.0711060216441
124.711425045708,-22.2900528501521
124.712198465511,-23.2126423976422
124.71384585735,-21.4863867482929
124.715269700006,-24.3996950875362
124.719104380525,-25.0621816097474
124.71938169629,-23.0252788844987
124.723828223265,-22.7369616818338
124.727485224957,-24.1048328734874
124.730546749556,-21.3993184326044
124.733440923485,-24.6097009189313
124.736266647985,-22.5379692252763
124.736598848612,-22.7742767913384
124.745489519726,-25.0677779257939
124.746349490542,-23.5913707308245
124.755235357172,-22.4355922583611
124.756161839624,-25.8220219971703
124.759279225212,-23.8108772824151
124.762448936212,-24.187601016465
124.763118773305,-24.1623891527302
124.764567152068,-24.0193379121605
124.770040297411,-22.2857309408623
124.770460994661,-24.1533358807064
124.771337498171,-23.6753646511565
124.773908433166,-22.5440426803264
124.774357235704,-25.9469649074718
124.775415641962,-23.2033586060412
124.779692443017,-24.1806601469454
124.77989023992,-24.166210682021
124.780482995182,-22.4361690207916
124.785280652312,-23.7050256704737
124.796145352729,-23.7838546804548
124.798180473489,-26.3873853544999
124.799093275939,-24.4607797536467
124.803044065754,-22.8543792626545
124.80350206547,-23.0065516019843
124.809152852671,-24.450018225504
124.809469027669,-25.1906605025119
124.811543244011,-25.8067829974962
124.813761347733,-25.741903284053
124.814359681427,-23.6616830958924
124.818366570383,-23.382261232693
124.822323265402,-24.1084044072216
124.82701422968,-25.8030118331526
124.830115711464,-23.4384625859281
124.831200160348,-24.6377699401215
124.832038310145,-23.0666011771087
124.832184354551,-22.7330887459718
124.8323519514,-24.0741044004725
124.835824284387,-23.6431955811138
124.849880671258,-24.9181569234999
124.850341959948,-24.289478654416
124.850552477663,-24.2665877786474
124.851477796673,-25.7242193463805
124.85807499946,-22.701726797085
124.869619872493,-24.3014220267712
124.870673704283,-24.8861924481115
124.873393579462,-23.6648254893958
124.879464743767,-25.3321937796886
124.880435735201,-25.813039153232
124.882213733426,-23.7480493127357
124.905635008939,-24.6635018707591
124.914493449202,-23.4753366280107
124.915372640208,-24.0915822225078
124.925894220233,-23.1560690807329
124.926518776468,-23.6993180429544
124.934026344557,-23.1684922883618
124.935007301895,-25.0519373657631
124.935251406656,-24.8996211409248
124.939583291223,-25.3064208911243
124.941855662442,-23.4690376847375
124.944882634357,-24.8017452090338
124.946190313428,-23.5313858557887
124.947516378741,-22.2734843754814
124.947557960251,-23.3192884349188
124.950059305531,-24.2936862703178
124.950910381351,-22.9132017684047
124.957150759877,-23.6609936086711
124.962252730792,-21.1073578333965
124.962383189493,-22.4821122178898
124.965047607259,-23.4410991014552
124.967554684507,-22.9306209028716
124.968767978596,-25.151420478709
124.970255526551,-21.9133846944496
124.978743588034,-24.4110550710285
124.979598577452,-24.3573666314593
124.983456022982,-23.3994260355413
124.984028619761,-23.4725113577277
124.986369110157,-24.2196375210436
124.987674572396,-24.9906585060307
124.988814526505,-22.3473470276957
124.989861579228,-23.8790953148792
124.990010180148,-24.3442848099946
124.991250639164,-23.7775992400054
124.995562219169,-23.0129535747756
124.99596345025,-24.3587257538445
124.997549579232,-22.366771041423
124.999664432426,-22.9046607351516
125.003227853178,-23.4048600454705
125.004229351214,-25.8460085191678
125.009947901141,-24.5260397322487
125.012780580512,-24.6534873993109
125.01369378863,-20.9674207365193
125.016789851426,-21.6333619243387
125.018485215298,-23.5261117114486
125.019676307296,-23.3020255453598
125.02404256429,-23.1525693324184
125.027752973635,-23.0603139892586
125.039565696782,-23.8043790460502
125.049058530459,-22.379646724177
125.053299365397,-23.0742392127608
125.053571668022,-22.6120535811283
125.054383296551,-22.6965917858322
125.061815642028,-23.993687974631
125.062270983346,-23.3601322696867
125.062946704638,-24.9340020700152
125.064240337491,-24.1377276293696
125.066084788059,-24.1759666909551
125.069656623506,-22.8309742101395
125.070421227046,-23.5096532703266
125.070738458772,-25.0906823110987
125.0709800694,-23.74937891563
125.072048699944,-24.0086233449622
125.078257275709,-24.410239768542
125.082664538563,-23.8503938562622
125.083857639015,-23.8963858038048
125.088486046641,-23.5753038979628
125.088494233826,-23.9340435461851
125.089373976505,-23.563376783085
125.090432998768,-23.1922979644215
125.092702408366,-22.8506991293267
125.097303427101,-24.96397928772
125.09986419575,-23.7802612782856
125.108786767366,-24.3227310672183
125.121241478685,-23.9978888430885
125.124170581245,-24.0132255164294
125.130434966205,-23.090259725857
125.131515940432,-23.4554875221555
125.133821404094,-23.3204241633435
125.134165576733,-24.3110598544031
125.134810619912,-23.614418129912
125.135381422109,-24.709223671873
125.135475302942,-22.6485444897632
125.137873614537,-22.0612015621574
125.139927777852,-26.2900721224258
125.146175650098,-22.366548378783
125.14676317453,-22.9513631651049
125.150053467145,-23.3583904415759
125.151501818424,-23.8488659938884
125.151708777171,-25.0002232329373
125.152633446759,-24.7275779853639
125.15294579873,-24.4375043724892
125.15944517412,-23.3690447517939
125.159721422378,-26.8939657057055
125.161665466714,-25.0575313680847
125.166133883592,-23.881028473899
125.171894034988,-22.8183062229952
125.174323944414,-24.1277069990544
125.1768242679,-24.5349525418168
125.180535308099,-23.1697531134468
125.18221612872,-24.2489067625579
125.185861247067,-24.9096187583575
125.187448455527,-22.7495534951541
125.188645170519,-23.3608139067592
125.19335154223,-23.9918873732598
125.19590465869,-24.6150865192399
125.19795381531,-23.5154987022718
125.19986759858,-23.2670588671741
125.204144095379,-24.6791282993996
125.205098793648,-24.9047924085128
125.212376428885,-25.1175778593209
125.226411556099,-24.5657823292136
125.230173778174,-23.5728700265051
125.231509194072,-23.4474408263084
125.234962605767,-23.8825355922946
125.236501488286,-24.4481659141373
125.240824362826,-23.0756892523619
125.244010045737,-25.2396653247315
125.247761717018,-24.7436900457541
125.250305640566,-23.9639108814766
125.252562742887,-24.0001821399251
125.254584929408,-25.6020414769056
125.258493186131,-23.2303510754081
125.259118909107,-23.5725504743147
125.261178642411,-22.5474388146838
125.267750674215,-22.9362670355299
125.26986983712,-23.5287060562311
125.273998240171,-23.2429470822513
125.274448095037,-22.9695343216505
125.277524101925,-21.5652752710825
125.28118386437,-24.6717283609934
125.282513454784,-24.4396978855917
125.287168248114,-25.0660906452288
125.288375782853,-22.4647907484658
125.290963347944,-23.4418064826
125.293379422666,-24.4246024360667
125.295677569481,-24.1211296595212
125.29943810248,-22.9986243814803
125.299812705306,-22.146496850967
125.302559443065,-23.4580301024542
125.304424017599,-24.0213196236441
125.305725785681,-24.1493614749211
125.311397334971,-24.6723820850418
125.322196005407,-22.9349637934091
125.322325223962,-24.7295586420026
125.323723728366,-22.8702687031619
125.324255781538,-22.874295824912
125.324318117357,-23.7543077617921
125.325367460088,-24.4301465459938
125.33365983573,-24.5739838976058
125.334045307824,-24.5537735291807
125.335088452613,-24.3199133731954
125.343833805625,-24.0544165093842
125.343889586576,-23.8250705426769
125.347309666175,-23.3121313383573
125.347581246305,-25.7746056277736
125.352543667162,-21.0854623055072
125.353056500544,-24.6243097767721
125.360703389009,-25.340178953891
125.360743944415,-22.4846817036501
125.361542783632,-25.3025203165526
125.362818348508,-24.1798042140694
125.363553010278,-22.6412177424492
125.364055323768,-24.2827824751477
125.365566710397,-23.4625131375633
125.374322471825,-24.7422095674345
125.382734362566,-23.6950512724046
125.382738844543,-22.6657108974633
125.384928403504,-23.7970235754955
125.386854908638,-23.0425382962751
125.38830536615,-24.7704270228793
125.389426156292,-23.2433269120733
125.391015925177,-23.5549539306303
125.39184723921,-24.5548641516272
125.394353054249,-23.7946256792467
125.395044163728,-23.0033359853538
125.395689025905,-21.9322334476162
125.39666196273,-23.810811678087
125.404871378019,-24.5331325083388
125.405650275796,-24.432201843111
125.405729557466,-23.3418888099897
125.405866526476,-24.6170503041852
125.410091344956,-24.3719856396284
125.413830327279,-23.7726545261671
125.41456436107,-25.8708645098537
125.417668864476,-24.3453576624551
125.417897120909,-21.9419307492899
125.419170182202,-24.8330399590954
125.419474171416,-22.8904471743689
125.420803054848,-23.7523636676293
125.423044280637,-22.8056341431213
125.425083254603,-23.1300062231275
125.428435579643,-22.8784226312382
125.431380957299,-23.596884048687
125.43263761922,-22.7437612840429
125.437531942497,-24.039344871917
125.437679869707,-24.402974759938
125.447506606428,-22.1911075528764
125.448430993106,-24.0180354107418
125.449787551342,-22.0519517874475
125.451199105644,-24.2089678773625
125.453816897301,-24.5055025562535
125.457014668016,-23.624018355918
125.459523436993,-25.7642640375966
125.461610356229,-21.7205900098243
125.461866039281,-22.4481639448454
125.470264312788,-24.1663895727342
125.474689866239,-23.8503192523464
125.475760022957,-22.4472551312215
125.478212649488,-23.736160930285
125.478565617731,-24.2155289670141
125.479019795868,-22.4735858392105
125.479629013898,-24.0612226481128
125.48299389541,-25.7679858323272
125.484632505932,-22.5143732906279
125.498123171882,-23.6041973784321
125.49950895925,-22.3612231885029
125.499839267558,-23.1417173035221
125.505854828913,-22.0328679894912
125.50838406692,-24.3436161974341
125.513786935636,-22.587736379023
125.515088516191,-24.0474611074692
125.518595946966,-23.3647903422715
125.518977700363,-23.9325817817017
125.520755979646,-23.7374416885675
125.520856980514,-23.5232497119873
125.521367890954,-22.2468400507023
125.53095002305,-23.3895716236794
125.532044468894,-24.6919427701578
125.54121074738,-24.321895110984
125.542597911127,-23.6439205600713
125.551322295635,-24.7887471852003
125.552358687945,-22.7640920715811
125.554922031918,-23.1956099215135
125.557245525298,-24.007417259578
125.557980430002,-23.8228376800627
125.562075694374,-23.4031327552074
125.562267583615,-22.8477220537085
125.562886310408,-23.5113271713667
125.564882015726,-24.7018245561357
125.566317506703,-22.6507742014513
125.56678173911,-23.8969655489707
125.571155202815,-22.0004282453774
125.575412747226,-24.7613818482058
125.582914766076,-24.7516663477354
125.583231762507,-24.1500731335027
125.589378851564,-23.5432997712301
125.590306003904,-23.2197148485044
125.593578750906,-24.2716042902654
125.597554640681,-24.3202702971761
125.600394040786,-21.3990853201875
125.601843625867,-25.3886716089641
125.60185327952,-22.9819968178118
125.609728794188,-24.3150030240929
125.612397736797,-23.0247830324639
125.613428214984,-24.2684317128728
125.619883390378,-24.2079102175982
125.623111148703,-22.3198297616228
125.626810041578,-25.2724144148251
125.627802326825,-24.4210811041823
125.628559279905,-23.9109762681864
125.630391320456,-22.8982202416764
125.630991945899,-24.6181620894612
125.631739815944,-23.4235095199348
125.632165163292,-24.1282136579797
125.638141461431,-25.5128906285479
125.640554540239,-24.3360638980459
125.64112345423,-22.4310339297819
125.641161634188,-22.0864207119369
125.641806830826,-24.0302957617755
125.643931213981,-25.9494628229464
125.644983747412,-24.4244817784473
125.647406660377,-25.1387913803804
125.648417460422,-23.6380840423998
125.649139443788,-23.285461275966
125.650202948604,-23.6889592246664
125.653261763543,-22.9378456846921
125.655146217316,-21.9978509162915
125.661357305029,-23.5297788193068
125.661831210711,-22.3929309910226
125.662434027864,-24.4693437888131
125.665732864658,-21.951007058954
125.665827206028,-24.8248302534007
125.671196515324,-24.4761124073752
125.680095143462,-23.1554418751961
125.680949855761,-24.1429124784545
125.689474656321,-24.5629623298
125.690023465388,-25.3202285252569
125.690217585667,-25.0051079282499
125.692487696081,-23.4276534417942
125.693738616985,-24.5898943953276
125.699950824956,-23.6393395946906
125.700136722639,-23.8929608432768
125.700583945423,-24.7797028658799
125.701665087295,-22.6594371023605
125.701760119857,-23.6689088371249
125.701835261867,-22.5357075802246
125.702188218077,-22.3724079753734
125.702275596683,-20.6540163810779
125.702646786022,-24.4611656495982
125.705412055601,-22.8037075419459
125.70911248597,-21.807593117452
125.709851773544,-24.8910671296184
125.710473764486,-24.5261680856709
125.710593367594,-24.6157539120726
125.711581234407,-22.5167988846526
125.717603690619,-24.3083948603047
125.723812255367,-22.5134268195501
125.72895807736,-25.6135645386091
125.735905162444,-23.3544765648001
125.737143269726,-24.1367404593515
125.744482984788,-24.1722948787593
125.747019342753,-22.8082413042076
125.749793535752,-22.4168228226882
125.754388538596,-23.1633064009484
125.755730244327,-23.1049148454859
125.759579832379,-22.6696325180072
125.76258614723,-23.499768454184
125.763880675035,-24.4951623467712
125.763948229325,-21.7976799805493
125.770664444259,-24.05979925868
125.772097407542,-24.7082784580775
125.77545415005,-24.5088433873969
125.777504270943,-24.2404549433965
125.781516929617,-25.0607847348057
125.783720574741,-24.5780535042188
125.786413405126,-23.51135859595
125.78832011957,-22.2617033515199
125.789326112154,-25.5945576018644
125.797277351974,-24.5676083425462
125.797569030727,-24.7564417007262
125.802384623357,-25.2150168497638
125.804344756547,-23.1290763431202
125.805900953147,-25.3055805078968
125.806379834669,-22.8774120661341
125.810076005116,-23.6203060626297
125.810398486166,-22.5674330980873
125.810413703023,-23.1691519430742
125.810516152017,-22.8425646641263
125.815465339157,-25.1836677257255
125.815645838801,-24.2191316177675
125.817405647924,-25.2130106509107
125.819692818504,-24.6732661409214
125.820399696601,-23.4245741365601
125.824583871708,-21.8344873411447
125.826375847007,-24.7711967709097
125.82831007573,-22.4497703708344
125.828344601088,-24.1318387868586
125.83078814225,-24.3429621492116
125.832836145431,-22.741075889784
125.834413086149,-22.3631416627815
125.837111803766,-24.1524324983536
125.84128372233,-24.8034722329204
125.843723490159,-24.0521374086994
125.844978728375,-24.2891189139795
125.846161611082,-26.0359693438375
125.849695571046,-24.1372927638584
125.85065002015,-23.5771061473891
125.851462374366,-23.5622589822234
125.853246347223,-22.9945342567195
125.854343200569,-22.2290251894074
125.854744625454,-25.0068996382915
125.859853718821,-23.885128461253
125.86296932032,-24.0145478380843
125.863438337694,-22.8199637732995
125.86386184673,-24.3481118509275
125.866185408623,-21.9036791727805
125.869893630366,-22.4311849315186
125.873269766394,-21.705788758659
125.874745217097,-23.7883663795267
125.884993957719,-23.9732045440707
125.886868693867,-23.1140553406902
125.887912796498,-24.6899283323876
125.887921349445,-21.4627806696746
125.89118384115,-23.5958112194269
125.902486101964,-23.245465186805
125.903353110393,-24.6108990260491
125.904021953,-25.155733692137
125.905085219448,-22.0000379783318
125.905125206263,-23.5075917616743
125.908536407329,-22.8748759962772
125.911610567029,-24.5805548338424
125.912613194282,-23.8703816370919
125.913173061864,-22.6664296371273
125.914895913913,-23.7224211305433
125.923038605551,-22.4347717364731
125.923462712513,-23.3003857112507
125.924966977104,-23.3933667112803
125.927323368152,-24.2049519282
125.928321662159,-23.0236321118537
125.929245783119,-25.5232426135866
125.9314280294,-24.2463990408294
125.944008769689,-25.6635069372778
125.94992433353,-23.2099271873427
125.954670253913,-23.9197407255126
125.957562008695,-25.2422917269283
125.963077895879,-22.409693893336
125.97255655631,-25.0562225923955
125.97378634983,-25.6031733510449
125.978384932488,-25.0490273664537
125.981598051251,-22.2991358457547
125.993132621359,-23.1260543605893
125.99347749928,-25.4870033183471
125.995457677724,-23.5990660361758
125.997687151351,-24.3448571444723
125.998620362951,-23.6772659491476
126.000830126191,-23.7443905239696
126.001175529575,-26.5708512910062
126.001246304496,-25.1928692845017
126.00280220745,-23.6245367882631
126.006706355266,-24.9193315383161
126.009594640324,-23.0565986716106
126.010830957656,-23.4017972312476
126.013557395869,-24.2188932314076
126.013681703481,-24.7244535541542
126.016074927471,-23.4973503176992
126.029489096179,-25.2437281576001
126.031370390985,-24.366412214026
126.033596630998,-25.2478049842683
126.034620291522,-22.7032294782881
126.035208503786,-22.5004319434333
126.035739316791,-24.6162967839076
126.03793602964,-22.4538479092438
126.038402821363,-23.8065065836483
126.039335332954,-24.0266225819089
126.040671065482,-24.8364615485705
126.043985827592,-24.9140254633493
126.049151058504,-24.3635289450083
126.055224365033,-23.7220106557313
126.055575831858,-24.3966975199239
126.056615494695,-22.495325485215
126.06118844007,-23.2842547224749
126.065640480754,-23.7376630000367
126.065714949392,-24.9548976320234
126.071830810268,-23.6872695733238
126.077105008951,-25.1040731837527
126.077292016002,-22.8017065741072
126.07730008594,-24.9142831187171
126.078581464818,-23.6359364355131
126.082558623956,-22.6766305309308
126.083249766374,-23.8766849563817
126.093258252542,-24.1751767471085
126.096052569534,-23.1637895231997
126.1005816526,-20.9752771142714
126.101306488512,-24.4104716886939
