x,y
-0.00146450671296638,32.7798726126056
-0.00161421614164103,1.14224526463912
-0.00212973485923018,21.3460516514003
-0.00232969161562124,33.1798208733805
-0.00274365046929259,16.8884279258906
-0.00333328770910457,1.02272890659487
-0.00359386523658323,11.7284562544744
-0.00383633628483682,12.1932176181512
-0.00433473588308519,8.67723000839341
-0.00462673725401141,11.5100915857473
-0.00464090740507417,20.4291373946301
-0.00529155466963571,21.2828507476188
-0.00595291500187067,33.6718796648711
-0.00671902696964577,6.08503247829212
-0.00748309925956847,16.5225088318099
-0.00759274360379081,34.9264064099164
-0.00786143025168351,3.84821454092549
-0.00792905956143142,9.06173240618316
-0.00901387470677206,18.4021907780788
-0.00928729634048331,20.8655189890809
-0.00952730087965015,33.9333677200549
-0.0100061827034614,3.40371886481754
-0.0100165341094076,29.9024016691535
-0.0101491554192981,1.94560793492927
-0.010186657631692,32.9638952314897
-0.0102094906148678,-1.89574504417214
-0.0102839322192669,19.8896152119636
-0.0104819088834627,22.3992934770852
-0.0107238778232925,4.56400416952665
-0.0114025125962161,18.3675215983547
-0.0121274565714049,13.0221053292753
-0.0129322060662922,8.21419639884589
-0.0137770666203767,35.7236597004911
-0.0139037772607495,12.9844903958708
-0.0139608568986895,24.176257871518
-0.0142575540255991,16.5704665528687
-0.014732000824349,32.8383116999257
-0.0152621989737249,14.7941737361832
-0.0156772010385382,24.2742230367655
-0.0160163265133852,20.7795328014457
-0.0163440306803249,30.3309222436009
-0.016363961492649,7.73483645876567
-0.0164361882456414,12.6144473771675
-0.016994637339274,12.8656617225259
-0.018618038054611,37.3358876284411
-0.0194247073651259,13.6116814049002
-0.0197691500580319,6.30613814881348
-0.0198116012590461,5.09733221239684
-0.0206712807372331,21.1937290658597
-0.0213234273712406,24.6743651478281
-0.0216975257254512,9.22595250407158
-0.0217853309536924,2.51157067800705
-0.0218108706429858,3.79003029656664
-0.0231216729127715,10.8226550843472
-0.0244525462360483,19.7583479408151
-0.0247812390538187,13.6109839022722
-0.0250134635306913,12.9979480018751
-0.0264976804878485,13.5324098393904
-0.0272002439461601,24.6023891546851
-0.0282445458099987,36.2318251656963
-0.0290503988886139,12.3510723080666
-0.0299936606603408,12.3169471396872
-0.0302050346042491,32.7363310157561
-0.0313481303411136,12.2648324518714
-0.0314066901512453,25.5714366997864
-0.0316335643142289,9.44752186772476
-0.0333118526495753,32.4722094128847
-0.0336960736924665,30.1353835631212
-0.0340637017240444,14.0176682167704
-0.0343438852800406,37.906597729189
-0.0350517174067027,9.769663654968
-0.0360563138007071,31.3285385655904
-0.0361528639701161,6.60038578350089
-0.0363384467601382,35.3861610128715
-0.036855094679715,39.1167301964295
-0.0370679512762793,30.5239222859767
-0.0374732290047455,9.04923045014445
-0.0379671374798543,37.3843928082806
-0.0381239133444,3.75667465872233
-0.0387581139906679,20.4205080561365
-0.0396228421838531,0.0849858099297796
-0.0397445614156759,11.8131218640599
-0.0399114754726628,16.5086471136662
-0.0399608279028734,17.2606487692026
-0.040270745175859,32.8128989647445
-0.0403975123999729,4.50449801966247
-0.0413543325937444,8.75999732657562
-0.0416439191908904,23.143144734869
-0.0418512486343008,21.2277498736729
-0.0423011652593901,35.6001410221945
-0.0429014973834088,27.5263484493931
-0.0429089910855633,25.0215041530667
-0.0430837308504362,32.7486945820424
-0.0433083456544112,11.469615561956
-0.0436493936465843,4.12357624544402
-0.0442576621326576,24.0158026227268
-0.0443013215330217,8.34367795145941
-0.04437193932379,7.84360291380798
-0.0445117103841763,8.24843144859163
-0.0461186856327134,19.7867512377575
-0.0462247669754337,32.553253723479
-0.0469866565940316,21.5163682934894
-0.0491798825886789,33.0723496587151
-0.0493421971302366,38.3199748610953
-0.0494226702531002,17.9149495842712
-0.0497137523532536,8.79920477846268
-0.0500894900603419,32.970148386021
-0.0502881089833931,29.4375096091548
-0.0506577713459813,20.9505081226541
-0.0511506435308808,32.3492789263635
-0.0515670261948884,11.5210826902809
-0.0516202215868142,12.5662016703253
-0.0518346288206692,37.6705381124878
-0.0528392227674161,11.6324266112438
-0.0533403490654574,-0.572632726494376
-0.0534374957697039,7.61856497443683
-0.0544159292810387,4.77724859762767
-0.0545462165467683,26.1571695307016
-0.0551167466214981,13.071442096663
-0.0551411629372298,38.7770317720963
-0.0555885791917088,33.9467395866959
-0.0557601231793055,37.1777693494167
-0.0558651342679712,8.73937853917884
-0.0559670088812914,10.3988793585004
-0.0561125463309422,24.7189557153226
-0.0564004226373307,-0.67719797452453
-0.0570209469743073,16.5078044739045
-0.0571664460650685,-0.124207700092641
-0.0572267363127457,5.72512098360378
-0.0584907963985133,31.9851921979086
-0.0586219246884314,-0.358830854221331
-0.0595646883567611,33.0225548471936
-0.0596936747633747,5.22321804330836
-0.0614263461458699,17.8672084553706
-0.0615856860759341,8.01813351354396
-0.061703583333375,8.84037828111387
-0.0620294090941833,37.9568442108711
-0.0634085320997861,16.7311634570226
-0.0646180586521867,20.9912026339332
-0.0652759489435148,8.05973329178139
-0.0662170043520347,14.2191221449287
-0.0665573831226589,16.5661445547847
-0.0665637110158972,12.6904902701059
-0.0666512573162159,24.62138596603
-0.0669829069718197,12.4989614376173
-0.0676984473101188,17.590787745064
-0.068151000474274,36.8544149009345
-0.0685142510548622,0.593274027493226
-0.0691419900535366,16.9160298190883
-0.0695409489477827,2.65065880231927
-0.0704997163327026,6.02207608221715
-0.0705446415734488,24.947075826579
-0.0708470084884831,4.64710705803055
-0.0710608915750843,34.6591780140913
-0.0714495112433748,27.3806488485992
-0.0718137072508969,37.2531827048121
-0.072872762270191,0.629844414458458
-0.072946068051273,0.291552293220856
-0.0738594982841871,15.2993331087882
-0.0746636292637894,19.8855114960331
-0.0746702589182677,23.7350567157233
-0.0752547896404141,24.6402559377784
-0.0768394591257788,16.6775313433874
-0.0769420216476022,8.78397902358551
-0.0770751097163889,39.4617489594708
-0.0770930720013503,27.1417047934515
-0.0772425474995451,25.0975757614069
-0.0782393472779717,29.4323992240365
-0.0794509405160244,12.6265828661653
-0.0797470674281364,24.4357453183582
-0.0800784589913177,15.8685876137231
-0.0805940000137699,12.3463711912259
-0.0810089599158705,15.8606527805504
-0.0811498586057133,20.9216156369931
-0.0815335269090656,1.31965678097549
-0.0833300879455163,24.3897960525681
-0.0837144380497685,22.1955466024823
-0.0854866621775288,35.8437656467921
-0.0856815033664255,22.1189629056953
-0.0859575551675213,24.5303312679068
-0.0860318980757684,11.2832147456486
-0.0883800551682163,28.5840583819737
-0.0884837718190676,3.45554906563704
-0.0889382222711947,23.7362431991225
-0.089047593363514,9.30982533160314
-0.0892986652844765,37.1766918336393
-0.0896149441880496,1.6500068810679
-0.0914898070176771,37.7151554393374
-0.0916060195821891,27.2246465709162
-0.0919071754684007,22.417108978141
-0.0922800067169447,6.20729869087492
-0.0924470846015424,26.6955589849814
-0.0925094397627655,7.62368339811321
-0.0930793784123718,11.9124620840991
-0.0932658666924397,23.9760691732107
-0.0935702844353694,29.4357304883866
-0.0936773958041499,17.2152876374396
-0.0942525393263089,34.1380822360883
-0.0946928773357871,13.3701803064928
-0.0947327871338113,6.10904419972933
-0.0958253997867824,28.8565238699111
-0.0960672040826673,5.78075681929261
-0.096704891742621,12.415492228203
-0.0970733096399137,27.4524541308657
-0.0971857543835284,21.0927169092344
-0.0974587051433433,26.112791952271
-0.0974941961758302,35.6016000134709
-0.0975717336952289,1.4974015780814
-0.0977033405480763,24.7415476784402
-0.0978571979659832,6.15269852427437
-0.0985162545426577,37.1841947215653
-0.0998925955434233,26.1249178104229
-0.100106175141247,33.9962693240323
-0.100384150843601,12.8276139482735
-0.100552512674566,15.2742101735842
-0.100683373577397,8.16503458157068
-0.102172051940984,6.30264494601454
-0.10244135960943,37.7006792684689
-0.103032756851609,33.6954290540634
-0.103388791800301,1.65761498839904
-0.104052122978374,20.9978343272836
-0.104999080709933,38.0111939862161
-0.10540560326212,1.31883155850554
-0.106023715165517,37.4199020274903
-0.106046087610671,21.7825319739213
-0.106669947060759,10.3345043293525
-0.10721320135746,26.1331274387293
-0.107217104523417,8.98861832366783
-0.107463849236753,0.485905726210118
-0.107681091343397,3.30610210742142
-0.108226437373353,32.4669290830805
-0.108538901254112,10.509335585277
-0.108711095970264,5.21051671915043
-0.108980020189249,32.6536087981837
-0.110051655813765,8.2166924429665
-0.110393321469002,37.6500886405243
-0.110485008279448,16.9528109019468
-0.110611477195541,19.4377673469355
-0.111099035762885,17.7529940772713
-0.111402674416372,8.49856044430185
-0.111678482799328,7.661557552186
-0.112156238490676,17.2719739881031
-0.112183442680461,20.5105610231575
-0.112399279575411,9.06700325672117
-0.11247035027524,13.142782528935
-0.11249786897208,20.3793397754182
-0.113038596135441,33.1337563216074
-0.113190782663245,31.7693047873723
-0.113269844862719,17.8619860355862
-0.113365817692306,9.05127411485493
-0.113964836909991,8.30619382787482
-0.114002894584641,26.0701681429056
-0.114405737355091,37.6508439454404
-0.114616528283292,24.9423180187241
-0.114739048032687,1.21376637510373
-0.115346816725161,-0.217875422000886
-0.115349185267113,6.03131732899397
-0.1157214519018,16.6187037793108
-0.115986521232419,36.2869936798347
-0.116752125507793,6.93932106736834
-0.117083231606896,0.0374396028435551
-0.117263300510706,13.1692667083332
-0.117371275347519,21.319842802264
-0.117487131771641,39.4358765071222
-0.119650236070911,4.70147958894114
-0.119677115303986,17.4947213356776
-0.119851418507305,6.27592696692539
-0.120016586658862,32.6521524040183
-0.120115614346683,20.3661480514469
-0.120788297334734,20.299998233106
-0.121113065920425,8.58763597832391
-0.121178639078735,11.854805257144
-0.121253377671102,4.95896893269295
-0.122076866202236,33.7684921522913
-0.122192874774239,16.8612934415773
-0.122201130844449,16.8071231783156
-0.122297680385596,4.67957101084778
-0.122523040631883,12.2475267389622
-0.123525212817148,1.0891344259643
-0.123705183024289,4.88231745528173
-0.123753036072888,28.2350165312897
-0.12429333561751,30.786899214336
-0.124507207327457,7.90542202554235
-0.125506111199029,1.90848457320868
-0.126525368836399,26.1317462563496
-0.126748155454738,33.3299454884968
-0.12782790649901,20.446838215096
-0.127954147025668,1.59097874889495
-0.128161503586364,24.790847175765
-0.13010527586128,22.8825470247438
-0.131334860171075,7.97606921071702
-0.131792222431353,14.0880322359137
-0.131852156530041,13.7825712795714
-0.131928107877739,0.554232403665277
-0.132186447359844,-0.134667651765607
-0.132388503032915,4.50022637601981
-0.132437762825619,17.80100932121
-0.133629716492403,29.4839132471812
-0.133714081967612,33.9951155005302
-0.134586700449691,25.0306038582339
-0.134949049235368,35.8419229157661
-0.135078260820589,28.5969886023923
-0.135152373914981,20.54178060586
-0.135264745399481,8.97511595373
-0.136103162255643,26.8518430182909
-0.137355303288919,12.8822075317554
-0.137856918168167,9.0512626214478
-0.138252967427712,29.3151394744049
-0.138303721752465,28.7755548772124
-0.13931821659333,14.3064132968503
-0.139998062121988,23.8387585102373
-0.140268463499175,0.949155520412035
-0.14114284102524,25.4548745186288
-0.141579653340118,37.0058876985437
-0.142134353527042,1.12979074105431
-0.142747995695817,16.0083589732974
-0.142749786072572,36.9127781231692
-0.142839924251652,21.878098349111
-0.144168900152689,9.26355946424582
-0.144522369141477,33.6806846326971
-0.145057342058286,28.9715236426735
-0.145747840469003,13.475447336831
-0.145757216373498,21.6430814819589
-0.146634050456751,29.8917829564445
-0.146847385798431,11.7829939914385
-0.147747079552204,34.1349533120985
-0.147925837521867,36.6550009530934
-0.148099268341541,0.496912012121199
-0.148552910012041,33.3362417625954
-0.149004385270681,30.9422128488496
-0.149036425230939,25.1487970618154
-0.149281079016304,23.5917459357793
-0.150142980316434,1.48640327516846
-0.15040940019378,0.419573585600571
-0.150565911915855,33.8795597266394
-0.151042846566644,1.89962976493652
-0.152816182605625,8.14131506404579
-0.15376337173849,15.4898199661863
-0.153863583907606,9.85802139712749
-0.154112615387192,36.060228681688
-0.156652447229723,29.0325322079671
-0.156921564256332,34.5161674346165
-0.157107657458169,8.47527895140937
-0.158193554109292,28.6522073135415
-0.158562006114076,9.28956445687791
-0.158945272048399,29.5522388159678
-0.159337143099309,6.06633708012269
-0.15969118124372,31.9034245349551
-0.161211968541612,29.4406278931842
-0.162292710977783,18.0634354317985
-0.162701835763177,24.9289954792216
-0.162807623050383,22.4129208286887
-0.162833282884407,5.86205503214506
-0.163177663984086,33.1424251864388
-0.163262852293803,12.5349930029807
-0.163727694433131,24.0108360746701
-0.164545684253774,31.7955199838035
-0.164933427261128,12.7808646908948
-0.16493518595997,11.4499428782843
-0.166235522850884,11.0763785496548
-0.166465161484527,23.9653461139646
-0.167187593345159,9.35134528680188
-0.16850194208696,23.8220862646732
-0.168977105486944,28.9430624228611
-0.169493872545526,8.15025048363759
-0.169790988758948,4.1704511699968
-0.170392579195142,28.6472837928271
-0.170738272989933,6.00880260345554
-0.17103762499636,19.5231716791645
-0.171767501514142,4.52086000202329
-0.172458569575479,9.05261128252396
-0.172927809906416,8.3128150519481
-0.174042957064723,1.44117510979322
-0.174127664233127,9.51049919667112
-0.174949052692553,21.5224373840074
-0.175015106283066,38.3108345669092
-0.176360012776954,37.508944212465
-0.177096132561186,0.752056185772457
-0.177188253920982,9.47322697129544
-0.177514970768561,25.7102938235509
-0.177622589898715,13.619541583839
-0.178724314571608,32.8825373031747
-0.178789351518879,30.6777237010815
-0.178915432580929,9.74004117285435
-0.179021112026267,25.4399461970582
-0.179097993808424,7.88396776006204
-0.179534667914228,28.9097558276605
-0.179968287368325,21.3811608514896
-0.180053866995868,15.1477409345699
-0.180259619082277,0.380935204604612
-0.181627947630232,8.43762070344684
-0.181744878142465,23.7300902102011
-0.181926153745614,29.2152498540134
-0.18280371001018,29.1762327576527
-0.182918518092672,22.5660524280919
-0.183546321676022,12.9170015946989
-0.184103679545613,36.6168541526207
-0.184800661566057,0.648260180260141
-0.18514155641092,3.27044557986445
-0.185437305639832,13.9027957782548
-0.185438496909098,-0.58661571164513
-0.186249394331975,37.9334093185862
-0.187603882557569,16.2640942841235
-0.187877852592473,33.5402160030385
-0.188067338972286,24.3671602095304
-0.189587695842246,18.9232373119798
-0.189647367120372,21.9389877788787
-0.190307231661365,16.2272500585613
-0.190595810957136,14.0110100268829
-0.191985060476478,20.3943893553414
-0.192058932638501,27.7570495100006
-0.192536695772358,1.79804444882993
-0.193291909235441,1.14681561718905
-0.194706722560216,18.0695611919536
-0.194845109657291,17.1469809714299
-0.19536484522243,21.2037617786372
-0.195526813313603,1.83396738983521
-0.195574579789181,19.947079280743
-0.195982092377557,1.63399300565698
-0.196429034628322,16.7425218544686
-0.196634055265505,18.7027365260617
-0.197157384329626,12.0194483278166
-0.197187591477122,33.4625892841066
-0.197338885916531,17.307411513803
-0.198048801722863,10.8505009113909
-0.198730638428566,10.446409844392
-0.198820717445816,35.1307443891272
-0.19886245355231,32.8535034196328
-0.199226695012447,25.664152133147
-0.199575552901384,24.155350968259
-0.200499572404962,1.29560329883166
-0.200847608409158,32.1404109582704
-0.201583448946041,9.50594779378866
-0.202955524835583,1.44034960394666
-0.203773108443864,24.3309021502025
-0.204258006302402,16.1950033760952
-0.205127366702228,26.9878718254089
-0.205281605170673,8.84747086676805
-0.206672613387974,33.937602362364
-0.206843473618618,5.99058874824725
-0.207456211349816,1.42541571637342
-0.207792588669119,4.58653427320075
-0.208381903556399,26.2567167092352
-0.208664140497038,13.6674124367179
-0.208802972292086,1.5876315914671
-0.209050114817634,17.1043739555008
-0.20984926774027,29.1245848452663
-0.21005758203611,38.4038930967128
-0.210350647615188,5.42962227481379
-0.210587972656467,6.8739241681589
-0.211653021348279,32.9255017219528
-0.213029354108019,31.0652467345041
-0.213403179795803,29.0299364410838
-0.213609714397374,9.43555660932841
-0.214023349140458,13.2538660870109
-0.214027015932781,8.7311614275343
-0.215088920141868,25.0546511404321
-0.215641838805126,19.2673487705262
-0.216031339907929,36.0538661833626
-0.216818935906584,34.1218460648665
-0.21691360450792,16.2798064235293
-0.21768392635508,5.03447976601239
-0.217701447271387,10.8743763619185
-0.217968303598488,38.2254348535683
-0.219641561498124,8.29496891341025
-0.219780892762952,11.9921995308861
-0.219785158026016,8.21743103671452
-0.220205889387375,23.9570136451698
-0.220593879116269,30.1966795207744
-0.220997074575309,30.5780825236888
-0.222905474386822,12.3343622227931
-0.224163736484882,12.9856608380091
-0.224761039280024,16.6900018949603
-0.225505545812181,30.5277849197992
-0.226014756539578,7.44629057530155
-0.226319166747341,0.892501635395615
-0.227415663930334,33.7387953109769
-0.228217059937786,1.81014964579368
-0.228799162818327,1.01990356267575
-0.229077427060543,33.5729186076433
-0.229090423883876,10.3129049229431
-0.229451596519918,27.5761569164682
-0.230499137797699,36.0837504931668
-0.231711733337202,20.2939339083943
-0.232270906945311,5.31779211406051
-0.233723043766608,19.8470355484854
-0.233844283432955,7.6882340220501
-0.234002322145438,16.6941438654978
-0.234108241402758,7.38346936462811
-0.234604739310375,24.7606113474138
-0.234739258144847,14.4888573612658
-0.236254024497786,24.5239678534435
-0.236337592664742,25.621365143701
-0.237036940611797,1.15820006728212
-0.237299559947327,32.5795794213031
-0.237491240199451,32.7335327770812
-0.237672374461751,24.1891173065777
-0.239781442747941,1.59840042374731
-0.240086640613835,2.20897283282767
-0.241502465615085,-0.473058951323206
-0.242667689086799,30.7973931701315
-0.243170316755166,0.600224784904953
-0.24376846278332,28.4675035773485
-0.244036976332531,33.2319115891276
-0.244610921329949,23.3901217806122
-0.245043673091312,7.2467198249651
-0.245079074392723,24.649211328854
-0.245536408682339,20.322856223822
-0.246445898867781,6.15966043098433
-0.246643393298081,16.418129226349
-0.247077548853955,9.44578101316788
-0.247829559317362,5.66981169587171
-0.248178383583284,3.2324793043554
-0.248376237755397,3.50050389470727
-0.248433182314759,9.20015885377305
-0.249437597011935,12.3793555260217
-0.250047802958381,10.0286611104492
-0.250402160602093,37.7465280650876
-0.250992661416787,11.3360970765155
-0.251119592591781,18.9036047829998
-0.25120959703989,16.0887147146208
-0.25229746057856,12.393403380503
-0.253639984864008,1.0026849959425
-0.255171144539444,21.5766721889706
-0.255235692676214,32.2394105884925
-0.256074604056197,20.4646562603348
-0.256321997287686,2.51625613566265
-0.256818187270792,35.4015554006714
-0.256937276348757,29.3337225846082
-0.257403047843962,25.1639813932463
-0.257585320683553,34.3133839952231
-0.257697811856786,8.60394648209007
-0.261027887703959,9.93167940678391
-0.261182939809979,13.718574409983
-0.26130636247459,30.6541292057438
-0.262137758467208,36.597624311455
-0.263179888873062,21.2498028716236
-0.265648850608226,1.18115601732023
-0.267146709856205,38.0046322730858
-0.267356042664851,37.3819188705302
-0.269404440312581,1.84402286024981
-0.269462653206046,4.63754179687766
-0.269883896044455,9.47367367415045
-0.270164355476329,32.1923577441649
-0.270290075296244,21.4173537941294
-0.271007567250293,8.15302886133112
-0.271043150751361,23.0649571045792
-0.271136136365234,16.3091383776961
-0.271560253249889,10.8451564696137
-0.271630411556923,16.2622310832453
-0.272354945990775,25.7097565156163
-0.272769905227437,37.9816556899058
-0.273285642053901,33.6949691394674
-0.27389461072308,6.14610891389139
-0.273919855438605,4.27252967728271
-0.275365369223723,20.4795343293232
-0.276422875849626,30.1740887985794
-0.276597051901778,24.1325840508174
-0.277188499583459,20.9454526776707
-0.277206045503273,21.3686924163317
-0.277301968885267,36.6308561387363
-0.277323118023659,16.5900529610333
-0.277367387591753,13.2079504218485
-0.278415568005431,6.91419679983847
-0.279756315083076,38.7627898449992
-0.279917232545837,32.0198324234344
-0.280040615405378,15.2392153503838
-0.280647170076424,37.0906129524746
-0.281250956363865,35.0493170584632
-0.28125776731381,35.7887541519289
-0.28146813076122,37.9855391357443
-0.282176251680126,14.1016900932972
-0.28264017549062,33.3263508159452
-0.283066767913305,35.9027826259499
-0.28410187391513,32.6799576813197
-0.28419481152415,21.4831350224259
-0.284217768118326,14.793450747428
-0.284272261306129,19.1813987096268
-0.286348431857446,34.4727990959009
-0.286491640246677,19.8088965986169
-0.287019151328783,12.9373259421509
-0.287139704187937,17.8671725157036
-0.288185679112385,33.0591696658587
-0.288271267971263,5.36266241579388
-0.288638471741281,17.186144272837
-0.289171090782284,11.8592760154223
-0.289250460893938,8.08914228041828
-0.289516825008739,24.0919249273665
-0.289945721831206,22.6022223512513
-0.290684240971385,18.2029637727148
-0.29091415496675,21.4490771218162
-0.291566450866717,28.9059179008784
-0.294200877870248,7.10062465930039
-0.294251810425529,-0.210113408722881
-0.295704713357758,29.2664135706022
-0.29638561875726,29.2751600976035
-0.297819631305409,23.6204914543614
-0.298556002951438,1.21234783068062
-0.298690998995389,12.7197518878469
-0.299303307350613,32.8049244306157
-0.29948137707183,9.97825141300483
-0.299784523492598,14.0449595876565
-0.301602433366646,26.5514923998936
-0.301836558421483,36.4805815941392
-0.30255428560701,36.103109287876
-0.303431987003118,29.9742995098779
-0.303942739952874,4.12246984876147
-0.304325669853242,0.415848779719078
-0.305918824155291,4.24299950659561
-0.307031201507268,32.628592838716
-0.307353958097896,5.56361372549257
-0.308396892414225,0.982393280902913
-0.310079022511492,22.0710915863939
-0.310926830871013,21.7784409695708
-0.311156588167883,28.4710026802835
-0.311165670332658,16.4220229008377
-0.311578402596653,31.3920626166148
-0.312503327674781,20.1561751217979
-0.31251690181543,28.3589693236779
-0.313064628748178,8.29179548628581
-0.313642018033091,16.5278554289156
-0.313769808935815,30.7218099518409
-0.314426444425536,2.21484022888072
-0.314825323104211,25.1621875345581
-0.3155509515517,19.7410914215461
-0.315943121215458,33.0563963302565
-0.315983494707925,16.1281858366831
-0.316602204893827,29.0437047015056
-0.317042719179091,5.44745303339105
-0.317554389260833,12.0946051383891
-0.317718890634835,27.9920788391638
-0.318089994811307,22.2455301992348
-0.318423498473982,12.1424026204337
-0.318928614318815,2.68780380237233
-0.320367262718149,28.7992225872394
-0.32097917582266,14.6233499947152
-0.321412552923998,5.52263038665245
-0.322044759692808,14.2464808120863
-0.322079440456161,1.5568569755134
-0.322114039424822,20.8259829497469
-0.322150806065634,17.5675280196546
-0.322738358080022,27.6715023509598
-0.322984873667651,28.7471440002659
-0.323182414130208,2.7923556505684
-0.324251928942218,7.08387331084483
-0.32472819311394,33.2076917080804
-0.325295022610452,20.0707830096581
-0.32568699590385,17.1038219318735
-0.329343829691458,5.6098307948002
-0.33158960138065,3.57302807761429
-0.332510119607775,16.5057745549037
-0.332807695650845,34.2878731421764
-0.333057215683985,26.8856537935777
-0.333991690178132,4.26651329989294
-0.334789207648159,31.0140589327707
-0.335589748772575,29.1150288880609
-0.335613967613853,4.06481973502638
-0.336092667713084,5.65302287617633
-0.3361644104991,1.60292630646487
-0.33696445835706,8.38301493504608
-0.338277801791844,12.0000986899315
-0.338685324000276,13.3048330484272
-0.339370670048804,30.0280838010788
-0.339469585472545,35.8970044188234
-0.340508609709146,1.41593303714901
-0.340759952461162,6.11665241173381
-0.341095271151572,32.5837205619726
-0.341595184579116,23.2422256378812
-0.342146284386225,37.5883109873091
-0.343516653444734,14.2114627132774
-0.343523021978582,6.17384280431196
-0.34416991072927,23.516247014321
-0.344593643397842,29.3889400715261
-0.346093009728805,17.815645312922
-0.346866478081489,24.8088750221023
-0.347075173863965,0.812620489318404
-0.348421592847368,1.72543902508319
-0.348477651289498,28.6332920842415
-0.348642554851726,25.4219664868213
-0.349464563436905,28.746644281149
-0.351342968953979,15.225236031834
-0.352000047444964,5.91130853971701
-0.352109111745919,31.6119245408732
-0.352165311408717,27.6401482009415
-0.352916041142443,8.6034010525541
-0.353478129739956,17.3450116982093
-0.353540512503088,36.4839306575658
-0.353693152302378,5.92068221374784
-0.356756640874193,27.6634295331731
-0.35686048788615,0.376511617599245
-0.356882855609943,3.69409702637804
-0.357720786348134,35.8634532826196
-0.357750651676248,18.2445206245519
-0.357874827795925,4.8041465442751
-0.3579612305162,3.9925387602152
-0.358304764980803,28.8170727826025
-0.358392893305542,14.4554227198416
-0.358600575782034,4.75380025033578
-0.358747164989199,16.8815137686677
-0.359282975219999,29.8250200421712
-0.3598074260987,16.3973346627749
-0.361206235392919,14.8786643806446
-0.361798422106645,1.99770274080305
-0.362117847008341,13.2804594067633
-0.36232333015018,9.19470475529062
-0.36248778875806,4.69387748701681
-0.362499969483998,20.744855073843
-0.362569675524621,2.17799650068854
-0.36277783603666,27.7743499250365
-0.362842657645164,16.6636156520139
-0.36361104162883,24.5609549623781
-0.36396058442393,37.1047104837261
-0.364059001437526,6.27476562665043
-0.364109225749241,11.4663640829995
-0.364320523081413,33.4191607534581
-0.364499881963992,13.2660454483141
-0.364553276601498,25.6350738675391
-0.364674641157584,31.8031931784536
-0.364731755101094,15.958606250781
-0.365146690330639,28.9675087351475
-0.365527330666735,19.9810543612283
-0.365780977458705,1.26380422359423
-0.365806157636886,33.0786828406198
-0.366351010269741,16.5418200799808
-0.366914274804329,30.3347602149864
-0.368972518711265,1.14185190659165
-0.370000442409202,23.7426595231456
-0.372335114906911,36.7242267107672
-0.372951180068391,0.228579511432485
-0.373295366539295,24.9694407663353
-0.37347609095461,19.334594729816
-0.37391580493979,19.0676290042638
-0.374409999456813,37.0373077295183
-0.375109446736976,2.40154349374127
-0.375379085937652,12.4998621623475
-0.376366926201005,21.9286933892809
-0.376434922051819,4.50200507657753
-0.377080425195771,0.454398315143263
-0.377868508801803,33.0638830043601
-0.381440767365173,37.1706797843032
-0.383016710221131,32.6043789127591
-0.383530769309,3.26566835214307
-0.38461690917111,33.9775560542297
-0.385158229077931,0.347333278524787
-0.38542776406146,37.5423399348927
-0.38545936993059,25.5620779913817
-0.385518216732122,22.3439645513111
-0.387009354423083,28.6148396838659
-0.387456820371968,5.63438763497526
-0.387887710377117,-0.395740211428651
-0.389617309156906,16.2724528604803
-0.390081756045152,21.2518669615371
-0.390122453168477,35.837418013688
-0.390170721031679,32.9947918847047
-0.390286919781887,23.2677563220193
-0.390664742800032,9.92995337323988
-0.39162595900457,29.8702924258336
-0.393108672701387,32.8416197732621
-0.393253343276039,33.0929118598767
-0.393728985714902,29.5362002192854
-0.394863400070565,16.5475041361074
-0.394946270419051,8.77179101607091
-0.396019217818547,12.8258715526285
-0.396707750642686,12.5631623326078
-0.397045653172911,24.5352370936481
-0.397251173132145,28.9146520830303
-0.397275542697726,29.5907205906287
-0.398508951221995,26.3379360419622
-0.398516812114469,17.2733403510986
-0.398936964289247,37.2338478780652
-0.399888329944421,16.6860241596974
-0.400030890075721,-0.689183552966564
-0.40075675187287,14.0783614827934
-0.400981341549759,2.42993737757794
-0.401889518293465,25.795327554448
-0.402219506358531,9.41735868687942
-0.403443105711397,-0.0903192875771592
-0.403512751045862,35.5997564911616
-0.403573883411785,9.9026547827105
-0.40457824981463,11.0157708293776
-0.405098514738295,28.2790396381297
-0.405279232493361,1.28166390567069
-0.405468920316701,16.3622348211459
-0.406402660831862,-0.758913254859715
-0.406429863285425,6.61998714549052
-0.407733059792349,0.433758358535704
-0.408348518727641,21.7360624549642
-0.408579678095245,12.4670952785994
-0.408677160328555,1.85645970912745
-0.409050818828654,37.2937172782565
-0.410459942011534,20.5790817574655
-0.411136568930339,27.698559885955
-0.411769393489538,2.775331946542
-0.412134325150263,25.838886056996
-0.412248954222444,32.6159086964158
-0.412414932283431,28.5794398502637
-0.412687008548574,13.1804478292617
-0.413083909738095,25.554602469588
-0.415413159223144,4.21067245289918
-0.415430309763585,29.9915565825782
-0.416539921558222,29.2962088828169
-0.417892365575923,29.4794459663681
-0.418205654794397,2.37196243621601
-0.41827822691085,6.10924326414342
-0.419801642970092,34.1290988986582
-0.421036132178808,37.458340722101
-0.421625109664242,36.3806385053934
-0.424306984163702,5.29302796849369
-0.424592564487834,15.9291898709949
-0.425715456553795,36.4331751187985
-0.425987008036863,30.8640956986013
-0.426469781509788,2.27886716056301
-0.4269749158578,36.6243642465624
-0.426995298193781,31.5981921655194
-0.427059528873212,9.84637874741778
-0.42707575774299,0.417871659280406
-0.427370421426789,4.81194038245201
-0.427885706536034,12.709537743093
-0.429462441199008,28.7187433788398
-0.431421646995876,6.36545080834773
-0.431531394675656,29.5156483009507
-0.431701514933986,20.5742422071074
-0.432673472086065,21.0248238187253
-0.434877916794771,1.35450270648138
-0.436248551049455,27.9968634701392
-0.436785101064618,24.9976541833546
-0.437006564645696,4.9956316171508
-0.437081146483518,28.8682527587164
-0.4370928753718,36.791290392645
-0.441657035252912,14.123509058003
-0.44258173695328,23.4725099625717
-0.442996760854931,15.3226942006859
-0.443124033725126,29.2648259592848
-0.444060892011347,33.45705166494
-0.444697813934971,1.07062697976217
-0.445717982013142,16.9698189255319
-0.446051113073992,15.4811067155738
-0.446508255401074,36.9665833403202
-0.448350341333282,9.13416147228331
-0.449029004945476,2.65934803983622
-0.449867523559622,9.44799178888479
-0.450310305850826,8.35236691366619
-0.452604053814275,1.20604512302701
-0.45282828347885,24.480658297567
-0.453312359414718,37.502898771392
-0.454016576557843,18.1571933916368
-0.454505158236319,30.7211020823534
-0.455962460025027,24.0495611502019
-0.455991332998915,23.566423073797
-0.456195852736244,32.2678147528064
-0.456296787875361,-1.10447460651757
-0.456430528130287,0.293215154928967
-0.456674420587195,32.4426016010486
-0.457273373158686,21.3756069250009
-0.459190944190606,36.4414611021442
-0.460272888792628,8.8474041166223
-0.460511329413841,36.7578412191286
-0.462356979914754,32.7437740639825
-0.462964406799485,1.51169718914839
-0.463021296399843,16.5927549620927
-0.46450658568694,35.1566548413426
-0.465184196337381,0.206358247677118
-0.469257791045514,13.2688727878967
-0.470607177165951,8.45294959742932
-0.47094375907275,33.2840147755241
-0.472412652616858,17.816037968267
-0.473254774157874,25.3942723927635
-0.473734310638152,24.9532229907241
-0.474263087495545,12.621170030895
-0.474445460669489,8.01265928386894
-0.475334191854103,16.6569187968036
-0.475386717276788,24.9221503612255
-0.476104034241385,2.23703055003257
-0.478848418132669,9.91630281090353
-0.478979626307692,1.67495176297562
-0.479821033635907,8.29807784111559
-0.480893995020801,-0.479684424560412
-0.481003799571107,15.7797735351458
-0.481083723418904,32.0035749568455
-0.483615471741499,20.8699072017285
-0.486112531838233,36.740438599179
-0.487310585494655,37.3453541895043
-0.487477655501391,29.2617077151734
-0.487548128614681,8.5063912268089
-0.487774364105803,36.9640551018696
-0.490684375473261,14.331129812066
-0.491555057296342,31.5069316341345
-0.492754022017216,4.69387515384946
-0.493926854274318,17.4400653610351
-0.494329052466639,29.087579367526
-0.495285553511653,37.2030518607121
-0.495696305982573,17.2185435497095
-0.496127750472815,0.861856528981277
-0.49661126835516,30.3527997603225
-0.496830026539166,7.52678520747624
-0.498954821003569,36.6234534484839
-0.499298154431554,24.8413082783122
-0.501150086084952,26.3125992497048
-0.501613825305787,11.7959690701448
-0.501984684561159,25.2709212640121
-0.502917421611442,3.15501503877841
-0.503069241313278,3.53518471043536
-0.504452404395856,21.6092826282255
-0.504517904966785,10.5146014007328
-0.505477775960679,22.838879393238
-0.505591272582482,19.2092952982386
-0.506265308403948,27.9218975669799
-0.506520623343811,32.5416424965377
-0.509119722014195,10.2441318435475
-0.509928730362321,23.7277523701305
-0.510065326825791,17.2462817127353
-0.510148624012577,19.0630924708753
-0.510588697609861,13.1670657609292
-0.511124455242665,4.55001623770945
-0.512433200736869,34.287291787549
-0.512995402138162,17.2074174328636
-0.514415094307287,0.968388673039749
-0.516191164752989,17.1605365899501
-0.516589620167392,1.2677583706725
-0.517898137701476,28.5366593796062
-0.522683191415393,-1.42060342509368
-0.525136579484169,2.00177159507047
-0.525632281035868,29.0854755702115
-0.525673566734334,26.0998839307284
-0.526714318172528,29.7457392966451
-0.527260788242598,6.80487376816144
-0.527515945556392,5.67043823646421
-0.527835299453879,8.45237271924206
-0.53054459326078,22.0934569115613
-0.531912734671758,11.5337446876206
-0.532269623890595,2.93103575827749
-0.532990561986784,23.0255159718917
-0.533638898942148,15.1569158066137
-0.535019589324361,37.0746222397141
-0.535168609448741,3.78009956978092
-0.538561477426406,3.42124256990809
-0.538790688067431,0.261665828082478
-0.539592719838951,20.2976947440532
-0.540051563983021,8.45004346787255
-0.54167620328148,10.4404191525193
-0.541843355080966,5.21233958151199
-0.542152455665487,4.6297032143048
-0.542503815241055,17.0993895857992
-0.543899419717402,19.162330195415
-0.544617935600364,36.9870521833611
-0.545057527803545,32.3367454618721
-0.545559448680673,27.4683927997742
-0.546423423429122,30.087564322266
-0.547524325451469,29.9951298581687
-0.549484563712764,5.00425476317954
-0.549611056594689,33.4901772853492
-0.549760223931955,13.4555178036483
-0.550610700478979,1.63717979665915
-0.551590442520374,12.5991591717031
-0.555961404575477,22.9809482897565
-0.556290215694399,17.6287020866191
-0.557508884444881,11.5545354118013
-0.55784065071345,22.3161740074649
-0.557942593474202,35.8857477876109
-0.559715971502267,31.6436544564582
-0.56029743003138,20.6904397922816
-0.56077125194463,17.8246180908528
-0.562128073317141,9.09381170865824
-0.562552769826143,22.2460590329311
-0.563945026097739,8.56049451778038
-0.564589380491497,28.9503386419894
-0.564776701082548,9.41208470855531
-0.565896176853301,5.31290726514568
-0.566148143416773,27.8366753650708
-0.566479988167467,8.12646502371441
-0.5664834522682,32.8152416757218
-0.567933656301103,25.5026206168413
-0.568335038091129,25.7093091096926
-0.571734649566495,1.3245330691934
-0.571819108635969,13.375472578874
-0.571916140995992,21.0486757279369
-0.571967055529258,19.2458172170643
-0.576934372252435,8.06133428637271
-0.576992579576151,25.142493881469
-0.577719995141881,27.4558215798469
-0.57794338452183,24.6122252258287
-0.577953555167082,7.86423635252451
-0.579124516378871,17.1034776694635
-0.581356519731428,28.7610000083069
-0.581547214431874,37.5768214702004
-0.581576803372408,14.3058288545555
-0.58382499005618,5.73719699651381
-0.584184368534577,32.3541448064581
-0.584616317379206,32.9413312637738
-0.584713184178237,1.22771333532833
-0.590607556095995,9.86325807191973
-0.590633393058891,14.3018736200642
-0.592498286580247,13.1797202151413
-0.593829710248484,15.1538717158639
-0.595212977018702,1.94053120264661
-0.595601190431207,21.4822283998505
-0.599312045915046,24.1200002697305
-0.599781483194607,0.738255423917145
-0.600854929899731,36.9239434615635
-0.601873709525827,33.1351745949863
-0.602283134122763,36.9109024479606
-0.6032227990388,13.1368128471997
-0.60442581093989,4.25353967856624
-0.605615127681954,13.3838763198589
-0.605846061387528,30.9389466111343
-0.606130290205687,4.86558770236545
-0.606237628888058,17.6502758280526
-0.608688323445856,30.009888289909
-0.608933810427529,19.86733683141
-0.609704931941597,35.8175205450943
-0.611665306093694,13.2312370304769
-0.614721375762412,12.7126187590881
-0.615426664742381,22.5235687137037
-0.615827063392148,37.9845051373488
-0.616123199370751,12.8098259882725
-0.616338783268045,4.13159719578906
-0.616818676387709,1.24647049632487
-0.618175342935591,-0.145685192196958
-0.618814178075556,34.1519524524169
-0.619593871952258,0.583065888053635
-0.619622384506596,21.8273003080898
-0.620188829717216,-0.235162534885694
-0.621415282463005,20.7414937496808
-0.621569333995743,18.3532321212507
-0.62197343570685,25.407480576162
-0.623397897479585,32.1684531345092
-0.623795573330095,18.4149945049824
-0.624307537286401,12.7410356306097
-0.626385099566984,12.1114549905983
-0.626539050743267,13.4083394593123
-0.627525920275051,16.9209161294106
-0.627687221753103,0.761720817572837
-0.628547005247184,6.60521386307167
-0.628692084923588,32.2209873250472
-0.628699336546983,26.4776689226374
-0.630513751308274,13.7784062891989
-0.631752240830241,32.4269906352282
-0.631989618379869,38.0411659654729
-0.633174623046419,27.345024801136
-0.633799649340348,26.4732098268868
-0.635043942456955,21.2398765585723
-0.635705897499381,29.900096797665
-0.636162090930456,8.90146200772974
-0.636211561669344,13.0297200995561
-0.636394827106543,23.5205957138044
-0.63750656040629,1.29147769588284
-0.6376162414341,21.9834653592989
-0.640322482885,32.7029240884567
-0.641071814142822,35.5036897318271
-0.641167957622481,20.9544863108551
-0.641187150259795,36.5085292425476
-0.64435423300074,13.5948547778036
-0.644671036745227,25.4072020591717
-0.645027516155812,28.1160750982071
-0.645150841939166,24.469483611749
-0.645884389742868,23.8860567184903
-0.646388836466275,33.5583173583769
-0.647518773814372,5.28934903595232
-0.648572683119357,32.5529273802034
-0.64858378852159,20.4543136099743
-0.649547197342025,8.80748255287
-0.65110368987574,16.594247790324
-0.651833735796568,21.7356391133477
-0.652605185584597,33.4317204435363
-0.653854358935449,32.2956725403158
-0.654075809821783,24.717343334683
-0.654743406276929,38.1673854969962
-0.655037265329465,39.1459884082123
-0.65556364995553,34.2307719753212
-0.656851584703962,24.9003498419591
-0.656906374916119,8.26302451158123
-0.657059653911329,27.0509746038092
-0.659229764887053,36.4401455053025
-0.663378404375015,24.1128065141003
-0.66449655167171,28.6171462302499
-0.664768288358629,4.45691165685067
-0.66530812169511,17.4722570091631
-0.667263001812979,32.5651984735695
-0.667962171370478,12.9580256994895
-0.669097673276507,34.7605901822124
-0.670869968702801,36.938589890518
-0.67213571291993,31.8044717922331
-0.67453020196484,29.7536381700125
-0.674569083758392,36.641705529618
-0.675884750730023,5.44395792103182
-0.676239257150069,-0.654061219649476
-0.676880966743932,30.0688705081572
-0.676930392004186,30.6980765932106
-0.678817578273037,32.9812574724785
-0.680377039638764,36.9870618026785
-0.680876177348135,12.6924801307838
-0.680943052026454,6.42916081949121
-0.684539180321405,15.1876664288195
-0.68578847969564,3.82936319011178
-0.686203581966262,36.217375642947
-0.691399018320096,29.5519314018104
-0.69235100855123,24.8060332685776
-0.692554136253991,21.1599258748626
-0.692610268587396,9.98911720673205
-0.692982477222463,14.3787709813109
-0.694970616301289,31.9467282140904
-0.695879828924426,33.8586736270247
-0.695930281476671,17.8823277952622
-0.696728700113895,10.9271288912042
-0.696768045344656,9.45018641260397
-0.697681400945101,34.2907542606346
-0.699263171406936,10.8762023133081
-0.700087969945604,15.482956068806
-0.700488465659952,20.4607524915888
-0.700497819640651,28.7805321058136
-0.700682161418792,25.2890633115464
-0.701720723953815,33.6559179343286
-0.702099295243834,7.02801015328458
-0.702529306819295,37.5158230887613
-0.704659690691022,5.47426711609389
-0.705589248325562,28.8206364495952
-0.707540345062775,17.6826964227741
-0.707596496139275,5.94657753147859
-0.707816305105995,22.3114926753962
-0.709056985102746,16.1280625439079
-0.710341019612619,6.62436593700552
-0.710688431644342,24.1761088529646
-0.712206352685334,10.9409973789617
-0.712560835331242,7.92032321108641
-0.714049769472082,32.3682567272341
-0.715404596542405,1.33522646110148
-0.715845294396928,8.98001742591947
-0.71674327442758,21.3503855974757
-0.723281212785346,33.1982352065061
-0.723811468063468,23.6579490972188
-0.724585013608412,33.4871129690953
-0.725834879194229,8.76627533436014
-0.726125739092106,32.4774855829371
-0.726591499005625,19.4717893759103
-0.726651818861176,1.08112900434862
-0.727515392374022,24.0498283598652
-0.727933021814207,-1.19842411005825
-0.732408415600276,37.3331061688869
-0.732733375280884,7.46884252778515
-0.733654674860796,4.31198696687979
-0.735079096744663,26.1737006188248
-0.735622464926907,22.0617184104741
-0.736194906313946,23.9712211622412
-0.736974825529968,5.76246824059718
-0.738473978114093,3.6580202024485
-0.739412890643695,30.4430719734956
-0.73962235114335,3.74165619718399
-0.740499868942247,6.99245169448382
-0.740781592786531,10.2688815847698
-0.742534497938809,33.4060419501632
-0.742603453919087,36.1567201835495
-0.742735468596053,4.66193112998475
-0.743043278148484,27.8054839030976
-0.743375645343751,37.2298672178913
-0.743539263692468,9.12443566689872
-0.745487463059742,29.848806375806
-0.745950457649378,15.5492110743308
-0.746051668984116,32.6810874197182
-0.746529753347767,21.8098703847711
-0.746715598238498,21.1807216161698
-0.746813754847558,36.8686252841349
-0.747093641132197,24.8282095551147
-0.748516205981354,3.82111915308076
-0.749617785506144,12.8543192322866
-0.750003918467318,24.7721732536795
-0.751331211394893,1.44190387425761
-0.754190706196591,20.4249765554272
-0.755424870549268,24.9439696029948
-0.755960236641558,9.61677947656446
-0.75650347517508,4.08470660914903
-0.75848615366081,24.7016879219136
-0.760231520054017,12.6478955533765
-0.763006130526213,17.7429489344205
-0.763994524438391,22.4129718668017
-0.76974835057046,30.0564721564909
-0.770501927798173,8.67858768706383
-0.770996815423249,5.2938659979229
-0.771311166378117,35.9288774888122
-0.771508898817334,16.6060846516013
-0.772076870026854,21.2821015605484
-0.772905357757559,37.548340657982
-0.773242385538411,1.06160691207468
-0.773593329971315,26.8331196588405
-0.774784448982981,29.4921360541296
-0.775312831225588,13.2955757578612
-0.775549519054824,0.875621213242854
-0.776375716051355,13.0138220969082
-0.776864472382156,23.090781438654
-0.777564935346111,9.73728394543152
-0.778235390204843,21.1738953003752
-0.778658893579986,29.4916889479964
-0.778767338931494,0.6492816784111
-0.779361953747241,29.2589729490436
-0.780979946368772,32.771328366873
-0.781899133294522,5.01823912337076
-0.782077842943219,12.3490265620008
-0.782325112539291,33.5724372670992
-0.782442235248128,32.6061337803837
-0.784107752151242,26.6184277162882
-0.784218259988714,0.839726861699405
-0.785651129264226,32.3663329573712
-0.787068652211872,38.2182718610122
-0.788705792624913,36.2930708778773
-0.789066952095431,13.7971977270565
-0.789101483544961,9.24804534319786
-0.790294691890953,27.8018358968976
-0.790670970054001,13.4233264257546
-0.792369586251499,4.03097690325131
-0.795464707739113,0.963951246183115
-0.797578980431491,20.8088251762578
-0.798406412990076,7.97974290422515
-0.799313100146535,21.3835376136353
-0.800789782683723,31.3411854665364
-0.801636955754898,37.0458480221966
-0.802446937231357,20.7123277942568
-0.802888846683297,37.0279680251277
-0.80476300340044,20.1373987728929
-0.805066086577308,8.92979506874052
-0.805164629835509,28.790211217159
-0.805705013883572,12.802063043674
-0.80588163177559,12.9951436002563
-0.807572571974863,32.6574500133031
-0.811380073506546,17.284265792656
-0.812111058314759,9.39974190185018
-0.814040136922548,37.1817687717696
-0.815296048413044,-0.360860139252711
-0.815904372105374,5.51678779212082
-0.815961692906342,3.70506248331405
-0.819248369713232,37.6628817969013
-0.819984059034294,20.9074074676765
-0.820155706696152,31.6332287074184
-0.820743600283844,18.0689746153025
-0.82076370300584,20.233439289851
-0.823826200900551,9.42917057195682
-0.826110029563099,14.5153302362516
-0.826826780690581,33.0052815884193
-0.827942709002114,3.70488144992278
-0.828955051872852,29.3689180484831
-0.830793285033148,22.791433250286
-0.832558184190271,2.46205563743436
-0.834357410983749,24.7734260753157
-0.836822417045185,12.6515990497902
-0.837757557267807,12.4039408772704
-0.838150071947771,15.2687269438171
-0.839464302668198,32.6093325158828
-0.839632392064681,25.4790240722452
-0.840656491226722,36.7868380408541
-0.842685209707672,9.02054940004356
-0.842999204199459,36.4693049142634
-0.843023702923359,8.11859235406005
-0.843672953286377,-0.591370780887911
-0.843885864696705,10.1615983331691
-0.8443665464599,20.5035250893645
-0.8453777242702,-0.0439469482171206
-0.847525074601938,17.7415841817705
-0.847733456578294,2.70826073459112
-0.848639009331727,9.12950318685432
-0.848704504745219,27.5630405049688
-0.851912649532625,25.3412134157736
-0.85207793370557,28.9638670351027
-0.85301007060834,27.8226706243209
-0.853191492989804,25.4558590833559
-0.853756513394984,28.688117831954
-0.854857402595859,35.9221173116168
-0.856715436024555,31.5950072563837
-0.860404564446799,18.2039840948776
-0.862083404567515,27.550049771169
-0.862368037687112,13.8908809446811
-0.863571862783983,12.5601749117513
-0.864567816671531,34.5565892003703
-0.86467498040684,27.8713248452349
-0.867051606511112,8.71808094283584
-0.867435799956159,9.51371770734661
-0.867488653348436,31.7034831066752
-0.867911300998286,38.9391522036602
-0.868319794974583,32.5410071401656
-0.873879008980689,6.95770285916369
-0.874646767672392,9.23733538957507
-0.878104781292757,24.5170807150209
-0.88008091864184,20.5401489956923
-0.884584295856365,14.1727897418416
-0.886497727618611,39.3279252087572
-0.887716721182685,29.8834220012361
-0.887929509892626,8.5180539284539
-0.888964338772062,21.7810554026071
-0.889232828477848,3.95908598977503
-0.890821083097618,9.39481857648774
-0.893706570241626,19.0281147553678
-0.89395331235958,20.8548109396281
-0.895301344707156,6.8257292543203
-0.896618813461195,9.26202641639999
-0.896790450433381,21.0281650280788
-0.897708584059332,5.40566876805629
-0.899306970909886,37.5106515962481
-0.899794093209566,30.6528580309555
-0.900615691785651,8.76754740665969
-0.902822145224627,37.3623350598099
-0.903119719258936,37.6164256632681
-0.903383281488541,2.93621611996609
-0.9056616631526,6.28783766020938
-0.906666056632392,20.6818974258849
-0.906997432930357,21.1439403923966
-0.907199892261529,37.2090078462921
-0.909993539348838,1.7293288478507
-0.912393588133281,28.1644272876609
-0.912899156199456,18.65648272275
-0.913100754939685,7.30218255029694
-0.914187813637093,4.24869520321127
-0.917603291831273,8.33797274023129
-0.918442152439511,3.96801392294942
-0.918464882869324,31.5244435990339
-0.918718084115802,37.3315614129776
-0.925097181190341,12.5430940259087
-0.92696977123642,0.508839909639019
-0.927244020337068,24.8832898451846
-0.927957274107919,20.6985894458111
-0.931673983985154,37.0211748772856
-0.93190041750889,33.4317902578902
-0.936746759312676,-0.0781114623731118
-0.938423702708992,-0.553955698274962
-0.939462489969199,9.17648977592717
-0.939480044876789,17.1608242228186
-0.942051745477926,32.47987710271
-0.942430970739817,32.3421956999149
-0.943491911372152,3.99851646447908
-0.944012014963991,32.0757491288041
-0.945081052261633,38.3698209579689
-0.948136313837118,10.1489489813397
-0.952370808009745,8.82818445329396
-0.954853199742559,36.8920100894437
-0.955802434623816,37.0052476317278
-0.958405668953264,23.5328858081652
-0.959625533242317,0.526978817629944
-0.960771817417008,30.7078238851439
-0.960912831327052,18.8763989779355
-0.961198761553387,20.8894608241422
-0.961514363970903,26.1551792828351
-0.962392654902716,25.6605264819411
-0.962728853621096,1.97478825938139
-0.967863769700376,23.828807475141
-0.96814044747887,12.2055385355576
-0.969346886047819,20.4601070092301
-0.971342973258475,28.6046848072419
-0.973100100703443,31.6708211350426
-0.974444297641615,29.4914292997477
-0.974886063371425,36.1414029427767
-0.975160563250358,4.93128200677979
-0.978499779841671,12.8968109071272
-0.978806886111756,19.7704383860905
-0.978998195590605,24.3698170750051
-0.98006134793215,1.92700012870136
-0.982814960816017,0.126654159894422
-0.983211938170926,13.0676199493978
-0.983269078076752,2.75438581956248
-0.984568437579253,25.0416592102689
-0.987299383672115,25.0589103917016
-0.988080372762135,13.5147096312853
-0.989443177029034,29.4589843903865
-0.989562390225629,25.8915527913836
-0.989610751336745,25.566569503078
-0.992248609982102,1.44263979603972
-0.992542240617422,-0.912634199520037
-0.997926851177826,23.259486326495
-1.00069922943935,24.3085051296658
-1.0009540086889,28.8437468041377
-1.00712798482004,33.0248033101589
-1.00719510164171,17.8633393528191
-1.00835325990766,36.3955022275088
-1.01068810370096,23.0703992296294
-1.01191415505353,0.477940069052474
-1.0152751249309,1.18420625253394
-1.0169283589528,6.69928865235219
-1.02305238895572,0.437016586219261
-1.02366729529166,5.25428886471404
-1.02419462195149,24.7006417243379
-1.02559588984898,6.20441916709243
-1.0277974404006,30.9854230681522
-1.02822195068268,23.3445045587494
-1.0314324208104,35.9292322852461
-1.0332544232831,13.2696277268986
-1.03435667942039,24.538762422851
-1.04134788749536,37.1513924472911
-1.04207329967224,19.9619674046944
-1.04598112554003,15.3962311449122
-1.05509441912971,37.1607609175347
-1.05671925894993,25.7496811665787
-1.05730210477501,37.3609235249283
-1.05762112069574,28.438596788005
-1.05770637254256,16.898166473242
-1.06118295682198,8.85640852547625
-1.06142535695656,8.42461716534698
-1.06155735933965,3.79822665996206
-1.06380330803834,8.26383912870774
-1.06557497281879,1.15873031709575
-1.06581843775613,11.9191638228953
-1.06706755673172,17.5212808333962
-1.06843536405329,37.2176006570729
-1.07306577319877,8.05836866102846
-1.07339925480734,20.7785937442454
-1.07433975387696,30.2060456486768
-1.07788748532886,14.2972317916453
-1.07820431522916,8.62350615635551
-1.08082378788954,4.77251516641538
-1.08311697814735,3.85597628660317
-1.08476913996338,32.620299892415
-1.08551595364129,12.7275174531803
-1.08629647747119,21.7895562546075
-1.08806282908986,16.8912010369693
-1.08985782311747,33.5801184135074
-1.09148429534951,37.5444306717683
-1.09150565967078,12.4889005483107
-1.09614355489082,37.4516970929024
-1.09755428211067,25.7074966580205
-1.10052014942734,37.2090058987073
-1.10136016557682,10.9348136208914
-1.11130577050978,5.97599404789442
-1.11305466609804,19.9757639982158
-1.11344127445746,1.22608925041924
-1.12507072868583,37.0705728718977
-1.12673484426248,8.36211486564946
-1.12981110922115,19.0309993170547
-1.13165042275462,24.1321577798134
-1.13181151509049,17.2406683298634
-1.13579673333514,36.8087184589068
-1.13590242948311,36.3340484983304
-1.13604093865111,35.7843783445843
-1.13742589790568,31.7104202826878
-1.13992276788887,29.8100272801447
-1.14058848600056,21.0129816638152
-1.14240315464239,19.8112409282223
-1.14574599816105,25.0355407462447
-1.14624869751466,9.08349909875469
-1.1465139756664,25.0030667038945
-1.14785162086668,35.4227916732103
-1.1479646840315,6.36777946252197
-1.14831013271825,21.1695661626285
-1.14978301905599,3.43664195962656
-1.15358482465217,0.909969869634439
-1.15495378353786,20.0332613742506
-1.16172061278584,24.5130240349817
-1.16223990382102,1.19110904652032
-1.16675472249063,8.27070571116675
-1.16836226119481,9.81154733035004
-1.16844652190103,-0.653564551234123
-1.17138422823928,4.97450624350492
-1.17176234143557,4.75372825752321
-1.17508928557534,17.8465083104026
-1.17509041689588,25.1972373234295
-1.1775673746619,18.5467800372975
-1.17842617409283,6.76017513557692
-1.1793528014482,29.5268399031914
-1.18036784009096,8.35704139085561
-1.18221332666011,23.3352983184166
-1.18647733410335,16.970356568771
-1.1885015005521,31.842207004654
-1.18976011534167,33.7405675538716
-1.19201837640231,6.64797297798351
-1.20269015656944,17.9822519120193
-1.20605702367249,21.5149075416091
-1.21044735517782,8.25332760421935
-1.2134338423086,24.5819126276191
-1.21476564488577,15.3120205612676
-1.220528707822,6.35780191905123
-1.22155240289206,25.9793139188806
-1.22184819490643,36.1662431529129
-1.23172520192693,28.0732696812741
-1.23524335169675,11.040409568909
-1.240777734966,12.2785363145906
-1.24162378132487,28.6303698190361
-1.24525986702895,37.998498137157
-1.24821976061219,16.688878885262
-1.25031006784527,11.1305962259841
-1.26010038224195,25.7663623686743
-1.26042908516144,31.8765099549442
-1.26887890546306,5.38723557063715
-1.27226296940603,7.8450428068735
-1.27339518113646,25.1662323830185
-1.27721897947927,35.3846365924199
-1.27827009726479,5.16640412024095
-1.28055434537175,33.0538174349738
-1.28613383390209,5.01901359010507
-1.29024670789787,33.3823134447184
-1.29029772989538,17.0958859369369
-1.29204525702493,1.01899232246912
-1.29299105262061,1.45325029458021
-1.29399095394479,10.893751160999
-1.29522026252719,21.9967423168438
-1.30020306705678,5.28970013014192
-1.30163762755966,9.52881446516569
-1.31133105964671,36.5573787221273
-1.31393604778807,36.6142429666658
-1.31785390436611,6.51150833580172
-1.32013624971462,28.4182815996114
-1.32080513519295,13.363920255299
-1.32141416211119,32.7055445679964
-1.33130089029104,13.1458816811141
-1.33452693291079,9.63634916927047
-1.33513607390628,4.19155603258222
-1.3353679728081,4.64869301576501
-1.3383674253728,0.935496319285692
-1.33856235039991,25.9680970190608
-1.34263685341075,1.56625947432948
-1.34613305685528,28.7568480728776
-1.34852179196194,1.03035839094374
-1.34997839230271,8.06258666897012
-1.35645021449922,25.9081773513951
-1.36175808577993,-0.178523717036956
-1.36288812707251,29.7463991913512
-1.36463811862609,12.3888812018867
-1.36953509873542,5.31554073385097
-1.37098955789629,12.3740281426132
-1.37862351928532,24.5490053744184
-1.38282997643839,8.52927084653968
-1.3904367111498,29.1824731416019
-1.39069426205887,10.0418688563573
-1.39261825064951,3.44146156699487
-1.39271491814203,0.567349477390928
-1.39752473725492,8.93734505020598
-1.39931844827297,24.6577430832759
-1.3997607763357,31.9720972899774
-1.40362045541508,20.9782743009307
-1.40599853712204,21.2307836277019
-1.40642488862317,31.7915786778339
-1.40801498599476,30.8886128594034
-1.41275232992015,17.2476453483549
-1.41344419074982,16.8548603729153
-1.41396830673218,21.7415854983666
-1.41800783647336,-1.09177000787481
-1.42803681158033,36.4077897073426
-1.42868415002625,2.21068006511231
-1.43140411586004,37.2181872406846
-1.43235336085717,10.2418423759579
-1.43706937428697,16.8423821086094
-1.44085446957675,13.9869211285794
-1.44717083438569,8.80874280359615
-1.44936406897723,19.036565740261
-1.45240187509696,8.28926857762837
-1.45418407577419,33.7323098522305
-1.45494508145462,23.3630854478893
-1.45505089243594,6.69864260802135
-1.4556235968861,31.7548241089846
-1.45657469137298,18.2092336042535
-1.45761398253812,36.6047242097084
-1.46247150531216,23.168535856713
-1.47079190459897,36.6907859622642
-1.48796648965499,16.3984298231302
-1.48943530274611,7.95844753828703
-1.50856316132473,36.6079589377529
-1.50881867755411,21.2243831853272
-1.50927260066822,34.482054806863
-1.51915127246099,6.85507438962349
-1.55139106000258,0.220601440978818
-1.57351792076404,20.5991357525183
-1.57445724245181,5.56840313281857
-1.57815440368849,1.23308209868538
-1.57875682593222,32.5435956276626
-1.58389805910888,1.41022921980016
-1.5882372506356,2.08117457157558
-1.5886898245115,28.4700441798365
-1.5990060161331,17.9319093607926
-1.61203847966083,27.7221256357964
-1.6121129846721,9.60388188538695
-1.61411822224975,32.9085355047198
-1.6148871458557,16.8993386589528
-1.62712042401522,12.5201848248472
-1.63654959452271,18.3938727915091
-1.64229488869699,26.500567185335
-1.6425672458401,36.8226078657742
-1.67911022010127,0.125810056294204
-1.68010700657193,0.414894421769525
-1.69964480060048,10.3904061761455
-1.70234712563142,-0.6583758714331
-1.72205057968343,2.82263641081613
-1.72389113393251,32.4268534171013
-1.73007022358665,1.90650668551901
-1.74351765080127,21.2237065733678
-1.75325932456698,20.7728040451043
-1.76055968919278,7.98415002391078
-1.77049060221314,26.5352769373616
-1.77157195140476,32.0865772942745
-1.77248144231113,5.52053697797592
-1.79111017685236,22.6049120570002
-1.80589216682925,20.8446545896239
-1.82476255352043,36.5212966413332
-1.83182718454756,30.2222993228025
-1.83610384805975,6.08596650263776
-1.84867984507458,13.5562176253982
-1.84928228403151,5.05057135306908
-1.86419802069204,1.16998643033627
-1.88801555021056,2.92176986828632
-1.91928310602628,33.5955247879381
-1.94346015467403,6.132923944184
-1.980383284246,34.3156280309384
-1.99504554425647,1.0701832590106
-2.03453712074222,29.2849898294501
-2.04166384334841,25.5243147791716
-2.09229307366556,35.7594230500632
-2.1256540827965,5.25010824158026
-2.13652673991111,-1.1023813376558
-2.17364123144271,24.4997292331442
-2.1746659925747,15.5760663712626
-2.2347365626887,24.4151972207832
-2.23519164984936,-0.109438918030021
-2.29296643181466,22.9862540010924
-2.45828149966461,0.410240498500425
-2.46647226946349,22.2998654341974
0.000438297694091538,3.73077722516649
0.000931581690276295,33.9381057448518
0.00167831666179863,33.0709421811248
0.0026074348158982,38.9991589313661
0.00282757358889141,20.4876936633059
0.00286753909693716,24.5216672716319
0.00331832314069258,29.0389573238321
0.00348949334516768,20.7877118367632
0.0036942443373903,4.01657053151339
0.003895543818349,4.70218392842647
0.00448524486922564,6.05435913369208
0.00476956652513916,24.1341229022929
0.00618173603334027,37.5608996551737
0.00633755926932589,36.9095379073515
0.00686995361909792,29.817812392609
0.00706114274534331,16.7207485890856
0.00731406778491561,16.8131010387129
0.00745881313183683,13.2143206756198
0.00780373080677288,8.28799916564028
0.00837453969576485,16.6514058321972
0.00870703603342238,8.59225357742694
0.0100366788790032,10.5023712344579
0.0106546376972365,0.821605573913075
0.0112319984930317,24.3316647932977
0.0116653155860909,16.2863687116184
0.0118880326773338,25.5409297217971
0.0119635741054882,9.80019986604252
0.0121669248217972,36.9990473075789
0.0122135109014921,17.3465438427543
0.0124551195034843,5.60549332803557
0.0129865869094292,16.8721275962652
0.0135946207115601,8.63617340273186
0.013904224857332,38.3659530834855
0.0140590324652912,12.1340384926615
0.0142380646407992,36.1541976344304
0.0144873945610982,9.91784925630321
0.0146495612353529,4.93542157677568
0.0157141378517049,1.34045808406096
0.0162542851516974,4.55203663563554
0.0166487114468148,32.8076441963006
0.017114184396014,4.5414102089381
0.0176580300981176,17.7515608344764
0.017974981041635,1.95536506788864
0.0182708694877894,32.0010807290587
0.0187164255994541,13.6414613960514
0.0207310672755594,20.8032860829266
0.0208033874538466,14.6671112552969
0.021199324419392,5.06112473920032
0.0220256123833162,25.585675822973
0.022092325696411,33.5761795041289
0.0223194301947338,34.5349117981847
0.0233683667404767,31.7603922900251
0.0236210477710003,8.26297414270415
0.0239262283618605,24.8372371367219
0.0242222105564444,0.442837999246342
0.0251326691223448,25.7278892331202
0.025214353604232,1.41596452778413
0.0273277958386545,1.84583694350511
0.0291181152323633,27.1772388287625
0.0297191578599744,1.95813338507335
0.030000046155453,8.79709667871155
0.030394797565403,24.3447235426387
0.031468477073986,36.0567375360193
0.0318954428681077,1.8402422400969
0.032748725895828,13.4681843464665
0.033111556352194,13.8190706910329
0.0331188870308367,33.4934132395428
0.0331537023180035,23.7082182306374
0.0336268448945866,9.26011534882844
0.0355441275596285,20.640502831658
0.0356465529227703,13.3898378921043
0.0359301350616311,1.38789329587996
0.0361911945180619,14.0436438532623
0.0365554630574195,13.7750734481085
0.0370132620696917,5.04653195667581
0.0372662313358715,14.0070607021919
0.0373495629872334,21.0445675928529
0.0374688673114785,17.5189283914549
0.0374710908013615,32.7424432542842
0.0375259241097636,2.54738215770859
0.0376127208698979,8.5702570539042
0.0377887993112722,5.30542055624357
0.0379505466727277,32.4333553929192
0.0381933124556089,20.6119699877292
0.0387765087880494,16.9225619285326
0.0390396319680568,28.0458706895031
0.0395226028138425,16.6375302545308
0.0405719040128042,1.39436742171938
0.0408769198176995,7.62001194611561
0.0416049765093942,23.9825301057596
0.0417106269880763,10.0880566521291
0.0419255701576571,15.9915255444984
0.0420835010485102,36.6068413552608
0.042695046997916,16.5612820723935
0.0431049493895755,3.41379508710006
0.0441344445801134,1.24228126102114
0.0442663634355638,26.0728673822649
0.0444125287508161,32.6040892038683
0.0450313920991393,5.38246857700235
0.0452443288946652,14.5783003544512
0.0452978429198492,36.0807199739628
0.045470854366504,16.4504746794719
0.0460175841125646,5.25156436171414
0.0460418407218387,20.5377146142546
0.0462168687445315,30.572339426166
0.047225888590954,0.525854966707064
0.0472970015761053,29.1965247147411
0.0473404301727735,19.7210863953423
0.0475545845983666,29.331602988534
0.0480129846991232,26.4560804517049
0.0480145147504132,24.3609371804301
0.048174660687581,33.3532053540511
0.0486042598600277,12.2434082026631
0.048742231203027,12.705211573431
0.0489527879048786,1.35871116136197
0.049658481444141,4.11261516330988
0.0499849526173299,24.0866540802148
0.0505692030851083,29.3954881863746
0.050684671067772,38.3894846916116
0.0509864142344554,12.3177851773773
0.0520509878477762,16.2450609570905
0.052309608594137,17.3599080347822
0.0532056390543452,30.0880179460131
0.0547444710713582,30.3158461095681
0.0550436213413151,37.4569350369798
0.0551662924777162,11.3769806933733
0.0554227956823898,8.87510815139767
0.0554369549110469,24.1796644409099
0.0559332712033946,2.66657747079873
0.0562742465823826,26.1871457959846
0.0573454615509403,27.0225341023016
0.0573982364191206,17.1244015166734
0.0574762379750035,10.1099594978079
0.0577139702884234,0.658882688655887
0.0578785958125696,9.2158707486773
0.0580708903344195,28.3545649902
0.0581771795283667,32.1012157756832
0.0586193856127827,17.2388919582315
0.0587053578708617,17.7722313263367
0.0592699133656573,29.0665421959256
0.0595113697716064,19.3345516400409
0.0595273474544005,16.3200284973904
0.0599832121696269,9.59579790212652
0.0624245067267751,5.20997022124604
0.0625249771879086,0.552516363834805
0.0625755386624111,36.3466795938318
0.0628981616118711,2.55017020323928
0.0630792569750143,0.734146395389272
0.0641752418256949,21.2322994688017
0.0644847989175554,11.2484523901907
0.064662810995805,25.0975681173115
0.0648404885019077,38.0051130505623
0.0648456330670836,38.7176599804748
0.0654082837209868,24.9512816975377
0.06592845132569,11.3852072594541
0.066000795016716,37.0622654778186
0.0664894194885433,28.2335527436702
0.0672612389473045,38.0595299689414
0.0674973895509344,23.5396860932551
0.0682419241297758,17.0461396448598
0.06843375751936,20.1404683159361
0.068489888797872,14.6487671198513
0.0685392572222874,2.73761460719291
0.0687425932077519,24.9006016819893
0.0691477947045795,30.6859727990304
0.0696984073135147,36.8851026482758
0.0698115087259829,6.38622037626632
0.0698563274640166,1.15616136898803
0.0705501589638637,8.4633730464577
0.0709031276715882,36.3732664369584
0.0710043415989333,25.7997954827462
0.071199177577991,0.72956681939276
0.0712731930737647,9.08008127972159
0.0716326958958006,6.76180432935562
0.0717407416620981,12.8409906261252
0.0730683770212402,32.5839317524908
0.0732610409697266,0.28642269031252
0.0736192468202949,20.2850773568669
0.0736936220662463,36.7046559974849
0.0737184315376656,0.903262491399196
0.0737438503345988,1.2593306058015
0.0740772564388763,4.16932535772216
0.0740943416087139,28.6523420834011
0.0742727882716315,12.9369100224228
0.0743847122753249,21.2585241420685
0.0746202647196842,8.70428901637902
0.0748154370143577,32.3602106344356
0.075078251928915,0.751214585058163
0.0751866819515755,1.23434618484982
0.0753877762560031,29.2869563492295
0.0757115674983589,36.455149186979
0.0763429652289086,35.4864610129509
0.0763996784489994,12.5453302033314
0.0767048654946025,6.7229441471686
0.0768524332368437,36.9261710882715
0.0769106417967939,13.4611111390551
0.0771261084237878,5.52119956075882
0.077351897514919,8.91561273333309
0.0780854686028586,29.427639804911
0.0783133646679219,20.3711717811815
0.0783623374992287,30.4903053109833
0.0787781026396708,17.2917463679837
0.0790909040526944,36.7706535133751
0.0791367933195178,1.47871256948777
0.0796983372295353,31.8792997311054
0.079713252755673,1.65652311291017
0.0802567169149019,37.0847831261379
0.0809378667024854,3.49435178837959
0.0811761347952029,4.55832407255528
0.0814012514361292,37.0234960226925
0.0815637327416435,36.2265736257231
0.0820961244387343,16.8553496980855
0.0821012252784994,8.78987011119164
0.0823135031838189,26.5496483203044
0.0823592071314633,12.3300886870285
0.0827792053917356,33.6304848272652
0.0837737907013862,26.417999618084
0.0840179579726112,26.1536152328816
0.0840819504729704,5.02933808462336
0.0844160871758306,27.2754524037471
0.0852044061204537,12.5241284555211
0.0854735056908874,1.12839717891103
0.0856323026838212,37.6464417875992
0.0857793146254916,6.50471601966479
0.0860697081089041,1.74420683324185
0.0862746583272503,37.9959870029255
0.0876637651357384,16.980319902229
0.0876708428851514,20.8883684632995
0.0880567292936315,28.7248775792936
0.0882428888940321,8.9273088203913
0.0884009874434303,33.4717719201678
0.0888339087264621,33.3908327987704
0.0897072208902573,14.4121011074256
0.0904197118332848,29.0553776597546
0.0906845761821369,21.2627933317482
0.0907909507387203,4.30752528868462
0.0911454573089658,22.4341254905773
0.0917746697406091,37.6665021506222
0.0923275389349022,28.4297397525689
0.0924424281485611,24.6579039029994
0.0928248108230755,17.2983001705973
0.0936922229423643,11.0193220479974
0.0938041585988093,5.73207734803967
0.0940369086627753,13.9239908241829
0.0944845306430252,20.1535638301154
0.0945745035455398,23.703698836495
0.0949906822356857,35.6776002386563
0.0954048007531993,11.1332833478751
0.0957015348216813,9.27682703933104
0.0957401648626068,0.452955680199246
0.0958274724453599,21.5820464477664
0.095833456463126,19.7532198218275
0.0961471832544375,26.7825758417256
0.0961826472985705,37.8526150488151
0.0962905788614252,15.7555749088585
0.0963135091286456,13.5159420040693
0.0963754937658095,7.20946092584388
0.0974417227785284,8.4051291949678
0.0976378754356368,16.4250109887465
0.0979273072449457,16.5707838369499
0.0981669531820649,0.385606091232202
0.0997353369242659,16.1200496241682
0.100055496392902,16.3185269620912
0.100079616247974,3.80817642330802
0.10018851843402,21.7992746027037
0.10066420724612,31.8459847737182
0.101383921470253,26.8860580733144
0.101899741621572,29.7733292891545
0.102837259145745,0.825861113895066
0.10329892097204,29.265004638146
0.103588136811645,28.0180225832902
0.10417996675634,13.3405261185063
0.104225432140893,38.5174031571425
0.104368062367381,0.53445829708437
0.104411806896006,11.5239823159583
0.104426891592046,8.64175717421568
0.104564739158305,17.2255416314546
0.104574070505901,16.9946147019086
0.10501231886146,6.57043699829458
0.105267081751386,20.736843638651
0.10612393881013,16.9547536336597
0.106129003352053,34.2650764319433
0.106528839399317,20.8310779455029
0.107472288941086,32.73934925212
0.10753856034971,38.2338991976376
0.107889019754241,4.36955687813015
0.107965027380794,13.7031086869825
0.108194110439663,19.5614227312727
0.109236268577548,28.3214533651727
0.1093230702941,12.5951415277331
0.110027611815439,24.6778746543704
0.110600441281597,31.6350086689463
0.110802413967704,36.7762848789493
0.111257142716303,16.7320136906116
0.112491947313029,21.9068163970067
0.112762644775183,-0.0669628154574757
0.113043767530471,-0.640462815536453
0.113338473701943,9.26332253568322
0.113903459938205,9.4550751093153
0.114392612825896,29.0366609634357
0.114866362826088,23.6118374580598
0.115564079613355,28.5525988249496
0.11572121260914,0.0589564371621563
0.116561985366426,5.96243345243233
0.116598961335234,3.93619063568162
0.117041288638736,20.9694594317696
0.117519442190833,27.4883867741658
0.117986019007436,36.9281153588618
0.118026385490806,16.4796045143883
0.118223968262101,2.3832378543351
0.118268749700829,1.97569250140271
0.118694970955975,34.4381414456824
0.118888381724807,29.3402254146698
0.118898108962928,12.6901540953513
0.119110289901658,7.41444068762056
0.119387706080009,32.6244480155125
0.120267223649632,5.14204337887663
0.120290207069036,1.56754370199029
0.120568849130462,24.4436713184991
0.121352999259027,13.6472283494192
0.121574278841259,32.9842198569034
0.121861591426011,33.0365319280202
0.121904724421813,0.653979951808504
0.122240667258204,1.5648669498898
0.122379974657233,9.58689008458587
0.122837157308115,29.3953279803874
0.122943034769143,29.3703421385485
0.122981436866012,25.1638827087655
0.123100278960526,16.3660189433232
0.123597450087732,8.80273661071736
0.123831049235829,16.3160995349866
0.12425416005895,9.03699917450603
0.12450421699538,31.3697041512348
0.124663769889403,13.1722874271898
0.124676071725075,24.9978771010227
0.125237807859387,9.82566188540717
0.125716986812006,10.4862774203731
0.125931207137486,6.48857722376558
0.126452342352667,35.9318672685532
0.126863313534313,6.12905243355104
0.127158665776865,32.2725426086789
0.127198585346121,0.768053974358189
0.127377354897913,13.2811274647484
0.127543018317853,37.1132790841381
0.129147541679253,35.9758665573009
0.129930338123446,36.5024929037333
0.130323841918165,2.85734331488488
0.13039490757758,8.73297011150432
0.131143662020075,16.3040255657338
0.131472634215243,1.35791921590514
0.132398912082815,5.57762709759388
0.13284881432362,5.41877696162527
0.132929602006529,17.0092234002237
0.133243214965447,14.0472426232237
0.133311210112865,25.9936528705613
0.133354631630214,32.962742224169
0.13455122901196,9.98508436311927
0.134877313966774,0.612772837780333
0.135606291241215,5.33184603676691
0.135719459246257,1.6014124199143
0.136857643177417,24.036900648524
0.137295100370443,19.7793729191621
0.137341197670819,29.1457034113835
0.137523634979598,29.4928021806552
0.13760250321854,25.5111040606288
0.137671471537911,37.3168906158403
0.138398495531003,8.22088144140252
0.138482519160276,11.6208950811116
0.138978881563562,29.2033128205433
0.139243369803085,36.091346086973
0.139265181142434,14.900181393951
0.139641250756301,36.8739958218569
0.139962674422467,17.8241420716195
0.140103366979479,19.5362078061727
0.140675691366481,21.3508447818536
0.140751974508683,25.7953585997492
0.140968190332398,8.34636425759514
0.141145817625523,30.7106850343138
0.141597810122615,21.7683645445614
0.142351788743169,24.9430097131038
0.142522724298074,33.247436217905
0.142809170795896,29.1594072585132
0.142971300215429,9.88277071457361
0.143115970292922,11.8869756063771
0.14349707570397,14.0323507082202
0.143772639610226,25.1929583602767
0.14393983794141,21.2423136856291
0.144054504506195,34.8340771093342
0.14412167906356,12.2693011592066
0.144429202897648,36.0613850634679
0.144962507757823,13.2080873534079
0.145490444423744,5.5533276579946
0.145605139350418,9.09460606393824
0.145992732573742,29.6247726631344
0.146039401257011,31.8920939172169
0.146065763219824,11.3323123441127
0.146209307073217,13.754302203018
0.146422710397876,19.3592693305519
0.146899309507587,4.21736759213535
0.147999574710216,21.565993331463
0.14804205090992,20.7463593063263
0.148505287724723,8.43804617111918
0.148533724070967,32.6343011914164
0.148905028116296,4.28861806320286
0.149550824712987,22.3416758793207
0.149608068334738,25.9487898216463
0.15089436396668,8.35785348554458
0.151105001086367,34.3078525350504
0.151184809364641,26.8247444627847
0.151324471595721,37.0352183868248
0.151466629102868,29.9799730253015
0.151505346233796,6.08560487674683
0.152012467566732,20.8713279809317
0.152786535614055,21.869373617926
0.152968055958761,32.8917785123367
0.152984691541398,17.2324215451717
0.153213211237927,26.1802489214655
0.15363826971071,16.8885048088524
0.15364217142516,23.4322174524026
0.154299760204838,28.9781175441578
0.15459376617242,16.6797146647638
0.155613950456821,36.8317548322471
0.15575034397708,37.0400986922897
0.15604863873582,9.4922219837032
0.156088372012229,1.55062428803256
0.156103639234379,12.8058643448792
0.156122839782524,26.0000143414478
0.156294822917281,21.3624562324108
0.157020102834262,29.3499442800951
0.157393561574094,32.0046993488665
0.158013981672915,5.90656813638841
0.158261041670473,4.97872361961737
0.159188889391588,28.0529557408901
0.159633716916377,31.9897884557863
0.15991518299206,5.59654711470872
0.160257209453556,25.4105158132938
0.160369265548014,5.06271543245726
0.160466750083813,33.0933520336175
0.161393036350132,13.8418982584768
0.161841239338493,32.6161655408713
0.162305708232578,25.1462903197264
0.162796410325017,25.1449526689361
0.162960390916807,9.88014997095617
0.162979499408019,16.0999097580659
0.163786279364079,15.5588888845022
0.163922349190037,8.59145286936232
0.16409200122,9.39317716067004
0.164302754966419,37.9763754145841
0.164508060927421,15.0411042606946
0.164856327155909,22.6615964555756
0.16499478079468,29.618792968624
0.165221575598067,9.6108323325202
0.165360990793721,5.19360179373901
0.165841672971936,12.7412546136648
0.166046809469964,6.20658295744724
0.166055429312252,4.09229293496041
0.166152039153791,32.1721017129132
0.167004978182929,36.457768017774
0.167590158523569,34.3931005828109
0.167941348506511,9.39054568537791
0.168063876300221,22.0704461600572
0.168383901174072,-0.703164530535286
0.168476752902627,16.5258035156861
0.16866845873328,21.525771769912
0.168981134913756,21.9827848314366
0.168998711258884,17.9815818018572
0.16915581812831,34.2939135427254
0.169285311374678,8.9452026023314
0.169541751590623,30.7083123517547
0.170213818533843,6.35329016620845
0.170781962851123,20.2065806734192
0.171384860487148,0.364479646076026
0.171485456402716,12.4868149766656
0.171540676055619,32.1554191000937
0.171733367269463,24.7735933854008
0.172511787387514,24.6044269044364
0.173676397822541,17.7445893659632
0.175382343165232,27.4902143554518
0.175541940911666,34.264720384342
0.175634455826843,4.69396135083902
0.175636371423659,9.41002120174282
0.175647528377133,4.28583446175743
0.175899341746124,20.5949160312456
0.176880513755985,21.5872008884031
0.177514438842705,8.80196200788286
0.177749634005265,3.6414455289959
0.178146304408479,4.50581138961643
0.178473662056443,11.3498924200438
0.179366767969012,5.19214383008901
0.179420639158353,29.9893166751156
0.179682554625745,32.1878822440668
0.179931873559471,8.21121868019596
0.180724552467634,7.21577514385227
0.180753239676223,12.219655518074
0.181550067357148,25.5631824607117
0.181741719055917,33.6185161813595
0.18211596108813,0.428333332063564
0.182121303602639,30.849356381168
0.182515153491693,33.2354477227049
0.18347479121379,25.1536341888294
0.183572403315182,8.03900772571673
0.183999568913655,12.7857350992858
0.184161209420817,-0.276225017150955
0.18424418472597,23.7616122194822
0.184482457724012,23.108575179383
0.185774693257548,4.83053667875117
0.186173100559712,12.57133695465
0.186381065730033,36.3091774969138
0.186617363870751,11.2881949128087
0.187047046631001,10.4817499476512
0.187285412974262,0.912049221878898
0.187580977427969,37.6925388653646
0.18859336726608,33.4221501209929
0.188895006354102,35.9132022234038
0.188911431499277,40.8125565955402
0.189408965079931,32.6717190749513
0.189466118728707,4.26271175448542
0.189505797814021,20.2418144102853
0.189538940090666,14.8385131303352
0.19060589884838,37.0185453548762
0.19098203251451,22.243704905378
0.191003161272338,0.48868785867486
0.191283193464615,16.5917047159074
0.191621626171357,22.0374011209095
0.1918852277222,17.4104661985525
0.192368478810218,16.1654680963217
0.192430106654874,36.0614203267148
0.19243323880882,30.1066381036943
0.192561900084338,12.8504001482252
0.192961663197041,33.4856283864577
0.19315783650384,1.62409025431566
0.19326567012552,33.0717375310192
0.193408698968799,14.0406288467089
0.19362592289158,26.9911527661467
0.193838316425839,28.2261821138294
0.194266703006028,21.6692870323788
0.194581938463717,9.05311261737777
0.194981931527169,16.6825947138873
0.195733492299698,6.50631639325692
0.195830139112375,32.2700338685291
0.196036499480693,37.824285980543
0.196209109573491,24.351073745039
0.196212027477815,15.6903275991583
0.196282001204697,1.09073666695853
0.196620792591243,29.7524137161052
0.196866551321222,33.4031984426193
0.19739167809829,33.2103058132564
0.197438015162565,37.3682026703122
0.197456303062175,5.77656816657311
0.197654699139784,16.6405744935504
0.197954874373529,0.165610066063607
0.198332829292308,6.54635997021543
0.198606401854584,25.0156764783562
0.198607062463229,8.24466275899771
0.198609787547898,15.9896436521221
0.199292697251582,34.4397605429331
0.199522084113917,30.3957662346501
0.199596121293504,11.5373997718775
0.199952450528619,21.1924377362712
0.200124431275816,19.6832256821315
0.200179677548857,12.9480466979141
0.200405199235727,9.20096331309412
0.200886237252078,20.677666426833
0.20090692240367,10.5781513401981
0.201417725018948,24.7870660249971
0.201560277559267,18.8000323544609
0.201584144589864,8.88232339342383
0.202020447715675,39.1152592113573
0.202104317076076,29.3968156197432
0.20238558871675,36.3880526112235
0.203220821879995,0.751930887430228
0.204015217229159,20.7386534264327
0.204396650305373,16.1299364887048
0.205574292748801,14.9387235116861
0.205673475108541,4.68416614049614
0.206400015080211,17.7233111240963
0.206511954246398,10.1645947767969
0.207263914305897,10.5133011806436
0.20736314503077,26.1539693432978
0.207427092050415,24.4590584468555
0.209371401440335,33.4621121915802
0.210022582887615,13.7640494877545
0.210712794029917,22.695989574392
0.211005324531112,27.7970879966619
0.211274977383604,8.64097032290066
0.211724712832874,9.26251344854226
0.212030490150322,32.0928698873969
0.212047833742996,5.05760321625561
0.21232073384992,19.4247765682564
0.213104853259007,29.8857451881642
0.213608338165578,19.3692901068125
0.213653163193338,33.2156423711886
0.213738991430727,36.5520971379199
0.213816023322053,-0.428861742447914
0.214542766447366,25.2108086205556
0.215027676858392,0.0205226438142322
0.21505750140607,30.0516835665055
0.215893247207584,8.36467697028021
0.216159195229206,8.0061937540593
0.216836663797567,28.8271815926846
0.216837557666931,13.298353131274
0.21696452481297,30.2516236115209
0.217286197970593,33.1410510628816
0.217686377942356,1.18598108713791
0.217887177050286,27.931666279614
0.218003039841768,17.3832818106873
0.218269074084031,13.7973352358259
0.219414215696767,32.1196449459445
0.21962263350922,32.981852402896
0.219739805666666,10.1688096788719
0.219972197875608,1.13810922330452
0.220308346298422,32.0138210743372
0.220755097793631,13.0732239650398
0.220972271720262,27.5544381923313
0.221143634952193,21.2749499905298
0.221922048156483,11.9749554873728
0.2223904981706,24.797768688299
0.223387805988432,23.8676274254411
0.223511605774913,17.2722820787275
0.223672700960549,17.4293535319237
0.223796386171915,16.3530634725106
0.22387688943431,37.2694423083208
0.224108916745142,29.4578674339375
0.22432137400766,17.0530756317242
0.224543764983072,7.75662915251888
0.225310520547203,20.6246512976899
0.225913966007331,24.8782962085173
0.226078138861493,17.1538756425232
0.226225226844263,14.0991932004742
0.22627892487937,3.84647004628977
0.226823114297073,25.2633394900712
0.226826590509877,8.58249856689395
0.227132014401855,23.242572659617
0.228402249167013,4.81470430994034
0.229246961809566,4.94929777501101
0.229428842132746,33.3579071325786
0.229445209185451,20.9940721684585
0.230132778861957,12.1204254111462
0.230435213295514,5.73851830266303
0.230486303076224,14.5121515714909
0.230505524763377,33.2008562896676
0.231207030695392,16.9540234120095
0.231574015548141,31.9751353712737
0.232036115456996,12.8494900047539
0.232436798853907,17.4371455743108
0.232888312586893,23.8256640402068
0.23300644158089,0.926059269200021
0.233591063376355,39.9831114167196
0.233661720148181,17.0734834085887
0.233720567789413,25.5643946430368
0.234053954365068,1.26871225775804
0.234420141301676,15.3684629953635
0.234769940637883,36.681566025753
0.234916235819098,19.5441934329294
0.235212716873098,37.3729783936923
0.235256458834698,22.2981722665745
0.235342717018241,2.39176680587346
0.235503803245669,31.1203322154028
0.236012353160616,36.4506079165237
0.236978863744416,6.31812093806941
0.237054882426659,32.8170430341942
0.23726264456171,32.1394455246184
0.237281119963962,33.66910349727
0.237556132443962,25.4812839604553
0.23776657325914,32.131408766258
0.237797720801208,4.4050733306875
0.238476003828832,32.854646833425
0.23888113045845,6.22233742025534
0.239796670937271,4.18403088448594
0.239853549265287,10.8081948206662
0.240174921249058,19.9497666193482
0.240318529181824,20.6900881249093
0.241559737774635,27.8947964899089
0.242379743782986,8.13228574273998
0.242921314273424,16.8778778837034
0.243021625977657,19.451906352472
0.243641914399675,29.7906186514866
0.243675958889282,11.9959514587787
0.243689218790628,7.43072728586169
0.244106687251034,0.440083796745987
0.244161635007876,16.1621987687586
0.244182111646543,30.5947003614874
0.244199611078004,1.61046650583308
0.244593777727086,21.9969042448015
0.244698959391028,11.8560789078052
0.244785944696272,0.10041026862008
0.244876965260107,12.6313158628824
0.244914506677457,24.3421533097365
0.245080207943594,5.44589464510954
0.245118933940618,17.7340945264619
0.245450411317816,37.4301764303207
0.245858290055437,30.311343738523
0.246144676807901,21.2499427181746
0.246468059535214,38.065360463241
0.246720895176173,33.3069329125022
0.246775335365431,17.4597072885582
0.247286175338292,7.94649302181278
0.247580983976021,22.1120168922886
0.247749534091435,24.7605243854438
0.247809725480191,0.964777869153956
0.248064745894056,7.22061374509778
0.248427023973903,20.5752249727743
0.248934229304498,11.9807806735332
0.249055650508509,1.37405096614685
0.249060829494584,20.7982599737767
0.249148645479932,-0.569362851428595
0.249557203588256,17.0965936556186
0.249861408533298,28.7992159374702
0.251066584412033,4.3592761435059
0.251453531586362,8.8811707971293
0.251673676747998,32.1923873918318
0.251855201987222,14.9151769513535
0.253472610109847,0.681179443281948
0.253677775815243,11.1398670818779
0.254238736206756,4.01944476385282
0.254943585781739,3.96776530760087
0.255260372745849,1.75686295931685
0.255639767156067,21.3922796124947
0.255669317529227,7.17353886419605
0.255698335596307,-0.509619514748501
0.25573336498555,12.0737725809192
0.25613106879763,27.7394978609724
0.256274536399038,36.7090629033249
0.256882243947896,34.2857452372419
0.25720073602306,1.80039285300278
0.257327210205086,38.4469211549586
0.257510928738045,11.6793779061515
0.257579481985992,5.50417650748507
0.257819968445215,29.2570529057643
0.258972320640121,37.7850241431837
0.259205595898981,30.8320643961516
0.259431369668803,25.0194695335879
0.259446314222019,12.8295247406217
0.259547620246407,2.34812536200054
0.26006773883235,9.76888260779529
0.260075902756646,25.9045649434018
0.260225987003937,22.6986664643147
0.260682083417876,8.29240020449701
0.260742144778259,14.5806991690872
0.261404099193939,23.7658741460705
0.261566073978045,33.8922861234582
0.26198269151189,3.87145722213508
0.262495250757262,17.7689859566977
0.262624578889581,35.9775955097907
0.2627709947586,31.8298676861042
0.263548646704102,11.9057499478018
0.263810716341081,24.9780895934774
0.264012390581622,1.27656541022218
0.264375767383019,1.92698053473735
0.264588173247008,28.1853299159835
0.264594060208313,30.790281144229
0.264729929775875,9.24286392528664
0.264757753245614,6.26485057744138
0.265003401588277,5.02956285621356
0.26543828927568,26.0740490573596
0.265677057774,30.3175116987145
0.266481525188549,21.9538356895195
0.266762555415485,14.4222150476921
0.266958303583524,25.0293961698538
0.268164157644698,0.0571803620687771
0.268728828165257,12.7018173841295
0.268847412288862,9.01665904643908
0.268868965618628,25.6620697658593
0.269480554229759,36.8411176235003
0.26963276939446,4.3482310324065
0.269711530527717,16.9513735634023
0.270336248994503,29.6688183207477
0.270487868955332,24.9125800439729
0.270700031091353,29.3241812318205
0.271246668237322,29.7253275369849
0.271493049703632,21.6445971686015
0.272960710721981,1.78308920927212
0.273376421220813,6.13770469938568
0.273789455887168,9.19517265457138
0.273833682794357,16.3250758717834
0.273936733039341,9.75699091838768
0.274920679881911,8.58956511216377
0.274947324598545,13.3425867428627
0.275137397200474,37.3652428575556
0.276713929850925,33.3354957723315
0.276723920024984,3.92980727300823
0.277095948657048,13.1660307838552
0.277192704691071,13.1556316194926
0.277267551934354,24.5900611296778
0.277343590717958,36.2756437322925
0.277363235865661,26.8679548543859
0.277580767034293,9.75803440970052
0.277596055153334,33.8319363817116
0.278421157571442,14.7399540261277
0.27856022679507,13.4019136897054
0.280041677907841,30.6211432047699
0.280270555199329,1.78243707812735
0.280533052783623,38.6892342157086
0.280573417327567,8.41676691311434
0.281118237959676,29.5123828146875
0.281282618653651,14.7165389430931
0.281912444684334,32.9360219566626
0.28270993360192,10.5367293463316
0.283599590120525,13.776365054238
0.283609946421432,34.4943931882405
0.28380593434778,22.4941672496026
0.284530375322354,9.37609643285412
0.285077684856713,8.76090648162146
0.285293935749512,34.7933733742133
0.285569800981465,18.364210866722
0.285595673415432,1.24515751271039
0.285929745816102,38.1494814611557
0.286078620735325,9.89968678177109
0.286153155095164,32.3789844296495
0.28627090368318,25.7723706808952
0.286659859833093,0.987755262498994
0.286781926686093,11.9184868183633
0.287517355450078,24.2203507269717
0.288039494583518,5.12220342401198
0.288077667894064,21.2099082744861
0.288343166969251,25.2669016890303
0.289260353021141,17.7285473033263
0.28943940976883,5.54306246113406
0.289525619469164,21.6408766779371
0.29002771094811,33.2641136813834
0.29141124790757,14.4753945784662
0.291421097128947,28.4217625377127
0.291543614129706,1.41242843884267
0.292240234508302,12.8291359541816
0.292568272000571,36.371125125367
0.292679712869792,16.5217082531456
0.293337666242165,32.5432343248551
0.293375842320475,33.5956867923887
0.293622070409743,33.8496947127381
0.293777394134011,35.9486928778526
0.293960008241098,23.9367158232339
0.294027355502157,0.813253353467717
0.29489069556588,22.6228547913674
0.295946915378848,0.497458238152621
0.296257455898697,12.551381890979
0.296397811365713,17.8666907173202
0.296633443476547,5.63958739363734
0.297012208758075,36.6104050142325
0.297297498014046,32.4173547642979
0.297417928774557,25.1143348558654
0.297465514501989,28.4299341982504
0.297716621331642,27.2625653051582
0.297806366528015,25.6812776273412
0.297854997191888,26.9005930092475
0.29808361172122,4.81618219263134
0.298553789936301,21.1610660905273
0.299388409247415,8.63182894766868
0.300279935545256,23.6900174176203
0.30054567727964,9.90733533603743
0.300676796795137,27.5157797406178
0.301203641688271,22.0908789667613
0.301480171174052,26.1699054580672
0.301502785858132,18.8165222203689
0.301654887623503,32.6699593718398
0.301681867795081,36.6050243545228
0.301748111463039,1.38783133948539
0.301869037553263,12.9905856909902
0.302413889351162,18.8377285836115
0.302737511056895,14.8219578650878
0.303182518347558,28.7879518981576
0.30332240620987,38.8942680819058
0.303522719677005,29.9681014353728
0.303707855759141,36.7133362985062
0.30428058245543,4.81521881063363
0.304618562149011,17.2480124426418
0.304669206822741,19.4301151154819
0.304767590356077,12.6162449627369
0.305068252195523,36.7743345830444
0.305128459252546,36.7135332658332
0.305221510279746,21.0919298306484
0.305623959276068,12.8195830814355
0.305632969606185,23.9356262109174
0.306102048158515,8.77389462414254
0.30647872432183,0.0764217060615361
0.30687094223191,37.1310532432221
0.307508385256241,30.6147345648363
0.307595219318444,13.8252487746303
0.308412833648831,32.1662009616733
0.308595943972061,38.2128041377285
0.30890846025739,22.4967481390283
0.309411466098962,21.002327690173
0.31026120690076,32.0610767446252
0.31034600184302,36.4760901918775
0.310565380604912,26.6149513429118
0.311099733040177,36.3092242061331
0.312122392350344,30.0229545977744
0.31243701830064,33.7915670181811
0.312473736034922,13.8546287758734
0.312796996056053,37.2986375574957
0.313365498938546,13.5224899444741
0.313412740647231,32.6741141255059
0.313530108711794,12.953399373245
0.313891773764243,24.7013314908846
0.314045971889603,4.98707656134322
0.314144076707231,26.795286670863
0.314274865614348,24.384917147279
0.315382852045783,38.5446262181322
0.316057088419998,24.3029688107308
0.31670948101153,-0.0121952607729245
0.31675119706718,21.2785127456443
0.317607991499485,22.2953713933804
0.318655424003117,12.9949648968554
0.318683091897895,12.2991745274005
0.318850464350298,26.7002315252838
0.319242456850501,13.7238272609146
0.319764236592142,32.2717504850279
0.319850766619736,20.2943608818021
0.320422820840893,37.0863615278221
0.320620619566472,16.4054049095733
0.32108948976849,37.2872367485535
0.321664829600139,3.79383834505298
0.321982322153127,20.4625349098776
0.322118037885383,9.69740987489784
0.32244998686353,1.41523320661751
0.322779924156458,30.7019418908357
0.322891934120223,28.8965119864014
0.323085994983439,17.1789328055866
0.323108343936428,31.7979106822574
0.323935114615086,2.89743588837322
0.323941770290595,17.2469442181797
0.324064102639199,37.0317774451409
0.324553603404476,33.5377046912901
0.324923464686999,1.73512729672358
0.325134469706459,-0.11359545748
0.325540072704902,13.9758709090283
0.326145096423506,37.8623709740888
0.32684067381806,18.536715951044
0.326908535368149,36.7633421385003
0.326930128005145,17.3092490109335
0.326933903538443,9.05702089537455
0.326982344953425,27.7281277745364
0.327178077368942,32.46135643222
0.327269729170255,21.7940079487568
0.327542096099368,28.6991261009799
0.327628063734141,12.8451057490539
0.32798204597623,12.0977938145215
0.328179230428919,5.50207231061456
0.328721709552168,21.5884302463123
0.329046028593316,28.404598117648
0.329355224737633,12.4636526606592
0.329841716826537,0.734499527764889
0.330205216488221,28.1924325496088
0.330645101565001,22.2805998659554
0.331064258051124,13.2114617680012
0.331443438143962,34.9247603739544
0.331527296966084,26.5149917588787
0.331532088296719,24.0155366732588
0.331603100641952,4.47356096139042
0.331705418327773,16.831476225066
0.332011007209129,21.9422479173591
0.332048748132391,35.4380113171073
0.332314536264859,4.16856997181767
0.332525567993796,13.178598746068
0.332675676206145,14.4490562101487
0.332881817566212,25.2369055835757
0.333006981450487,39.2344268053991
0.333176442606649,25.7641388110924
0.333472814371058,8.89074761725442
0.333619147891095,29.1263849144526
0.334093509378998,28.4780414669473
0.334168847110151,16.5489416522934
0.334213237946575,5.01377265878645
0.334503160570923,4.96642660428876
0.334796870580413,37.3481214933916
0.334943294298655,32.062866683519
0.335026962614349,6.12020674913468
0.335189694130699,34.4442970978248
0.335238836850202,-0.274163982345675
0.33551855148546,0.0695069340404104
0.3355482565549,38.1207023292999
0.336160980695567,34.8292476572327
0.336583570487966,21.0807319943261
0.337008593163154,32.978429207281
0.337216000348118,25.920941614108
0.337813029073344,16.244215104117
0.33788336431734,29.9047551984768
0.337968873704715,2.49581610175815
0.337994529804086,9.44630515696959
0.338337151542468,25.3874500182591
0.338568840519444,35.6906411522303
0.338710268118649,0.773508926428177
0.338934945750633,19.7967047392008
0.339062522522182,2.1811628097811
0.339118629339742,21.7081315095943
0.339816343770419,36.5976580837078
0.339846726845116,5.02211322551406
0.339929486578183,31.8566797449704
0.34052490935538,28.539639519158
0.340906384905152,36.337650872375
0.341045794091495,37.2938014572598
0.34142110608672,36.8787756149376
0.342411996908463,12.4144021819601
0.34260830959088,7.11518771161553
0.34276036023823,24.1097632212144
0.343312316030219,9.56035556518506
0.343865937706478,22.4347031060714
0.34446683023085,24.0831470276904
0.344795463616061,11.6631259194226
0.345400813603963,0.101011913048817
0.346045733820723,4.58396534971194
0.346515458681336,35.1960831406182
0.346965294220869,24.201763436882
0.347356198181542,31.6020861045269
0.347468986271947,18.6745977648377
0.347957772263939,16.3071956836921
0.348256348755201,12.0125432115703
0.348414232506079,14.6150494427312
0.348558463574483,24.6569246696234
0.34999907689343,20.2271353757161
0.350056535126502,5.16131299417415
0.350085246567349,33.5054638196483
0.350151507257404,32.8256521632903
0.350576343604447,11.0019310377862
0.350924683477111,21.8396019654581
0.351518951694595,38.0789226290826
0.352917059861047,35.9541534569346
0.352973695438609,17.8862760986631
0.353207612802037,37.4854691193152
0.353550498550047,7.75738668793066
0.353578557151953,24.6259854004838
0.353681304664843,29.8554913601031
0.356149928829691,32.4379212755544
0.356868533966341,1.86729296459305
0.356901299390872,3.93112244235426
0.3570371388475,1.51529829031271
0.357277901751812,17.2570666698524
0.357412396228751,34.9243700154555
0.357503041434173,7.91931386221129
0.357612707850445,1.6967607283239
0.35769679681848,34.3564124259506
0.357786122835702,9.88035670936927
0.357802712499471,17.828801771795
0.357861062781124,11.3554532525059
0.358009738931515,26.4377953933103
0.358423102516743,3.62952316291176
0.358653575680913,26.1603386265036
0.359815053463745,37.1213957279151
0.360754601090806,20.4819994825298
0.360824458553948,25.4336511408127
0.361168590683107,29.518710737462
0.361181752534756,12.0490811398091
0.361346244187038,25.5982773763312
0.361660323202535,9.89069310569847
0.362019741176096,9.32467999841446
0.362438830696437,31.9943400012853
0.362765630934458,24.1317368930895
0.363789557637456,29.7641701634874
0.364409680355011,32.0216403520733
0.365270397014077,29.0639400049684
0.366026699274294,34.521604561664
0.366942621124421,37.8300970545202
0.367065152002197,12.6651994247552
0.367066649225644,10.2311117435028
0.367337937447161,35.4075109543435
0.367540129343142,6.59476174334915
0.368612764878766,19.8035724489313
0.368770978613442,24.4669564712106
0.368804232587498,11.7977446800821
0.36908521824153,4.35575091104297
0.369103918259572,28.5017678852837
0.369508973899961,17.3018352638837
0.369534276216084,21.1229657578683
0.369635140609585,12.1724914904537
0.370779743941375,33.2093070430504
0.370924817493532,4.92714760225087
0.371251802096376,5.01116413390222
0.371381558403798,1.08597940315343
0.371762375245253,34.4691195433874
0.372116390624899,27.5821668828572
0.372807001710063,24.0385657288304
0.373045552181535,0.670001916385527
0.373080263689902,28.1087515600923
0.374156626723833,28.8879604363564
0.374775904974262,31.3332846525328
0.374823687473576,13.7076943281438
0.375004900093893,8.58990389664279
0.375155279726192,-0.637408031059696
0.375282343247175,31.8244276583485
0.375354397086167,30.0482084603355
0.375553425578996,8.85328059256555
0.375555268539516,18.131613440591
0.375633879446112,19.5109881325323
0.375708841638461,6.49142020753363
0.376233358573629,24.403331281061
0.376278350404864,22.530201336763
0.376478192849222,1.95222800818256
0.377302612155963,22.1617216046005
0.377530151524067,0.111427472210517
0.377919870935507,26.0391092448991
0.377928914605726,3.62545209283682
0.37803294327825,37.6466997353968
0.378300266543929,25.4937188518232
0.378786803418673,8.69565333484686
0.37916225456184,17.7627880921425
0.379215163131456,13.5655481800573
0.37923866152481,20.924227525571
0.379265892422757,11.7764102361086
0.380414055997074,24.7642525773181
0.381100385379999,30.4350405471176
0.381906259145754,33.4222223081793
0.382259714827574,24.8819204780845
0.383090189180923,12.7084624862934
0.383101988323927,15.434776322814
0.383493684901107,19.7411829714526
0.383796348560881,15.7659983140344
0.384049359510941,9.64266406885602
0.384776193258904,12.5354324563233
0.385057195722081,21.9967440092978
0.385174327087282,7.04829543050789
0.385825116298635,4.73792838259066
0.386238468552286,1.15528127543171
0.386402971349411,28.8855531870347
0.386978556833208,12.1689123690661
0.387625824309287,11.4714571352066
0.388118546205937,4.37671907707588
0.388284506368154,37.5252858675453
0.388582734031338,33.2135692129859
0.388744584099284,19.700230589783
0.389099946911679,29.074132492975
0.389162976190484,20.8500258650323
0.389192376851994,25.8410837052442
0.390182239970116,4.31409442713328
0.390823432941737,8.90784114469587
0.390996588218921,16.9949613361449
0.391150061424066,23.4635302045188
0.391329070377867,28.9756403158596
0.391465095202386,21.5244246321966
0.391802704967052,28.4068586914123
0.392206496619909,2.01508528203054
0.392224668752937,8.66515140314829
0.392487742621451,9.82893021392867
0.392736650746223,31.3459422314264
0.392756249294781,20.4986915443898
0.392787883161461,30.4811744849501
0.3927915763137,12.8148104970137
0.393527327883337,32.9787560189665
0.394663861530317,29.7290181874604
0.395557015333783,24.0191201737356
0.395907605102015,32.8309434204809
0.396018159056331,17.5103951213532
0.396182154091022,20.4393849162667
0.396242432964946,16.2467039288202
0.396695953867344,20.8842040379673
0.396796937338863,24.6392974171391
0.396902410619083,32.7675385340076
0.396909989540183,38.7788324197708
0.396939780779816,4.85368393259982
0.396986433416879,5.4568336700601
0.397127253690546,-1.25418423631281
0.397293643631602,4.35053839934291
0.39765223753003,17.3916774307294
0.397879809377208,9.50274377374343
0.398068012280979,12.1374851530076
0.39812895857507,20.8328680354755
0.398308304011028,22.0510774286981
0.398477629344055,12.6424440215997
0.398625091202242,26.843397132382
0.39880609571721,38.7889102716478
0.399449395815789,35.1766093781517
0.399556691397466,29.1240887733635
0.399593106158655,0.000810073963646851
0.399719250075915,7.95893040078957
0.400297531355526,13.5365240993042
0.400522213101576,12.2206848246008
0.400640638308817,8.87727761591068
0.401368647444491,12.9513493593262
0.401491461238146,15.9233586644222
0.401852323534747,1.91397887526156
0.403742923135031,14.5355303113035
0.403987341504504,16.8436129417048
0.404028485567247,12.7331629731195
0.404097263977198,25.1397574429536
0.404213780421753,9.39854007009075
0.40499733383616,31.9116456033663
0.405395366076859,15.4547844660472
0.405711952426354,-0.155163198972021
0.405869846689031,33.0193592651228
0.405943327542,1.67531222321304
0.406159114557907,17.2345359533473
0.40617911787546,17.9473188457279
0.406340811676608,24.5495306767667
0.406543000148191,32.8192685921401
0.40686941361554,16.3185012236185
0.406881249643061,33.8993962093724
0.407344381661473,25.3845230582568
0.407655956805794,9.10506299980092
0.407971043546686,31.8488397815713
0.408412667610401,33.6789469134259
0.408722560240961,16.9244770537715
0.409154316560048,17.4397541154973
0.409284371357391,28.0868275780052
0.409477560297484,12.2127106689441
0.409587753938011,37.4951133378692
0.410009436061092,12.4052563157516
0.410036619140869,6.00046243932779
0.410342191973127,32.7617157243918
0.41081398436871,12.2520721408235
0.411241591402968,9.6323693000288
0.411271179516815,9.26315209742779
0.411495014104823,8.84677116462244
0.411502577115155,5.39700334505183
0.411599195158009,4.9040362662734
0.411795833902377,1.56451550325404
0.412628125276711,13.4299950800337
0.413229929547065,16.677414521157
0.413243429755494,13.950590642268
0.413979360617739,10.5056177811406
0.414569199345868,38.3990920668841
0.41557553219765,26.0061588888215
0.415706961891638,27.608060959486
0.41665136652191,4.19121423117325
0.416760190261109,5.46489806952919
0.416843361578686,32.0638059439607
0.417021430588987,12.4551055530129
0.417532438527554,35.8079659109119
0.417856666192225,31.733512480574
0.41793087625329,4.73851535288249
0.418114870093135,34.2675944718906
0.418389819985542,37.2468882130946
0.418692634561781,2.19601859442551
0.419239602083382,8.79641215032956
0.419306588670403,27.3257661416917
0.419590839716635,16.4403618036645
0.419827284973671,21.8947363040126
0.420174838714933,11.8013860293937
0.420226778143742,36.3827775764342
0.420236734140795,35.9795353405061
0.420258115194639,5.77978928966117
0.420316727122947,5.09274930483451
0.420327009845813,25.1437983852107
0.421677592798238,19.210524670252
0.421969883041995,29.5256302404145
0.422110520055874,28.733684518249
0.422283600615582,15.017886392832
0.42283819957003,25.386582448681
0.423364288330954,4.55271092198683
0.423617168270112,0.250713047909513
0.42407955535029,25.6672576238299
0.424125456525777,37.1765449367959
0.424305860552505,6.54116177930916
0.424907218555828,21.1252107837681
0.425680401738076,30.2796141437389
0.4262583448958,0.855348846462371
0.426365004716647,32.9672314516071
0.426460740944148,37.5197958620417
0.426519077465172,35.0739893160626
0.426912396674086,1.52834420438952
0.427018288454003,20.2446316778699
0.427213720779033,12.653289729874
0.427290908283399,34.8884426269175
0.427338554597466,16.4106401866074
0.427808217699986,1.32883263537487
0.427882330199338,37.4399425732598
0.428000419787589,4.95312604938728
0.428167505303336,12.4903709872945
0.42835086941956,3.60021650638323
0.428549364632235,2.3732893997883
0.428590061671124,29.3706478326673
0.428631080993104,29.6206814257294
0.429033500143025,13.1123823500981
0.429879524473444,20.3566324939763
0.430100458773381,0.546866727373971
0.430190212882169,17.8106562030383
0.430261194702437,13.4403481717633
0.430623357237912,21.678695132632
0.430948595392325,12.5401403252674
0.431601502085282,1.3756905759343
0.431650248601884,9.84733373865325
0.431970328978706,7.7284089671957
0.432130892296602,37.1624246023661
0.432305041676684,37.8428381640827
0.432338117761136,14.052282211576
0.432608380662925,10.094910854536
0.433115276044971,-0.204525659476817
0.433184444644385,28.0544074831704
0.43337277333434,24.7912101509181
0.433469459139132,20.6543172230796
0.43358663896357,17.0377761914383
0.43401959810403,19.86768581019
0.43407605982901,17.0791895159388
0.434111746888418,37.1124691304916
0.434488987779686,32.0929840016031
0.434584221837224,37.3796900262824
0.434787520288187,38.3839718730766
0.435249033208729,22.0331019115922
0.435292535283839,16.9313178221989
0.435425397524084,24.6402883631834
0.435668966369009,33.3688490667974
0.436582168068074,4.45829266692654
0.43663312108043,24.6653249613271
0.436635987744729,5.69952562706866
0.437025970308866,9.60577329900512
0.437128217742801,12.5367154253686
0.437194206765696,37.8911895007679
0.438236798354296,5.85315516045309
0.438375037314006,33.5508951509961
0.438460526176329,21.4999135363519
0.439174760028595,15.782247158098
0.439275358242236,7.07042524589771
0.439550357689779,1.65256994208934
0.439552621687193,17.4022449380389
0.439645938371062,13.6727571788073
0.439853325190225,5.30836251496866
0.440843801384126,14.0519153007591
0.441410403715151,36.7373440662034
0.441814524900555,17.3642884882503
0.442046670796893,9.71678520414527
0.442132236716238,21.5473514301493
0.442307544079488,24.4579341004065
0.442340704281814,1.61270962567667
0.44269709479188,1.25808320664611
0.442697386874094,14.3083673988117
0.443613445019574,29.5567080689206
0.444420385195577,6.12423700448183
0.445039424735079,37.466082115899
0.445878316350782,29.7734263405732
0.445948543128391,33.455666907233
0.446047021398158,19.7205302433613
0.446075198563886,31.4908934395487
0.446306206906723,15.5131744560307
0.446725184360175,7.77069966472756
0.446848269296246,31.5507915775964
0.447270119049764,25.6096184531111
0.447414824633545,25.271403902575
0.448513943004854,14.4917873159759
0.449358048354866,27.6177996123657
0.449370089759005,26.1966364830985
0.449543920188436,34.2793211106434
0.449815584166688,5.63943527200745
0.450199871302571,4.70275946313142
0.450266196759098,21.1721340721457
0.450427575531964,6.57164140569802
0.450829551684411,4.44546342328004
0.451018654357628,17.3636529869543
0.451098631207257,32.5615265826105
0.451737753397085,37.5168044089809
0.452000715829592,32.3668489354567
0.452038257858084,13.3943075588184
0.452711425064721,14.9829008044877
0.452895236534021,17.6930469375024
0.45300891221479,32.2906003972722
0.453446703937049,4.02221769563071
0.45358421862223,20.3141744326356
0.453945399983103,29.182283547719
0.454486105337133,33.4993873897252
0.454597655729907,20.2734474931299
0.45486423633718,4.21544992432893
0.4553049130219,-0.920074707175997
0.455366924106472,32.5693611708801
0.455727299958045,25.8291225289217
0.455729003567157,17.4922448236008
0.456069513605288,23.355381467511
0.456222919031363,25.4483986185993
0.456599205124646,6.18721803610361
0.456807277474366,5.7690944561226
0.457714757380459,15.6595376644961
0.457745364076144,29.9536835123087
0.457903692069135,25.1236759452144
0.45858766789131,21.0092171139299
0.458666732496672,0.176762079891317
0.458698967388665,23.1872256958363
0.459653423676841,20.0322631329198
0.459813725102478,19.1638375437767
0.459877469717358,9.46258071601606
0.460401219487647,20.5329013358622
0.461096730330761,-0.332443521210873
0.461186765635525,34.108569362624
0.461344024845933,35.1628746092927
0.461376808955313,29.264384848845
0.461713990401343,38.6784741472835
0.462119302925767,13.5509020834925
0.462192765034521,24.7774174436112
0.462353763814239,22.6062271977672
0.462408612914252,7.44226134494573
0.463274333875792,13.3763103739962
0.463390681814078,12.8592591687865
0.463485746349268,27.229718379011
0.464086196248653,18.7664491496968
0.464322258007566,32.9863911537141
0.464347419361163,15.9812243007579
0.464408818595063,17.2953891082264
0.464475718996117,13.5900235100869
0.464573386858872,28.0485079455179
0.466010422310299,11.9321192662551
0.466269951658684,5.19680043785812
0.466446774611735,11.1133731468322
0.466498535862138,4.44063177793733
0.466569326752994,5.09899553117223
0.466646321323308,24.1819986233521
0.466663682892226,32.4336804154781
0.466919663544765,6.24142790738301
0.467200824176088,5.44149427278159
0.46730789369965,20.3280818371328
0.467756201334089,5.10230451298381
0.467977515252375,30.5692705873295
0.46821334673668,12.8812345166455
0.468720898611623,28.3459816833648
0.468912625989876,25.7993007339287
0.468971907271149,7.14702337532566
0.469501143440264,11.0716900815263
0.469561159104321,24.3228576692872
0.470742303323669,3.32659458670635
0.471231467546313,7.95236408811874
0.471294460701358,22.0040440462849
0.471345867875913,0.385005042311394
0.471434212074309,13.5775797327729
0.471880293131645,35.6659307293439
0.471882329692019,32.4890389892754
0.47235227701306,1.99858312472905
0.472745739884147,24.5906208460253
0.472768784016705,9.76264992264368
0.472940420815554,5.40553357565192
0.473205518651281,26.8924792777736
0.473488538695621,33.5318979430233
0.473804782560973,28.8365157561086
0.474427714188478,32.9407444044629
0.474662439676349,1.68120270293001
0.474799306391434,36.6112495000304
0.475034686725875,6.03411730032431
0.475624977400306,37.2188213758263
0.475884798190421,38.1090943604946
0.476073246874564,36.2921467498999
0.476296824854493,37.8350649484134
0.476739613136051,22.5103037019946
0.476787847496982,22.0055061865546
0.476790122505763,4.91756752646223
0.476967276352547,-0.268428872621445
0.477454722515805,8.27483737403082
0.478269939909388,14.0237832555764
0.478409669974518,29.1994962261005
0.479107457788113,32.3155523333744
0.479369947667295,8.19045829697266
0.479502897343164,35.7564060655398
0.479648725542314,12.7271718752583
0.479998119587759,14.3986478121669
0.480043387608052,28.1884771754803
0.480222026593846,25.1839378550788
0.480237673607896,33.3967755464002
0.480650966451281,12.0056424788391
0.481146997315875,36.0601271471429
0.481886344605314,28.2162101546422
0.482200136558842,37.2438610924415
0.482369150750095,12.6430146885043
0.482857639617967,8.8285422119361
0.483291949963244,16.3025016572848
0.483405610938262,8.21908446684138
0.483563486062009,1.73749044490405
0.484028228940205,16.6667794784205
0.484859498545654,12.8518711711365
0.48497679175779,16.989779900929
0.485019702150225,39.5388206892438
0.485789102032745,17.1022815793286
0.4859729728143,29.0753341649974
0.486185792355746,27.2120646883322
0.486691821427965,26.9265959689067
0.487129743331015,37.3745660189007
0.487224572568373,17.4109754548192
0.487711460486374,9.26715568214464
0.487955992389318,9.09356694114212
0.48836635774955,16.5329050789719
0.48850673413232,27.7942845564801
0.488511904835476,13.631010486521
0.488555037238341,32.5219876695483
0.488761329304309,1.27483960718008
0.488981633749024,-0.941953999332169
0.489137115610853,25.2905124298157
0.489319285166589,4.29492735313225
0.489360759931693,13.663651413273
0.489514888429007,14.0769308541656
0.490149363425983,5.72274669225076
0.490674734879056,25.6115006910938
0.4906887024525,20.449280096804
0.490989926313299,30.8309263440706
0.49110644853716,37.785018796433
0.491366913707171,28.6221990035595
0.491915245221374,9.87160356218247
0.491970089415133,22.8059590960141
0.492844864198323,28.326353114283
0.493048133221706,6.70382267437136
0.493451724592349,25.5634261825445
0.493510666520063,15.620663037121
0.49358685427398,9.12590388000359
0.494326472440095,16.9007553510225
0.494513153431347,16.4160984168341
0.494606780731609,10.455691484436
0.494774536217639,21.2941994305874
0.494976707032383,9.66211266680576
0.495178903391206,23.1330506189806
0.495576448168209,21.6063300855205
0.496069192814232,26.9079260086021
0.496186650629198,14.9848140913817
0.496274015787902,18.6237284764962
0.496465630383206,34.2458255871395
0.497113991307022,21.4000890976784
0.497267354903841,25.9822552601963
0.497397757272461,12.4083514299418
0.497446090609293,17.2239238421656
0.497752040129969,34.6245375672401
0.498267774832773,8.16102609499213
0.498555252987126,37.3504165757611
0.498833559317811,5.15900599931968
0.498880886130975,20.3577253361792
0.498997641359926,2.20804085549282
0.49933912781322,12.7670593450221
0.499925957243991,29.9403224541357
0.500043232700025,9.54562754683406
0.500137450021445,9.46401862903587
0.500440155771335,31.7985428712893
0.500541493724199,27.018663171267
0.500723988425732,16.4655539108805
0.501039622890549,37.0630420949731
0.501768827200555,7.49781779936268
0.501926854166568,36.7459961700942
0.502128789968337,22.5136237849375
0.502187051393099,8.64263597024093
0.502717704568032,7.06044588730648
0.502819962427729,3.69407240828489
0.502999539040092,36.6417931637103
0.503101256839916,22.1744709946383
0.503142891106308,9.97845607422862
0.503432431315607,14.2068394508984
0.503540732505797,6.41567086544647
0.503612791420664,1.66492080857251
0.503991782678829,1.55943644539149
0.503999970285754,21.6670958941664
0.504604998077932,17.5029451673099
0.505334441579783,12.6103769961905
0.505568008849868,19.5744782160628
0.505621312973574,31.4574021793135
0.506152645744822,19.9567338634697
0.506271282052249,14.0099644265919
0.506357500591729,23.4150533620664
0.506417752757382,9.51832089818318
0.506921248115704,21.3643512715098
0.507004456128914,17.628797050652
0.507048420822701,6.54477341476492
0.507080238738356,15.9245366784142
0.507473085687368,17.2102427803386
0.507636776126247,13.6013504756215
0.507657620827299,33.3098984634125
0.507800434485327,36.9048439864601
0.508018680948345,9.85380090398479
0.508019628804286,35.8672584516607
0.508244187630713,24.099362130599
0.508851120712504,1.41609067911844
0.509073798673966,8.85606613299104
0.509444577926588,33.2063784803379
0.509463360391186,8.8733498433326
0.509865737468992,20.4415098546135
0.510053319591574,10.6376381135195
0.51039793070365,13.4398443848116
0.510497910644631,37.2495140831627
0.51156708366879,6.16691179178191
0.511568005426884,25.7883314567391
0.511742827219737,15.0124147276376
0.512261445913374,2.00500595372832
0.512262697358352,25.1426988131031
0.512590771999719,12.9728142784728
0.513025755888481,30.9572988819237
0.513299478286679,1.61691414363918
0.513401272377575,5.16747846980584
0.513644512907122,26.4260252306561
0.513803192143156,12.4053787896937
0.514113732954306,4.83308606699522
0.515005108278679,5.89011553239012
0.515411542982616,21.188087564691
0.515454911467239,1.82359933307509
0.516165327730066,12.4769605503963
0.516197785385016,15.9242163683696
0.516315333336561,24.3790915353279
0.516465795075004,0.0607503725678787
0.516502054319047,-0.154371423124011
0.516613780060014,28.4271730675762
0.516622183719693,2.15300200529864
0.517101599553837,1.6195019647884
0.517182545641415,32.3888764440076
0.517456742291699,24.1520176494364
0.518072412682025,4.75277996437111
0.518195604258591,0.893170318604538
0.518426417252877,20.7972184343776
0.518945508073579,17.0496583136074
0.519215237098572,16.8532270864175
0.519523767126843,10.4074865395343
0.519770437810005,20.162559694569
0.52093536321651,31.5106871282267
0.521788582254177,1.8333609647608
0.521978320756845,20.7731540814394
0.52204492004776,21.5108530801413
0.522473563409156,0.232451554638954
0.52248920280737,1.1473181461815
0.52315524733928,36.7577513817059
0.523585123604891,11.5584922282751
0.523739431914562,38.2937012649948
0.523922136787415,16.5832537268707
0.524279210211454,32.3359905132469
0.524387713350431,12.596074844913
0.52446936435666,33.344673683521
0.52473488592166,20.3373629750799
0.524941205163049,14.5848283674494
0.525159253728279,37.0848616257469
0.525197702200232,16.8656741081129
0.525775553647637,21.2261148447905
0.526253962572828,4.79314486810732
0.526299895427467,29.7736287628554
0.527055660368897,22.2842965333504
0.527652489390779,22.3983531554256
0.527750768227077,-1.89011729640909
0.52779618711512,36.6452052713991
0.528100497995253,37.3020947128094
0.528740480831884,25.9851944824199
0.528772156318488,34.5336742092995
0.529597770400399,8.08955986664836
0.530681905441398,4.56064724593425
0.530778189330588,8.11229632695279
0.531185266636136,23.9577641278765
0.531193469158516,23.9018174880051
0.531326568830396,20.4303271287332
0.531834080604114,21.2637029738988
0.531859018816294,37.30371204877
0.532267978087508,4.02884601397217
0.532298759473324,20.3816659132162
0.532586192327257,12.3813520596178
0.532872054619659,9.07546100220386
0.533238112504413,10.5436516360688
0.533315052787937,8.10798895970702
0.533913123471364,15.3633282868631
0.533942338057816,27.1872404011368
0.534088555841398,32.4764359127495
0.534228963906649,30.8089030860456
0.534434694525776,21.886882592193
0.534486354352028,1.25461953015944
0.534654811012025,33.1411840202177
0.534671096333691,12.1542722827978
0.535132908768519,37.2911231844462
0.535257832253773,0.559384126195678
0.535730627907721,27.7839403187342
0.535787831410123,18.0158124909747
0.535793637390199,28.8456182441466
0.535936905747062,27.2461657367082
0.53678784521983,4.91057545185446
0.536956415268197,13.8722548281028
0.53696264401873,0.976812277837996
0.537055089020411,33.7015196543507
0.537128968509116,35.7924596872028
0.537162594419436,6.73029119647224
0.537491167573877,28.3862859435074
0.538279814148658,4.24537469178491
0.538800171533261,29.6461507096223
0.539092237048537,28.7981480308522
0.539097428916168,3.99565076160019
0.539713330505812,34.7845672941406
0.540011391734204,29.3470063577409
0.540162747963868,23.5866237956736
0.540476783878886,29.0637626291809
0.5405336853215,36.741739556007
0.541291161066688,33.0731125419749
0.541750030456841,35.9028625829184
0.541870623194106,34.5067995530237
0.541959885619167,-0.150097037508966
0.542777560102842,24.1702673825146
0.54288477500088,8.27687171825572
0.542950248408079,24.8911888807562
0.543068033995716,25.6986510076497
0.543176117409306,12.0965634020868
0.543218457084848,37.4074338808224
0.543272914325664,26.8260991441271
0.543572244905119,15.1423090730976
0.543621831344368,32.8156843976157
0.544402493050928,16.6424828045321
0.544691368594655,1.05727794302007
0.545027928699046,17.2662859321011
0.545085146038853,30.6088815531806
0.545115564121045,24.5195668242335
0.545221521314115,26.370073415591
0.545557086876694,0.0725017627165231
0.545726981786159,29.5532538421343
0.546435360366434,1.21761133372866
0.547193598784088,1.74441977933355
0.547329459652636,25.6591279595926
0.548184675965538,25.2570067202971
0.548660912242733,29.8187553420826
0.549077556414534,22.5776711542661
0.549140134202757,37.5372497922247
0.54920320532237,17.4569791113195
0.549858815515956,0.754746083832986
0.550272406451519,33.5137990346003
0.550872833700904,4.83130238004988
0.551077728336436,1.34308256005901
0.551437064693883,5.74861599205912
0.551661973479541,15.2685141460054
0.551726238706794,27.9463588613061
0.551934288195695,17.4591575456225
0.55217502457601,33.1505760840129
0.553616575414658,9.93306097964124
0.553802439953417,0.823847429381846
0.554043169635303,13.1733416198922
0.554634255172418,25.9720050136642
0.554877430881416,26.3668371031682
0.554979809924312,17.1282101291604
0.555418047324274,19.9717327485493
0.555816479789671,19.4078770205015
0.556013013746027,12.6931500143426
0.55632511677326,28.9936214937172
0.556491771361052,16.4017444948167
0.556775255408068,25.8287954819871
0.557059201415488,22.3334225376071
0.557116007971683,13.1330435911796
0.557682145960719,25.5491769154862
0.557828067729473,12.667680920707
0.557890845059056,13.7058095734135
0.558116220828559,21.506448065479
0.558154399856892,16.9071732492231
0.55857068088166,33.5269428303445
0.558740376502123,17.0335659429577
0.558901621159264,28.8671966136758
0.559020149976457,7.68364865982499
0.559147450383607,5.40622407047825
0.559786288645878,1.23245668311371
0.559971501795455,19.984713252143
0.560134377278956,0.487278369218867
0.560193476487182,35.7687757003041
0.561650835871545,36.1596014614723
0.562027646129772,3.97801749105768
0.562354616919661,-0.192990085034058
0.56292716733204,5.78058554701917
0.562982326868876,4.84239152936774
0.563004561575683,30.9846313268187
0.563696761380152,8.77932433885214
0.564428671104073,36.8829782548585
0.564620185190428,1.41359040609069
0.564944582686419,4.77627153458648
0.565052928415878,15.3471000481633
0.565382411092362,31.3688103644372
0.565479883818349,32.0429396282141
0.565680641448355,15.6935042168001
0.565738184198607,16.671796914089
0.566211686460268,33.8949965343351
0.5682648955774,10.1514728611469
0.568281563595355,24.1171908606238
0.568725440470426,12.3943277737489
0.568731528010743,26.7196103936204
0.568998510011968,29.6463905992038
0.569668743607235,9.00733533915966
0.569903219322093,1.08157209307452
0.56996173997104,20.5431864714535
0.570426397503278,8.47596624707211
0.570745666291976,9.10666357396717
0.570880897736981,32.3269839894533
0.570999655687694,34.5583143730278
0.571379780615212,28.3851516110238
0.571434548970314,2.08231748814633
0.571435554968813,32.746580516076
0.57154206389317,11.9614830963636
0.572292708782036,16.4531384348955
0.572341923151816,4.89587980929092
0.572580973608467,1.88720482035574
0.572830366387714,23.9003103078331
0.572837235922097,32.8769615528958
0.573096145721423,-0.0784300215073499
0.573207213855484,16.9994298983054
0.573709390370405,30.2323377652469
0.57377987352319,14.4704025218773
0.574077557279625,9.72796019402258
0.574266755193447,20.591781543347
0.574294113060441,36.4321967977864
0.574438771670485,2.11646369969913
0.574521252728839,16.8159429534811
0.574715328445654,2.19275144781871
0.575041868832978,-1.76141900609583
0.575606960663089,18.4227214268524
0.576065505072267,24.3148875109906
0.576134780762344,3.28077627602451
0.576310558152448,28.2622463725726
0.577036661324603,1.52034524942018
0.577093470522763,5.95157402580256
0.57723021277379,15.2927359590093
0.577341951890029,25.1695579288823
0.577782602322702,28.4187909915547
0.57793170964093,6.05409576907802
0.577944605155485,37.2342078407811
0.578276319927191,18.9101217851309
0.578354260465707,12.0650374685757
0.578405988242983,5.89336230141692
0.578751056034919,30.8685787560643
0.579022656937859,8.44771245703535
0.579047111948674,6.85267003070884
0.579063215508812,33.5252925849863
0.579148480459431,18.1142647683204
0.579299746505579,30.3948969269083
0.580614147283411,1.06841040017985
0.580707935554426,8.96217266894154
0.581038594120698,35.1722317152821
0.581194229611449,6.45541701753897
0.581261776985509,23.0892060452622
0.581796126597171,25.5485928253799
0.581804039613796,14.7553959453664
0.581870936908503,36.5683031080261
0.582129560077171,23.6483341292917
0.582143705995644,11.6571905136076
0.582529627851484,0.38722292763482
0.58257476312558,12.7552404863282
0.582611393577744,24.0158978460141
0.582888860639107,9.65855172397409
0.583081433682117,24.0957737317624
0.583191442521028,13.9087035712631
0.583355776503281,36.273088053729
0.58366393252132,9.61756198652302
0.583676047797031,21.4488752786195
0.583891003637761,13.6861278003214
0.584043313298709,34.2291700833413
0.584266908143986,27.076350783914
0.584600952573585,-1.3550473192893
0.584829609823809,0.540805596661948
0.585420325704161,25.7237990518947
0.585422970403905,32.0172675935678
0.586364196411366,23.1333740468291
0.586365850387835,10.5927716486315
0.586537785139105,6.97570441849545
0.586544030621889,23.3700989492221
0.586558987168271,21.6095856216535
0.5869696329952,35.4136120117684
0.587033661828739,5.82853727534881
0.587073657809278,30.1850894456883
0.587436645994189,16.4801098815875
0.587533493929066,1.13282000580131
0.588271021993082,39.1223968723789
0.588426845607819,32.7337027269534
0.588520751389432,1.5989179499569
0.588553695849357,17.0370123965113
0.589377504556461,37.6639126237449
0.5894563864439,32.7303684564193
0.589526314651028,17.7355658745995
0.589583873187768,0.561367212960581
0.589625514976468,32.6316536374971
0.589773023910799,0.658294713714922
0.589851723805237,20.2676684744638
0.590322334146123,25.1571869047438
0.590356659544726,25.4174956810178
0.590614181236587,11.912411713534
0.59107499773035,25.5547421151678
0.591369360840866,13.1201398832609
0.591420666356732,9.70925490725319
0.591595367469423,1.95768505015114
0.591897800015512,22.1594291575984
0.592045290423759,5.90385772941267
0.592219763050444,20.5687472954832
0.592226282198456,4.9182679466067
0.592779629472774,35.8859665908971
0.593080891236986,37.636821818924
0.593245762375205,16.4266682794502
0.593408393234685,2.96810548518747
0.5934721208557,0.215907386371821
0.593581042422289,33.5414701829983
0.593807057047729,9.27798978159469
0.593914057014687,26.459275688389
0.594043356612872,1.14216534386579
0.594113856627736,8.76149175613012
0.594408322072153,10.2077274107548
0.594467127020143,5.16450049930079
0.594726849190754,36.1517832354706
0.596048848581124,5.76374022502359
0.596244004823502,28.8349598379063
0.596661403294149,12.9615360138741
0.5980395640606,5.15221227529924
0.598099964624237,5.70946405903109
0.598138883451534,18.6816932543756
0.59848738162714,17.8310489539041
0.599735918109152,19.896669168224
0.599777294726281,33.0635094408388
0.600177186573835,31.6997887196251
0.600293681518204,13.3562762263374
0.600687933611888,18.3963787408017
0.600734862852094,32.323800893832
0.600798187197595,37.2428340247132
0.600929355500073,36.2995769727854
0.601074105445575,26.9691265117251
0.601566338220319,19.2403065430237
0.602658119349249,15.8575762568057
0.602730291214771,2.79378066836486
0.603132222164158,24.2815189802021
0.603256167279555,0.706984422615223
0.603347061354266,3.66953790161703
0.603726814833872,6.79127097838988
0.60418397421692,14.2379810084218
0.604610048425603,37.4218322967699
0.604867526963349,16.5887442963402
0.604874218279163,12.1297517474089
0.605029441555199,29.9341890451039
0.605523503847804,31.1629840816138
0.605748964236278,3.66805696624037
0.605855029084019,8.8845705223743
0.606260840812541,4.235787764112
0.6062831849417,32.6786415481184
0.606320027499138,20.8492770365267
0.606529516479878,2.48061716441806
0.606893926206146,21.1028683270802
0.607906368521672,33.1240751233272
0.608272781711886,13.2667477888774
0.608737707890234,37.7672029849489
0.608761673585767,13.5513379080583
0.609864303427855,8.86721283369401
0.610022748408786,4.47911098580906
0.610035903244684,23.1924657879086
0.610594706182746,31.9867884184927
0.61075992593947,37.0217082402903
0.610763865564241,29.0122288813831
0.611239285570552,15.3054309959725
0.611619854482122,20.8544644740271
0.612317159136438,25.815891307282
0.612675649273594,13.0106437116927
0.612794313303508,1.94509967970668
0.613082214695208,26.0223338604481
0.61314865069736,21.8144181763903
0.613336114580282,13.0487578740903
0.613365821781729,16.3238502603294
0.613398526803861,32.6120475760479
0.613400129516466,28.8597903780262
0.613606314068812,32.5201244594229
0.613743823781186,37.2420943569035
0.614310935461003,1.84231033656407
0.614841313767579,5.70169518989761
0.615300370151532,36.5049866813955
0.61596805030348,16.1554199329954
0.61647598471551,1.33136620700097
0.616607130658894,1.58680794079868
0.616837174749373,12.5292637641219
0.616860661864998,16.2608262567723
0.617069624743222,15.3021601821258
0.617119346390527,21.0389307177711
0.617521687357797,19.9846989992694
0.617531559268668,29.2147985898534
0.617818389484967,28.436494912192
0.618541734289796,22.6757993592885
0.619003940827666,35.7732067948124
0.619111162019845,25.7183070338367
0.619203418545796,13.8128430094117
0.619537223576056,9.59683213711606
0.620265092716185,26.2778573184784
0.620447807247932,24.2277943995249
0.620904632569455,27.8615909668158
0.621136666052475,8.27214508509062
0.62125748395561,35.5464750002453
0.621408864354916,20.6309997369673
0.621426518766853,34.2437241463528
0.621574878062869,11.5023953042401
0.622133226321778,19.4227148249528
0.622659492324256,36.6365230740212
0.623185897850233,24.5937004881574
0.623418457517998,18.9318005080012
0.62355107924871,16.9303307689838
0.623761689896231,19.2885823899511
0.624529788625496,20.8407775412515
0.625591693925507,6.06236378919571
0.625772439653635,32.5818452065433
0.626638929695555,3.19224703632989
0.62691398951019,38.0514511341079
0.62698520717681,8.88989710323965
0.628610453219387,13.6099604620091
0.628884410443256,1.311423272916
0.629131323073047,21.3879075599044
0.629356719983059,28.825414637728
0.629366646711807,21.5856013823697
0.629420328471696,18.0558075112468
0.629928179391116,12.3266732130186
0.630166696000446,17.0202147451908
0.630183293726267,32.3907065450343
0.630374559646385,0.301682520664883
0.630418859873897,13.4665280880561
0.630858492637106,12.9416738534075
0.631051088582089,19.8720856549219
0.631161344821992,13.2462311034554
0.631208954269836,36.7005519559784
0.631464476465044,4.40421014688921
0.632136437757344,12.835611468781
0.632174853765482,15.1527136146096
0.633164040874737,21.3482442280956
0.633344642040903,29.8085993562457
0.633917246442407,17.0274736878647
0.633936076860763,13.2917114819363
0.634009196048118,13.8206126397247
0.634079510996356,1.13863484280271
0.634623496728691,13.7687546019874
0.634930787486538,3.73268145904671
0.634970151050519,17.8680458147194
0.635101135591395,20.8961784863309
0.635549979059966,15.9474598076267
0.635697805784357,12.494068748654
0.635964860080702,33.7177972292579
0.636041167109404,20.3982599345632
0.636117994445738,-0.252393268221885
0.636390876148219,2.32662443837545
0.636492581521993,12.5572539179058
0.636599776322594,32.6002745091141
0.63673228462704,17.4484076793373
0.636867681128245,19.9691359213999
0.636912007483266,33.0003111028654
0.637069760173955,18.4865506489832
0.637291780400497,4.74714974114003
0.637623580471612,20.9229246766214
0.637657711746573,25.5706230902033
0.637730966359847,27.9035556327274
0.637922345884474,15.4406568137209
0.638119776482353,8.7596882429837
0.638172465469109,18.2585423399929
0.638296510085252,24.9591356470714
0.638530404202386,9.11808957794893
0.638792426065981,25.8942388798287
0.639508169128535,3.59425351182855
0.639641911797119,25.1782848391825
0.639672177375869,-0.491813365991345
0.639706656364708,26.8135910834139
0.63985966094948,16.6613922464649
0.639914714409064,1.01138906980592
0.639945057641237,21.8732603110957
0.640007090684728,32.0068478308131
0.640592129869489,7.98515109779836
0.640776734481428,33.5277224894482
0.640977478328401,38.7628823895599
0.641160349141173,7.02596177058756
0.641212054655609,9.15357607387488
0.641389708122162,7.97991647654356
0.641683160049107,17.0225863133888
0.641740601154869,8.21235490728428
0.641875470132138,15.7971878083308
0.641884012250395,9.46308882029563
0.641920467995823,22.2838869479342
0.642069427149528,20.6893240108157
0.642306771540434,4.21494184101805
0.642577416835883,25.0432814422921
0.643149655656544,19.9340586253271
0.643675033008346,2.20387832472519
0.643906180090665,38.0839182909679
0.643938201650677,16.8514417616069
0.644295535380906,32.0480832492371
0.644455285991486,0.378739841712473
0.644742548845758,16.1347932316118
0.644784182672895,13.1407173026247
0.644903007911588,22.886468915167
0.645357479245227,6.52364253277497
0.645624077326094,12.3875792344531
0.645992227202183,9.45792543124452
0.64615872223734,12.8675401450476
0.646196830433097,21.5382586715447
0.646306539165199,9.49486694219285
0.646401685070633,13.2063267794001
0.646801071937083,26.1708516680724
0.647033404360031,21.6241617845059
0.647427411398492,5.55594028351835
0.647514467852074,29.5980626365199
0.647583670229478,9.3323376799869
0.648634111223082,0.408941142012369
0.648712999161074,33.9486890742671
0.649082384207303,17.4225306383461
0.649150372179096,20.6263651071212
0.650170038038408,32.6347953941162
0.650270441317794,3.83250530217969
0.650280257286064,13.9360186880143
0.650808616667259,1.60640578604109
0.650845508721626,6.37249333672466
0.651540764839321,0.363677585217142
0.651577971922861,29.1242322108664
0.651981885725541,14.7222522524702
0.652204699787443,30.6873924629236
0.65295570246458,17.6853099422323
0.653065874513655,29.2444438135308
0.65328714911135,1.78573669394002
0.653305031754511,16.094437223936
0.654003806984314,26.8838327606094
0.65439273347424,29.8962224099027
0.654463654580258,17.5719949646573
0.65461399982341,35.1040317984446
0.654917692692093,1.65730284356388
0.655011778412291,13.0004468543347
0.655290980656343,19.0068102181356
0.655309300044036,25.0170388918069
0.655675286249251,16.2169546773886
0.655826674809374,24.940191542589
0.656251826225037,9.83738146896191
0.65627318466687,4.70775088967483
0.656778760290613,38.5433305014703
0.657128454723104,0.924492089694622
0.657443282135046,5.24193686547866
0.657705757063085,25.0287078140607
0.658650772960018,7.93635380248354
0.658774039510704,21.2009986901582
0.658951071830169,1.7132379623127
0.659132921960487,0.952501019999248
0.659173232800407,9.63328988757431
0.659420820101278,0.0167670545887264
0.65997563397535,38.4679780628229
0.660084839030796,29.913183881859
0.660976220003926,31.1404255627608
0.661182587770739,13.158899573592
0.661654923734001,12.8857499436061
0.662686059587903,24.7827816509753
0.663077167972604,6.85738233752034
0.663202944488785,24.3034878780726
0.663342255779888,28.9336562425838
0.66378397562856,1.50876544981992
0.664089743585232,37.3546861320033
0.666141890495954,-0.480256680147038
0.667444511062912,28.3350829547284
0.667899672385848,27.86907075868
0.668275272812781,11.9151909434769
0.668453279751003,33.3182608008597
0.66873303957826,29.116505398001
0.669022516692315,20.768326293024
0.669592645069957,30.9759425575964
0.669601996926002,4.06818715712797
0.669876580638395,22.5224616791575
0.670328825990179,5.55773362142077
0.670469247421837,1.01156833492234
0.670518262431616,33.0985697675801
0.670536960175678,20.81687957171
0.671517020620046,16.3790389514283
0.671583031042418,36.4256751103507
0.671695830958402,16.7530427425225
0.671746140176574,20.8964225351364
0.671773487685037,11.6619486358394
0.671789299517515,0.298326513179266
0.672193002343168,37.1047066889846
0.672374279003195,25.3824083701675
0.672608607360188,28.9604854279321
0.672631185631502,32.9442941959323
0.673525387825477,0.0664791710741023
0.673775949736209,20.4266483138875
0.674033585155436,37.0327744453538
0.674050682389528,36.7339313214989
0.674222871418148,21.1283931894003
0.674436454178388,9.00999759690782
0.674624020702749,21.3948050803294
0.674685465229699,17.3954132014425
0.674800131064809,32.9124682287499
0.674881751750485,13.0585766555181
0.674956977780756,17.3003615246019
0.675037324565623,0.644126740026793
0.675245728771974,9.73041284833192
0.675738448238814,28.7761251824765
0.675998382741568,16.1137860904084
0.676170928096506,9.28320703378842
0.67660840110473,12.2647081968981
0.677046426611805,33.159832154589
0.677080139419378,26.2820946783959
0.677162986848388,17.7264892043313
0.677592392074532,19.4420414775864
0.67760576835983,6.05462319469275
0.67762093576811,12.1136249056821
0.677696711368321,21.7746463800033
0.677755506161644,27.835349105619
0.678296237990764,10.368895688576
0.678491993621399,1.04487794446272
0.678573327833344,12.5664488398044
0.678774945498568,4.61928804025609
0.678825802818987,16.5993555771645
0.678867940461462,20.1106440545825
0.67899409720282,0.739962458921075
0.679173093585986,-0.372062443001552
0.679718747191916,9.88505937064255
0.679740764962485,18.0327086597348
0.679904415542923,5.40151982299831
0.680437433163014,5.60059094804117
0.682003209398663,27.2913635281603
0.682029608232725,37.3912555926137
0.682695033363701,34.1930027910275
0.682877944123849,21.3775823282554
0.683455421841436,20.1403417121691
0.683680582183408,5.18926831546853
0.68413504734032,21.1901923528472
0.684169151505126,13.4025926617299
0.684613928585712,10.4299320200342
0.684846030505146,8.33483682131135
0.684903244244375,37.1275631120488
0.685035359476737,4.96307746438444
0.685733839084097,36.2355440294335
0.686461584475613,6.29649766804208
0.68659230069033,34.2545777843771
0.687143415467988,13.5041929015347
0.687343617270379,11.7636430327789
0.687409525029611,27.5916496988648
0.68755592642028,15.8776271635148
0.687787198808886,13.5602888109804
0.6886233946838,9.03326737704349
0.688777563224441,28.9817888006566
0.688784735441682,16.8695132601927
0.688806367838679,7.9952582123858
0.689028423036376,9.18043212072253
0.68911300456331,18.1863508319096
0.689848044467662,32.9204513833743
0.690253862468695,3.43644426555216
0.690407283404912,24.6830366258549
0.690460666140157,36.3191883505756
0.690627883661919,26.4970469355513
0.690963491055318,5.90279434953901
0.6912809240289,29.1047208179492
0.69161988023783,32.8979995049949
0.692155989463835,28.1867431503654
0.69228698390523,9.88581677624405
0.692454662059029,26.9535977088584
0.692504403824087,25.7392602643957
0.692737025101221,13.6279252913224
0.693321823058141,6.86349519956215
0.694366241997151,5.37518611266276
0.694486707901949,29.0236571690676
0.694754247373939,12.8390993613481
0.694799735531909,27.9111676218227
0.694816389657767,0.803861045610409
0.695632288817829,37.4344980314253
0.696213259521319,20.6353257103011
0.696581669504609,17.460551932315
0.696874741802607,35.787665583308
0.69728322900491,4.96324810200988
0.697347461449374,16.7168035688331
0.697537853635785,1.92653944769573
0.697634380022709,5.24845743357839
0.697948382430552,15.8237847087211
0.698394021410042,15.7798983034153
0.699089539553344,30.1197579624085
0.699747041684227,8.0695932922412
0.699801922108312,38.4640315185136
0.699886142415355,8.28711708336158
0.699929077479697,19.1440772161258
0.700261072287318,23.5842094256
0.700304054531225,11.8835670207608
0.700747878149507,37.1423397045426
0.701451381914317,0.72726487820317
0.702125165334722,10.1329702954808
0.702273890801365,1.83708985851897
0.702823902417695,26.0247740205252
0.703131163711387,34.4196377497305
0.703604035532983,17.9307815909283
0.703650796909387,13.052197025714
0.703743773981652,24.8120862827638
0.704274345449486,5.77935426037867
0.704511289781383,37.9793463004126
0.70556590212732,11.8070501281835
0.70586658682347,24.8460566955556
0.706181177674335,3.50076195693054
0.706221667677907,0.667589546789943
0.706250066428135,21.813827946666
0.706254941447167,37.7508737842025
0.706292840042661,28.6708909032863
0.706710969180293,33.165887424082
0.706725234398059,28.677913719421
0.707020645809939,1.45053588996464
0.707260564793914,4.94233498462689
0.707532434357275,6.04035804487954
0.707709190316517,34.9824568249202
0.707834129913396,20.2936065628751
0.707835699952836,0.721181483730773
0.708184367159116,29.5219396734895
0.708448652581359,22.6478396412633
0.70855902067963,25.6337517364228
0.708643054756252,4.58808746503348
0.708782228151883,21.1593528299033
0.708913936447204,18.1036653234358
0.709305259267258,0.628228817939077
0.70934500097686,25.4607562780908
0.709417417803251,0.306864894808515
0.710013096609734,18.0161810755296
0.710033263175355,37.6258621931297
0.710069521630258,18.332286195387
0.710929672351984,22.0500277576515
0.711005883217747,37.2246910957203
0.711054161264376,28.7091267334297
0.711133881143169,6.23490736279213
0.711643394020633,12.3222975059366
0.711721439045506,15.817240739909
0.711920786431828,29.108835786178
0.71208036882331,0.818106805871542
0.712357168447738,12.5643441348782
0.712716145573291,-0.217178809519315
0.713232792132117,18.3601707655843
0.713707426348085,32.0643813499398
0.713803233480997,28.3953376025517
0.713902199893664,29.12401670214
0.713972485915136,38.4888120037662
0.714061920595089,38.0214047131415
0.714196487784969,8.22457036886572
0.714342864784254,19.4707734912923
0.714362900222602,21.7482726318316
0.714369714743786,16.2336991765641
0.714497301967213,25.4256863818181
0.714549314232469,17.1553918086851
0.714633428633518,18.3079092871895
0.714652582596332,11.1035957960612
0.714744114194113,20.8239776208337
0.714921364389204,1.1555446681354
0.715152108316553,33.8871839299607
0.715578949309896,29.6696104245651
0.716108508433749,1.33247881347999
0.716385002086527,5.51767299795703
0.7163981654245,3.26118068497074
0.716479641882225,12.1352848681803
0.716588349581415,4.7000630994556
0.716639713833662,29.9108227027202
0.716754755200437,12.0933875456592
0.717128701983531,28.1708762471312
0.717134528057542,9.66032997363719
0.717712199742695,11.465818140398
0.718156440108833,4.39199183316161
0.718194151734997,29.2446051423568
0.718292302449228,35.8763777857574
0.718558621465443,35.2188404451254
0.719131862495824,20.9720228854525
0.719544535031087,33.8097984782039
0.719806569685703,12.2727622962332
0.72016315131806,28.1751485432192
0.720213209468463,25.2108411497964
0.720447101388038,24.4188011306518
0.720501449506267,14.7656794345456
0.720548563983278,8.18096296180775
0.720921891016978,30.1356459105467
0.721067427580805,8.96444150408842
0.721308192594755,36.9425942702312
0.721567037712705,12.3706929413873
0.721709650985204,5.38554875830445
0.721733221910132,9.31472368200781
0.722072575479005,8.38194065221431
0.722156973839567,11.4708565349824
0.722449231665873,24.937789726512
0.722552180652415,33.7580601219918
0.722586133909206,17.7391567059678
0.722997468213898,4.97222223863151
0.723267599850442,8.49255595386306
0.723455742003708,25.4104034248814
0.723752898399667,11.7119297566978
0.723870586897556,13.5591598752688
0.723886910371155,24.6353615058938
0.724184087283047,2.08816938593605
0.724509188444274,12.9742915543465
0.724735852083422,20.8510700119069
0.725358013036966,32.8967745932911
0.72548784030886,25.336544957141
0.725509190113836,29.4691882784508
0.726160870523674,20.3230128310507
0.72629245334022,38.1394521777212
0.726391600599706,36.5360652605423
0.726886343570856,9.92201903950837
0.727002448274864,13.0915804752029
0.727137823206334,32.683637648378
0.727163456948878,19.845997945019
0.727177675224128,14.1873935983505
0.727363632101263,29.3201073056394
0.727593464590644,5.31295676719125
0.727781265186595,1.29947263875167
0.727943674872794,25.5928912567573
0.728231966076481,5.4270948922868
0.728391422095529,36.7567395663899
0.728447810065827,4.78231532287847
0.729127635941526,13.4702837745046
0.729559759999387,31.1323121698401
0.730652165674128,0.661372832327678
0.730653831263394,3.90708811445529
0.730711971049615,30.0969617002739
0.730974669284034,32.33795256125
0.731371993764371,0.730629887528743
0.731399559631554,31.4616328998763
0.73151409431488,2.33749119809152
0.732040356481324,18.456866095594
0.732738934382709,2.85541869811508
0.732800389052401,22.9579233524256
0.732820055882272,4.83014610296241
0.733580649887222,34.2516842061651
0.734168226309253,1.55344025527189
0.734172187258118,32.6438616512429
0.734486882304113,24.4298336554126
0.734821733137898,37.5125840698683
0.735357509461016,21.8989677345116
0.735718198582209,28.5587602031137
0.736099648568585,9.892426996834
0.736421073634268,24.6425157388559
0.736495200473477,32.4156407610896
0.736584412383754,1.51796876917355
0.737395237226059,25.7409065696239
0.738286907297625,24.1744138366255
0.73857477405278,5.61671232112141
0.738633798934354,12.7955740160599
0.739589306385369,33.0765665572515
0.739623736265785,24.2577316934562
0.739895043879311,6.96099883112033
0.740170683746555,36.0407535276993
0.740268657736463,23.5129654565431
0.740619707639481,21.1301367464676
0.740653057294288,12.5435397094318
0.74073338830022,1.27627570011803
0.740921372810456,29.7822784230069
0.740942890682464,18.126912957818
0.741035861187154,36.2918851206604
0.74125794718108,21.2524760943665
0.741712402608073,26.095738612555
0.74189065298372,7.14284583356828
0.74233206761134,28.1388235518302
0.742583363656468,19.5890286057948
0.743064405492761,8.20784384652631
0.743766944597075,2.03200043851155
0.743774326550182,0.993578180558921
0.743969086512116,24.7284016791825
0.744555593395013,17.5479484359684
0.745058322335459,12.1984939965726
0.745225917525339,31.2045289176284
0.745251505569396,4.84002641788582
0.745402304231557,8.50342835983158
0.745575411476581,23.5748756736254
0.745952740051971,31.9071539679574
0.74618962089535,20.5052799139184
0.746436019602785,24.3068148678742
0.746863822539841,17.4241199888477
0.747013341452255,14.3202258388867
0.747509919500902,5.79082769340908
0.747828258764782,34.1372063157995
0.748022622489828,32.1451693573535
0.748390764619607,20.6418832109396
0.748794610375975,10.0077862345253
0.749495884245696,17.2162219790915
0.749516386808185,22.7419955645145
0.749946292140304,29.5614259386047
0.749998923998408,29.2935584132708
0.750537763983859,23.3786632165959
0.750868712974999,4.28681319836938
0.750976034303844,-1.26027368469029
0.750999858243264,37.2962693556898
0.751276537294904,3.88247302371856
0.751357334910179,10.5819258529417
0.751548585177703,36.3081359726435
0.752050533104282,24.1801193636115
0.752386480571646,26.3947478472943
0.752401292363465,30.8070344995005
0.752793582723491,26.1008686148297
0.752887148672233,15.8893702654429
0.752954329277978,-0.197085227013922
0.75343297337305,36.8863597515446
0.753648729833594,20.5644836353553
0.753698312224539,14.3903751159517
0.753821736675609,24.4702742451403
0.754377988807443,0.285997425420888
0.754840493993651,28.2246197815394
0.755917474174123,36.9310139592144
0.756099517500148,28.8843299764942
0.756608636353229,11.6804350161811
0.75662888009765,20.8613732097341
0.756843905721273,2.15602633231293
0.757315441255375,22.7034093976829
0.757551014526618,32.3125185918719
0.757639003301086,27.0931091546226
0.757985340361037,11.1671643393182
0.759399640339211,16.79912387142
0.759514568156627,25.4033419106629
0.759699431613129,33.2720587288185
0.760002246012436,8.19967264732143
0.760115588568663,20.7541971454563
0.760287935258167,0.345481153076446
0.760814652754587,30.3917586736445
0.761043953662919,23.7533337683094
0.761220449733081,20.6209751025396
0.761488367468142,14.2405337673727
0.761552229215982,9.45443739791092
0.761714008753942,17.8835666982695
0.761832236642011,6.06575957118324
0.761842130721606,34.4162020475974
0.762152296482703,0.201271112507383
0.76223028501444,29.3777159792686
0.762542026794413,32.4928353493363
0.762569593032436,32.0814780792577
0.762604623185506,18.7684111812128
0.763403561548733,29.8208384158374
0.763728583176956,3.01056067509877
0.763993646646362,25.1703038776707
0.764048437584651,24.4268433723462
0.764134836171074,17.5310009078551
0.764308996482633,24.3863350534826
0.764643850892975,34.2195206998783
0.765207489310133,9.54908538753312
0.765223272361622,29.8347975302106
0.765465090104089,20.5452931075776
0.765664913686145,24.5764796928424
0.76567331106405,11.7497585427387
0.766267870813092,13.8671557809158
0.766561873603234,4.31533650130597
0.766757710966257,29.5063260164224
0.766810254636824,31.9570608622207
0.767275407052734,13.9459139918727
0.767572020488803,6.58815547549462
0.767765915012616,8.40147224095885
0.768304631099794,24.265857451362
0.76842764987663,25.535913248446
0.768861698460565,29.6190554910031
0.769265293599599,2.18734035174159
0.769294572032427,32.6255554427975
0.769563019901245,29.3376120858142
0.769643829160023,17.9631919639037
0.769793875296206,29.7153923505367
0.770261604897081,5.83741193464593
0.770352746119927,12.5125213317564
0.770383282728696,36.902775380907
0.770692612298809,25.7989675363057
0.770701291810395,4.37984561721913
0.770810736834479,28.1760444385591
0.771625843271092,21.161755994472
0.771674897036225,13.1214002042634
0.771719254607035,23.4570139752967
0.772748138209241,1.41761436766763
0.772816000789219,29.3476604064128
0.772892937621599,12.9430135410423
0.773299838903431,11.2719985287737
0.773301233198587,27.2783530194076
0.773435481243117,22.1716175550054
0.774088685241757,30.3208405901128
0.774346099577883,28.6307450191118
0.774413359588227,7.27918877098211
0.774563785957722,29.7836277897795
0.774607368146832,13.1247780848025
0.774973594541786,6.23400468665737
0.774977868464917,28.7155887716157
0.774983875583409,14.1175924272531
0.775126646108712,21.2790770445614
0.776612295500618,16.0669639962866
0.776696705556365,27.7000205554542
0.776754983065658,32.0583975175809
0.777114361471112,33.7551696507074
0.777664597056746,8.92550146315855
0.777704730352868,12.7194636837628
0.777970197821547,4.87146135368021
0.778143068607881,17.1652095241196
0.778384072791406,29.648041342272
0.779014070746774,21.3439113275217
0.779985425994081,27.342791950918
0.78030607383703,32.8652814177853
0.780534177949925,1.31841371278116
0.781148728514647,35.6394593305352
0.781369218609097,28.8667759886807
0.781972807184497,26.797156681513
0.782650936369075,29.7072756780198
0.782739990530181,6.02642092760596
0.783218908983872,14.4011726514279
0.783257509047643,17.7790720162706
0.783386746245398,0.961793313556264
0.783465884453873,-0.959113341497523
0.78357631265841,31.6371305437429
0.783621720553367,37.4201003514019
0.785018183248585,16.5453890675991
0.785176010825376,7.45429312808205
0.785598140097124,21.8387427258681
0.785600403326901,6.20094818172095
0.78570402216724,7.73784415856633
0.785754979959621,25.5425697306114
0.785774792747642,28.0495245403764
0.786141237692314,33.0789776371511
0.786374732270864,38.3437835937734
0.786542978754907,16.6905127040691
0.787205224568776,9.43644154297062
0.787417443952626,5.42071968283575
0.787609066035933,37.4011113915357
0.787955025359173,18.2246143981206
0.787990419058191,20.0786907560291
0.788442958694117,21.8403557531714
0.788568080453471,5.59523374353915
0.788581551400571,31.0043450660004
0.788923515520697,25.7841003610426
0.788996785309801,30.035389218432
0.78922165351889,4.00329553634162
0.78925574748197,32.7271779209939
0.789294710563039,28.4098006841364
0.789577618440179,-0.130198391427636
0.789899457672033,32.645404303325
0.790169500994687,6.06193901258722
0.79048818751097,-0.0927188441894147
0.791113349432933,32.2664170147184
0.791410375385263,2.71477951745747
0.791594525552009,5.2085401603109
0.79201729019506,21.8884708879723
0.792420487209915,31.3926160417847
0.792838097882079,16.6574681281519
0.793197349802288,2.31087303078025
0.793329684327832,4.71014688906674
0.793440638826426,17.7272107550198
0.79442452968382,16.5714824748802
0.794490522293447,16.1416386914251
0.794720080908668,27.8675019724902
0.79479630550105,5.20608770586771
0.794891031967998,22.3509734800694
0.795068067588686,28.1463652778623
0.795692126434989,16.0756078916381
0.795840891670609,2.09650554215761
0.796263733431119,9.78964954530732
0.79656561187089,11.8299405915313
0.796981918080269,13.6969919769196
0.797012336831541,9.7944443196318
0.797136560660537,17.7452782976327
0.797210420975606,38.088081437036
0.797405436191546,5.54478638618042
0.797547315815426,1.96700291031462
0.797857863098213,4.64744171234792
0.798129088690243,36.3536795903717
0.798277663714575,37.3900185718705
0.79847383159326,5.2259926920376
0.798501849967845,25.1440059319154
0.798946348682347,3.1864803825962
0.799220325588161,12.7726032886809
0.799658301111506,20.6366745820064
0.79984458080291,4.50057384340658
0.800383895142422,2.83029799959742
0.800528012364037,27.3880840155692
0.800814653997934,35.8481971757061
0.800895308773679,31.8581025530956
0.801953278332835,17.349462432576
0.802238759079183,35.7257618251098
0.802709707932032,-0.282128453059242
0.802955938577714,32.1583331987672
0.802972545698688,27.2082043481082
0.803179972862628,0.71229448725274
0.80324373244123,17.903625751599
0.803312169246111,16.3575393479995
0.803465116349826,24.8302313118829
0.803769560850397,36.9638992294371
0.804417674464891,29.8975805620304
0.804467092841818,27.2066711053001
0.804538411856425,31.6210975134219
0.805063850733801,8.3798307607821
0.805118734901509,8.88851515627434
0.80516664862926,28.1281486512521
0.805809502545195,0.953772826107436
0.805894383105168,28.908668619028
0.806366083725977,29.86432421637
0.806436586521088,1.99799246859603
0.806534241199363,37.5838524622171
0.806550528288982,14.7168964771699
0.806627775966734,12.5021587266252
0.806787985173654,21.4537229406634
0.806801678266914,15.4427889149671
0.806896318523654,0.886426106400933
0.806998652540782,20.6246664833329
0.807059400173597,9.70768475454836
0.807134522645937,24.734920783087
0.807337861363614,32.3404281294437
0.807631225968983,17.2900998817182
0.808430197006672,5.93492387705714
0.808511535137761,20.5008579809224
0.808533534965905,27.7279698910813
0.808940563336829,36.6993927367262
0.809593321861258,1.07990232692745
0.809716191127975,31.6869707016761
0.809867297686195,24.1086173246623
0.809982232765571,32.5941995425997
0.810886384172051,29.6354293452648
0.811920785992199,27.2634080270518
0.812276505820286,12.2427985923469
0.812352358207609,2.45880214727677
0.812365417110774,29.1935583983711
0.812390900776787,15.3225585571327
0.812718121695867,28.0551092470081
0.812853156542406,33.6630200799282
0.813060850735382,33.5288708946257
0.813361624440816,13.1794892994878
0.813408451447398,14.9837099104732
0.813599077832607,37.0765256908899
0.813831311060578,23.8333863707587
0.814265598090693,-0.398792387698402
0.814304807462654,24.9392412071346
0.814738385662545,19.863794029385
0.81517295812019,30.2882829835201
0.815475718162746,7.42961537158413
0.816520771396705,38.4699019660982
0.816726007772001,6.34519369422827
0.816726646027024,34.3095910059685
0.816814304722681,10.9227667168729
0.817004170872681,26.2877948774989
0.817633563306935,3.66252684681362
0.818013563080076,13.703425224575
0.818234184824444,12.3215372190548
0.818649889578283,2.6729468745159
0.8187852590462,16.2413777811451
0.819053977011818,10.3483369129661
0.819109589209595,17.5813875770039
0.819670605941046,0.0754337862524767
0.819768393298043,29.1946890994142
0.819897584408468,13.7364535025111
0.820398406678622,20.246461080062
0.820731666693085,37.1282157962531
0.820769259247048,-0.395456452526977
0.820846610202594,20.8913628046922
0.820912897194131,33.6306249873587
0.821070928366862,27.4748437144927
0.821132785574226,28.6138436101915
0.821192674302523,10.9932935866948
0.821300640025737,9.81958824450518
0.821776748649768,33.0960337825799
0.821916078717947,37.3559114034619
0.822031394613401,2.3499091901246
0.822419516213061,10.2178365821409
0.822805652224755,10.5400149712204
0.822821906453429,19.4702492776173
0.823011087094297,5.29763086827247
0.823536076215407,20.2727090342867
0.823734626318347,36.3970239727759
0.823837744003813,29.2498295555943
0.823990000051463,33.3127570288811
0.824563473372204,24.6453400653003
0.825061213016135,3.29029479374618
0.825197185561525,32.5995332561963
0.8252037216081,33.8591306019568
0.825453127468899,15.3548741367392
0.825596681469788,5.14253813851551
0.825650166504497,24.5738382940558
0.825749913914182,12.5540993671278
0.826068142158171,16.9397636494379
0.826582131485166,13.4146664943641
0.826788242631898,1.97009515464022
0.82693080349182,35.9623647318426
0.828078514515102,11.833524321168
0.828193233169002,25.8419795540671
0.828270442603133,1.62734367541625
0.829584201677862,22.6720245181328
0.829834921698756,25.9593680456345
0.830049128460814,30.0398909456113
0.830181148688978,5.04196885259743
0.830341269423693,17.0022299306695
0.831070684156912,13.1156337275299
0.831320795070858,37.4207520364074
0.831343759187452,9.15459959026176
0.832044176607444,21.3855898519432
0.832293920512529,25.7119825807132
0.832548030580691,22.950994836163
0.832568187370274,29.8348730341199
0.83285667146474,29.9517335775306
0.833050463238959,25.4453438515556
0.833225108656428,32.9857242146442
0.833400451048557,12.5322308367016
0.833806523930933,8.84251820871585
0.834219684219067,17.3980622904977
0.835386711746949,28.4488440059228
0.835563499433425,25.4400222304134
0.836030086199976,22.2258192433829
0.83691127708301,1.14234957019098
0.83713221131006,24.7110611412459
0.837244347189074,23.3864029521095
0.837330946078694,20.7539855716759
0.83743175861364,18.535364848741
0.837590034676404,24.6538237244924
0.837718739656226,11.6981639328883
0.838104678019372,37.2327739647591
0.838163052022509,36.0660555743045
0.83854486314067,28.3265355505089
0.83975111598994,25.3013566890401
0.840104278886241,9.06981953065104
0.840234307349468,12.9905042063753
0.84041664988562,34.6267586814796
0.840553993582929,37.6548525349583
0.840639312427972,12.833849065084
0.840812954029731,4.89730391794194
0.841220668619356,27.3345235389698
0.84131822564196,5.83055422222287
0.841380409434695,24.5115557859093
0.841732020560498,7.5413339464063
0.842094693908152,38.3963788871076
0.842406982185012,33.5322765552845
0.842494590029985,13.1631177220399
0.842615151242643,0.691988940460143
0.842937257312544,31.8278388822909
0.843067438720899,15.8468618457465
0.843891517247433,38.2373724241441
0.844104001403368,0.492772054103548
0.844359263852263,13.128955517023
0.844616608890013,32.5408287762485
0.845174183286169,4.95634393510636
0.845482944028865,29.4799037984851
0.845588214431547,32.6207926923736
0.845788133974375,17.3026285327584
0.846075278687066,37.1928113708553
0.846213431066297,12.9468734138903
0.846250746829372,24.4989077725934
0.846491870538527,30.3085641179916
0.846929914010429,37.4339423493626
0.847008212502769,5.40729340172407
0.847065246494423,24.7976690980603
0.847238833775968,14.2331321805059
0.8472557481334,-2.52600125233526
0.847507073324177,29.8665146079586
0.847619993252144,28.4656324635281
0.847673083809834,18.1614231784572
0.848790318931835,35.2893576076264
0.848914595159698,14.0070180455031
0.848935364858896,36.5796593808211
0.848953855508064,20.8596546406816
0.849430115460226,25.0821050389604
0.849789433163549,36.6264740310242
0.849843699099633,24.947921838151
0.849905034591779,32.4740334005275
0.85030078359628,28.4247675865292
0.850480276747624,30.462390144781
0.850744840270734,33.0473220612347
0.850906142226737,15.4862497122881
0.851153280134192,4.36590825936136
0.851193153874584,25.5650753637162
0.851250724086024,2.06284224124778
0.851554475859544,8.25237612660905
0.851870215828624,27.8622826350808
0.85235308129522,17.4851467581862
0.852701697293325,29.5311637991815
0.852803589859431,11.6450423731571
0.852841829133389,35.8545277993264
0.852902561551805,0.325983502148994
0.853168284405573,24.5644145611358
0.853237109428132,24.7321937305555
0.853470774947066,32.6533141422353
0.854157150328357,22.3085745202784
0.854233235233165,12.067202479412
0.854443261871855,25.16553044392
0.85483327169859,33.2799777241067
0.855044189915759,27.4434583181383
0.85506202278212,34.0898635042403
0.855393294510195,-0.765253169654668
0.855485318232531,16.6142749587379
0.855541662074242,38.3493479224951
0.855725362228502,5.89545127953838
0.855766499376715,7.80563768723905
0.85585571550006,8.79846837384999
0.855918979950747,29.9087790208592
0.855944511854448,19.3412932586262
0.856417501965477,7.8316195482624
0.856456370365687,38.023806664321
0.856569154673382,28.2387159734491
0.856989017726151,28.1721241235075
0.857277478091389,4.81750472540679
0.857298014727872,19.9825676596274
0.857409609224272,29.7908606409636
0.857441078240356,35.8206579566605
0.857615523693818,28.5463400119325
0.857616393228174,5.2567480948566
0.857716206358825,35.5218111134017
0.857981291540823,2.11896999317349
0.858075655260033,33.2497473064792
0.858144511769758,8.0050331869184
0.858687502110306,26.5057793606441
0.858723838809876,0.352683239853804
0.859137895823088,-0.353462304895954
0.859345965424067,10.0628186201833
0.859584404294352,0.209633081105052
0.85963548298763,14.6651122377543
0.860157380329202,15.040800221451
0.860767787869694,5.11716461500902
0.86168525914524,30.4149259913326
0.861686910851473,32.479138464687
0.861855726310609,5.94365709749465
0.862319425360741,8.35744402685552
0.862339634327885,13.9360086481662
0.862535846863295,24.2507255212677
0.86308686043628,-0.306378635303866
0.863228082686138,21.0611559191317
0.863257326627973,32.3577972367951
0.863361123260566,12.4717689994966
0.86350626903576,17.1859256247801
0.864257295298224,11.5988041668485
0.864452519119545,19.5165411992546
0.865194653713768,21.0068356526195
0.865289267563654,21.9835840879515
0.865777300316046,14.5021676123561
0.865829128883297,20.2338014900632
0.866083061659914,25.4911152482465
0.866179433510269,19.094679603679
0.86696181629269,14.3582269915399
0.867020217206615,5.46834609099299
0.867117698489521,18.7055063051856
0.867268780280909,32.7986283541055
0.86747416001836,36.3087639631839
0.868052496814647,29.3846715373298
0.868132400846705,15.270725702629
0.868295994889587,22.5856489298345
0.868302377975971,17.7463466993039
0.86837731890951,31.7189599758265
0.868605133460827,32.0815628272514
0.86861325552885,8.02995743060569
0.86892824180086,16.8434982320829
0.869549893129354,21.6654678998298
0.869561886102123,33.7219071893833
0.86967469454581,25.9565795606603
0.870357688260388,21.9105976433994
0.870894658904868,1.57136445388532
0.87091887989308,37.3814130926055
0.871066010289616,16.2722693847849
0.871190258422869,25.8047877191821
0.871269668466298,3.84139706699762
0.87134393469811,34.5004492728865
0.871520506209431,38.5181175196298
0.871700554385078,8.35766079567362
0.871848342494381,26.2886173197538
0.871961863564303,13.6238365515825
0.873324582670211,32.0299482273945
0.873340061928869,9.70369512844333
0.873536285311443,15.7582430338736
0.873661851653552,9.91066201604302
0.873956778108706,8.87427519893438
0.87399281059473,38.1715990269495
0.87461230685885,1.00920227712009
0.875140883188285,4.60293996577805
0.875446813844277,35.10446258777
0.875617370731534,17.1954819956019
0.875727827243754,35.6991858670359
0.877014287233254,32.6960461802722
0.877546892498543,15.9842489265341
0.878404054865922,35.9381579471897
0.878432383507809,2.19882637988154
0.878863547022937,29.8576823246161
0.879292477125691,4.47852226497905
0.879837406723471,12.8214589201027
0.879956577316155,32.13986007711
0.881191011312434,13.6601495489984
0.882234774760854,24.401564336695
0.882290165899954,36.7370903963014
0.88271822521384,0.348563407869463
0.883042826190157,16.2109451285686
0.883226531769412,26.2146389840903
0.883270461491526,9.03983191876889
0.883282305669593,26.0198585822253
0.883605074972586,22.9333254956827
0.884437365370442,11.9511399952147
0.884998976214415,8.04593150535498
0.88539263369061,28.6202921819785
0.885647318327953,36.9838729339372
0.88634920229389,16.8795552897569
0.886395624717493,28.3150564143055
0.886701466374484,9.03957615169671
0.88672752176573,35.8399462934508
0.886865240618055,28.0466580200637
0.88690750864578,17.4132653285658
0.8872140442739,32.4692496224705
0.887287451810987,23.1848346042896
0.887721499245735,4.94465837123709
0.887819545628306,10.174479917785
0.888058531168719,1.47363329078745
0.888523645495004,1.85153567254268
0.888718454332451,5.59643508412305
0.888893601005819,37.0144103068688
0.889170337153713,0.242383451268921
0.889779444171109,16.2093694417267
0.890134949281034,32.6765501567079
0.890826429559731,37.2650323243401
0.890885241804652,18.106391936807
0.891050528083768,25.1535039512029
0.891068621234962,28.2325325173227
0.891074087375008,20.6738717903605
0.891217743157247,36.1276792204849
0.892012664226732,34.7619723048625
0.892050525548931,0.365458769857629
0.89236017394954,34.642383084478
0.892449537564788,1.00554787147789
0.892627862946387,27.1228038028835
0.89263672218868,22.4008763277844
0.89309935538252,20.1708454426748
0.894015901992832,4.7874547607188
0.894070597707848,30.012818406698
0.895814601969446,28.5470533130283
0.896157278017522,33.1170188435597
0.896224341473241,31.8073044861069
0.896290986175514,8.73507057079
0.89636981097333,11.4980862368201
0.896519153282594,1.07095207530792
0.896719248982347,13.7826647724869
0.896814577982466,31.5919317938848
0.897180394556689,20.9230981105983
0.897210091061255,36.6488698693071
0.897633518627335,10.1273725837063
0.8978729004653,36.5117853432153
0.89813069739045,12.937918560518
0.898519810684609,9.38420282957127
0.898821308538518,38.0976438019178
0.899398360211596,4.75411415623042
0.899559854333276,19.8189880438752
0.899612902940262,33.1524675109974
0.899880912827389,2.06314348171611
0.900124112348767,35.376913318023
0.900172367953473,18.4001284244114
0.90037925498781,38.4647992251033
0.900388113002759,29.0377172618108
0.900732703921917,21.7393442295325
0.900739758764422,33.9626765084304
0.900828640410703,33.2952258266423
0.900934107429002,22.7795207213045
0.901214938213077,4.70534097247027
0.901681167993727,37.3473240420794
0.90181108001078,30.5549122847916
0.901977877639678,25.5855177755373
0.90212430720991,19.643350308333
0.902614780244194,21.3292505271059
0.902930147186797,37.4446072055068
0.903525686448235,33.0770890903866
0.903530845624695,17.3477883786602
0.903810258450349,9.01277184765128
0.904206168327774,12.7422212729036
0.904484125467633,14.3448207823513
0.904849068219819,28.9256720173508
0.904925875557967,36.4903177538173
0.905259293104065,6.69410632017705
0.905560435481217,17.6749972982215
0.905577754227877,8.64812903998497
0.905612882422595,21.2316852496782
0.90564090843484,37.4967778767123
0.906099093923946,23.6353912465405
0.906174992012583,25.085639150392
0.906261776080807,17.6300802445327
0.906619409223974,34.3348716911489
0.906744702408232,15.5363335720286
0.906749602578301,28.7022711894454
0.906806839635209,5.20724905289331
0.907021331565547,8.53495681258748
0.907388420111672,0.603907425948921
0.907549360916182,22.0389842139751
0.907783507960718,4.78176039936963
0.908933862498581,19.6318523719815
0.909577732747299,32.2991502342618
0.909706835372437,0.887102926012037
0.91031386711618,16.02214237843
0.910560847762727,9.24199994360422
0.910976209829024,29.8403952983625
0.911533259344147,4.53458043278368
0.912124841789172,7.93324630903907
0.912784208960032,10.7529783856915
0.912853487915297,16.3451866754693
0.913164384321464,7.49842479849697
0.914146706188175,9.11145678696015
0.914230542033147,21.1891176764593
0.914260693058897,5.87520766493007
0.914593704361423,1.0901437901147
0.914596475597741,18.5829672382758
0.914664866736772,-0.819897321500561
0.914707280359938,22.0478476830636
0.914767421737097,18.1493608748734
0.916147840767467,20.4536780764606
0.916257972442669,18.0036725996981
0.916486257328912,14.5215873963615
0.916604856878762,8.89740368646449
0.91673302455181,4.35399531788897
0.916789811628873,33.5249304434707
0.917048637010118,6.00365864649919
0.917637301656817,5.27057590171387
0.918106186939497,18.6598154895239
0.918143883793458,17.566033879154
0.918298024495889,16.3733238394734
0.918546355251897,36.7908303097135
0.918786350063245,12.8340837160605
0.918822882446175,20.5478581191022
0.919089772881085,32.7827839476329
0.919201884384086,14.9666684100024
0.919362194399115,17.4117579730747
0.919367865972425,21.5618470856786
0.919678716633335,37.8755048189776
0.920734657085973,0.322407083905153
0.920824438999496,21.2060552297548
0.921160173254333,20.648798139091
0.92131324452393,29.7690853392212
0.921335524251424,38.3381355800501
0.921594361690047,0.230413564823076
0.921932594750301,28.7411705559353
0.921942089437043,4.48633892168024
0.922103024549478,17.2299424419004
0.922175788048448,24.4810322513135
0.922310234020467,21.9668359013635
0.922623752868942,35.3926018226013
0.922637991857399,31.1867873574018
0.922671501798972,13.1543864857205
0.922845630496667,29.6486600720188
0.923078320204877,10.0830354451057
0.923146011369614,14.6626572365266
0.923296057833872,9.44174741089432
0.92333084322851,5.29625954066443
0.92383119860584,21.3812756627186
0.924012009968826,22.864761991518
0.924158332175459,5.05226316459446
0.924167973117766,8.15584450729048
0.924437508382906,17.0979419825795
0.924862792627578,17.1216910319683
0.925126122955596,33.0028579682206
0.925233532163134,4.858367541463
0.925320295945601,16.144311359701
0.925344560048558,18.219447808893
0.925406175801897,4.44044198090641
0.925624131290518,27.6811950312851
0.92586768923602,13.2417424145459
0.926302271317569,37.79837048197
0.926376528359561,16.75945932816
0.926409490522802,19.9924332377833
0.926417628853394,25.3241497905235
0.926517679847033,36.9471023179278
0.926626665684036,20.794901633604
0.92683566046533,34.4735799394553
0.92684988767863,29.8186819022297
0.927104056561389,9.24145944895479
0.92736426600171,22.2319714239064
0.927454417194197,35.8661384414287
0.927844368682138,32.1159141827298
0.928262897612539,18.3889075391384
0.928265665676436,13.5406534633254
0.928356238603538,32.437774947208
0.928706679527334,4.08746254444334
0.928757258636613,11.0127763418173
0.928955658630425,29.9255590827932
0.929760182272765,21.5494896322088
0.929782179571803,13.8049468118936
0.930063658408609,13.9357592805382
0.930329950598578,32.3845438731741
0.93052609566646,29.1482676921522
0.930596518146116,29.5849119344658
0.930710192178747,9.61901473774609
0.930966244440294,23.9318074041347
0.931059224604252,37.9896692547348
0.931275300404833,15.0630208438763
0.931369604622069,6.90880640001061
0.931747910617145,36.8144511169719
0.931838216107532,13.2577890041813
0.931874434963636,9.8920223046663
0.931896722423109,29.3342717554989
0.931922433411336,18.9279730385023
0.932263528872529,7.65206821961782
0.932268879534261,20.691943263222
0.932275526592551,5.96709031144042
0.932336421170419,0.824064760488241
0.932585651389376,33.2521206865376
0.932642374818267,22.6791301728557
0.932646391651085,7.14894456200636
0.932720259223028,23.1719540373862
0.932967921177211,20.6206313673264
0.932984003221973,10.5485788373977
0.933118850302911,12.9885309609274
0.93323949753578,9.98829551237045
0.933396042188476,14.745629646257
0.933815582620211,1.80980041634621
0.934518380953143,10.1385759136536
0.935110796165034,18.922154406584
0.935227013012543,24.1077928694674
0.935319613706074,32.8323812501659
0.935424356789695,5.6949692514884
0.935564978571357,26.5997157899569
0.935727728337277,31.9910404259631
0.936155104173294,20.8048027177029
0.936496129056753,20.9417389098858
0.936788966941794,18.3293497465028
0.9373823933492,5.03771747760863
0.937543554280739,16.6171460307997
0.937589475932265,2.55271139359638
0.937624113382832,15.425453123888
0.937676558603302,1.87505011180255
0.938083665338623,20.9285533287922
0.938609499695538,37.6198854981358
0.938731617414573,33.1527226351458
0.938744743989978,36.2126830577044
0.938955097531876,23.3469421212005
0.94033510975557,25.3710151876281
0.940524905710265,16.2786423005358
0.940647051541661,32.2499080802676
0.941275872848968,37.1837474966393
0.941320006104395,23.9468266528509
0.942240059205031,2.08803393253201
0.942271732399485,14.2107309977504
0.94247083895882,1.81986839508705
0.943046214142862,20.3944106391112
0.943402213325229,24.6566705783223
0.943523801462652,36.8460904589448
0.943613411445771,19.3093139737739
0.943759757640048,9.88732346656698
0.943823002741685,21.4209109268788
0.944434591045826,20.759216538381
0.944643373664401,9.60617313807229
0.9450254440306,4.03928316573121
0.94526105036857,35.6876339661245
0.945857294738753,1.24949094221638
0.946041200015456,20.1313795409164
0.946093991004234,13.5462113000671
0.946219352084291,22.974812685817
0.946432398273649,28.5379774277536
0.946537447489998,12.8696603647924
0.946596748511239,20.1079299343489
0.947043673719822,29.3671031861229
0.947122944335215,32.5180732748019
0.947149763320611,15.8519907079617
0.947174690569705,31.693737474694
0.94722676270631,36.1899644815432
0.947270912649247,24.8799512091513
0.947404731817133,26.0698114707664
0.948263540415254,9.7704790130621
0.948473492850526,2.72792462210627
0.948537106623857,8.42087054659507
0.948589866299434,12.0496935867641
0.948625577746936,24.949677078361
0.948996925932602,15.715855975602
0.949506335768669,11.2643433326532
0.949553038264349,1.97936431372561
0.949628673631971,25.5769510205948
0.949955290986073,2.9875098693745
0.950021087088329,14.5833595096324
0.950216974919088,17.6247624515297
0.950274684572522,11.3199359117168
0.950717167112994,35.8503750057286
0.950829609050169,21.5604521930353
0.950837703309409,8.93614269759434
0.951181844374496,24.2840234068478
0.95141239259984,37.3451985224689
0.951604334067014,3.94744187445906
0.951722838230531,35.8764408314584
0.95182881638709,30.7001546251077
0.952039015029291,24.8870523526611
0.952160128432677,8.86080234113042
0.952305593702789,6.59546830267204
0.952585167586094,37.32360098097
0.953015512939903,37.2594005803675
0.953191465012643,29.3290300869329
0.953580646460133,21.4845676897878
0.954041151841484,18.4472967203482
0.954277256966832,12.2808746784655
0.954811336567703,9.25367405225955
0.954853718110171,38.1696879085289
0.955334134979303,17.2414307102969
0.955868533959049,24.1235537335986
0.956136021146959,24.2915221687432
0.956236067747021,8.74574811986039
0.956249446168343,9.65726130870206
0.956469483470925,15.8235030865688
0.958010146135358,18.4652959949986
0.958297887923609,21.7507750710133
0.958600454851289,12.315030116198
0.959022326990612,29.8091036098576
0.959094403440734,9.63257257810772
0.959260495670136,26.2203950531855
0.959311171903588,9.82784258389408
0.959603257033539,21.0900628468486
0.959701731083654,27.8474844100059
0.95993175370735,33.806229290585
0.960062446286422,7.63951810969815
0.960064344621508,20.0149017645839
0.9601813832728,20.682164478305
0.960249953979998,5.41037866561245
0.960753589248044,10.2360440746261
0.960874942402182,5.40949792878715
0.960997781678576,20.7984320609536
0.961237517283479,5.15143499882121
0.961770091317537,4.20159253251788
0.962010716833814,37.1748836837037
0.962334613305516,31.9169092096494
0.962648366902916,2.84529776584479
0.963270221743223,11.6431959592598
0.963653047067218,18.1772509695432
0.964182777395577,33.2692106456996
0.964618859607665,18.1526731468798
0.965318064439656,26.9590641793369
0.965442751439986,5.68831770343823
0.965538173384936,16.9695171993808
0.965646190742913,11.9785706782348
0.965673563275485,18.7848979742753
0.965959026977932,38.0962505147234
0.966164346025951,28.2557580236396
0.966211983937527,34.697328181642
0.966247794555811,24.9865624586181
0.966405045099258,10.1634835797668
0.966405418653873,16.5505960964384
0.966789664903026,8.25767296379332
0.967027046649396,25.8835307538667
0.967718801752202,16.3735539645961
0.967729914458628,35.080179771907
0.967959024652703,1.957493736427
0.968021616394859,6.11195461274565
0.968039067259999,28.430886570327
0.968350661294561,8.72824618497227
0.968606657894609,0.408455972602701
0.968676275948268,20.8768635027124
0.968899861794019,20.8741599144909
0.969036090322433,22.0861317577353
0.969635793041694,23.9130602382574
0.970377594890477,11.9843704024593
0.970385253404306,24.2331166853638
0.970585872221713,8.69536998757782
0.97065128133404,33.5651772338065
0.970921437853317,14.175027926908
0.970925208352168,32.2159691034504
0.970929928862132,14.4524899372666
0.970933329351399,27.6791483424639
0.971190427422277,4.28453990727324
0.972054244318399,13.120193816243
0.972057808931848,5.87133945408219
0.972292403756983,15.0819206684248
0.972384162216982,24.3327239666321
0.972476910091466,1.23852055819185
0.972518736915715,13.0229411818682
0.972887412345184,34.3833485327734
0.973206529991725,5.18347553150907
0.973339455746247,6.62284114652189
0.973376382788753,18.718360020162
0.973380766492188,37.124925089868
0.973461464712682,3.90958245454773
0.973610766002277,16.1606497592235
0.973755494785682,10.4284471521806
0.973925959512829,29.6801121415025
0.974383120323902,18.7567922479818
0.974576706179661,6.18962609229411
0.974584335360239,5.61474684135471
0.975430452805482,29.4371525337653
0.975838444657455,5.18852370852618
0.975915695362223,24.9289393356135
0.975929535461332,38.2377085695524
0.976005124429685,12.1199624623701
0.976331579134135,20.6188531403745
0.97659086493297,10.1324449139377
0.976706534646649,28.4821845398066
0.976791550478813,35.6877841268786
0.97751237502939,5.56766140679096
0.977595187263914,9.08027509836287
0.978481990052771,29.0587077327498
0.978519508201299,35.6888642479438
0.978778994206708,34.5991098584369
0.978852546686509,0.595255948635502
0.979253298905752,13.3820829801982
0.979418926423434,0.417428622504651
0.979521381908301,37.378640228681
0.979880549280101,12.524345796792
0.980172463830985,3.9936671865422
0.980176736280987,6.20815079425489
0.980245640458493,24.9711209877036
0.9804367549398,37.8358857785404
0.98048620633711,21.8400796307536
0.980570630562289,30.1435424289382
0.980602160085087,31.3658489494278
0.981285200179657,28.2966631194729
0.981426782572459,28.7950856614455
0.981658433887806,32.0697611603107
0.981766491023028,21.4985688272622
0.981860095230196,36.5159613598156
0.982018905758026,33.6425412091211
0.982188263211767,16.2791685925842
0.982235064700261,8.98191621226963
0.982339065910807,21.3890193874288
0.983012233153293,37.3884168293292
0.983310319374282,16.1364837011173
0.983394321541074,34.8845791742373
0.983624538199658,21.0920388992816
0.983699091947958,11.2023750035968
0.98384101194147,12.2766569663334
0.984240198848103,34.1861212260855
0.98446409376627,24.7868951798242
0.985071114188092,5.63381504475297
0.985075967139432,7.13469179307939
0.9852675318386,36.8485646333781
0.985524241727519,10.5160286073028
0.985753965202996,20.7338319527281
0.98590869869124,23.8573517396955
0.986062520389932,36.3866300458998
0.986091825781539,20.9040530094095
0.986768098968905,31.8054125075641
0.986778433808774,-1.15620256449461
0.987062551085771,4.33312270921395
0.987188625749892,-1.06182943442407
0.987257094028672,21.7811012579383
0.987358861714522,22.848161758516
0.987422251080071,16.2537346256115
0.987682251325226,20.292345163196
0.988231900049573,25.4000123272782
0.988306671023662,21.5347862794568
0.988807657100884,21.6617898539141
0.988841324756668,1.69142764416441
0.988992830802624,22.2365848118253
0.989213850958505,11.4725706560708
0.989539330741941,2.14211165827998
0.989620902186502,4.85913520128619
0.989720103909652,25.2728904288219
0.990965120571515,28.1593707506944
0.99111631603531,32.6746425958834
0.991790144924557,0.709551353860258
0.991905846299635,17.0860006991194
0.991926582546484,28.3107021044268
0.991976871079145,37.7531406965679
0.992178701603724,21.0077199239763
0.992371202728463,12.9396693715689
0.992493935872309,18.0568302824434
0.992534263023185,38.1603684848608
0.992990473196409,5.65259760048529
0.993127948252611,1.71245936869372
0.993880636950585,29.3404246899746
0.994084959804104,27.5032705619555
0.994409626391417,8.64253154984735
0.995333706158449,36.8485985811605
0.995479226640326,26.6209246546399
0.995619979692507,18.0149616393133
0.995722710675852,20.7709569682549
0.99582109526,24.4843657404772
0.995979136437124,32.3921255889558
0.996469355698983,36.0281532814464
0.996689993724869,3.05796139997975
0.996767208470666,0.755000393918903
0.997250520285706,2.48478993557465
0.997269647821338,37.9620027812142
0.997504840934172,36.0451050276208
0.997936390406589,28.9365903924539
0.998055722029526,25.1817958070922
0.998486769370453,1.29580595059088
0.998564160082315,6.21097141326861
0.998759646935331,36.0915483783595
0.998778955498512,39.2702878364647
0.998831906322452,2.69536201688602
