x,y
-0.0728094069993936,96.3490812438782
-0.130920657034325,93.8331969636142
-0.148667277516264,98.2829058745042
-0.23613982326718,95.9173803403465
-0.30399610650083,95.9832851598816
-0.358677483982211,98.2760718793769
-0.437550980212726,94.0110531813079
-0.665864446224549,98.1941621025983
-1.18468110406893,94.9982414097639
-1.96101750372154,96.7158792465949
-2.42863458954996,98.0680659834221
0.0330750526940573,97.2028508148766
0.058046351439538,93.2720888030325
0.074741609309994,99.6775541351539
0.143197775362866,99.6266082141221
0.171141091986648,94.047632726086
0.184163952489773,98.8149035175101
0.190430112785224,94.5128440852748
0.275258017403059,92.4335702683566
0.299389518688912,95.7299538374609
0.372689221170265,98.644671882809
0.373902663036579,93.5108352863582
0.426242352466175,96.8265311668255
0.506652454011606,96.8528808520964
0.513455134117261,98.5645941609828
0.520144489246182,95.3152307484509
0.520951583480658,93.2478927444139
0.543153450490793,97.592356748457
0.567743278853345,94.9525341038281
0.575196091775423,95.8203910583861
0.583563014297969,96.910919035205
0.604912334760702,100.009248805258
0.632355657996308,94.6970660573805
0.657196509801316,95.860165937849
0.689803891423423,98.3977572836817
0.70465855089911,97.0735440646244
0.707892547891485,95.7709704566988
0.827578110643926,94.7576466124295
0.840059008503745,93.3578982000039
0.845507317942312,97.8175611715098
0.887159744771699,97.5368958294528
0.918454641940198,99.160074076247
0.954579519996891,94.4110579411161
0.985378589599352,95.8263602527306
0.990410631974266,97.4480307361532
0.99641229567625,96.27919202613
1.03795256139137,97.5583774766436
1.05812982606845,95.1475974642616
1.07388815437646,93.9697318398943
1.08319179645998,99.3043521433525
1.10738002325668,95.1542597415747
1.12799769047707,96.1653622403595
1.13314567489048,94.0147001941596
1.16761049674866,98.8546075792663
1.17660185819473,93.8932783871541
1.17964765568732,94.219967619857
1.19448557101201,96.0145045411304
1.19990401842674,98.2150097776375
1.20199826761754,96.6848589176843
1.22490192898639,93.2402576313881
1.25401718326369,96.2644222979366
1.26804462722212,96.0517237046665
1.2781591973633,94.7263973718414
1.28993086323766,95.9301903813916
1.2962788657966,93.7013651754652
1.30691583431988,95.0332098131516
1.36416821170902,95.8024985802299
1.37045240304844,99.248833686255
1.3781724032146,94.6178329147327
1.40778225564843,95.1769204056386
1.41260113547672,94.3284732749897
1.42866821587799,99.4106395623266
1.43863385605803,96.8613743266779
1.44636568295657,93.1320440893328
1.4594613060616,95.3513433471739
1.4632915450708,95.7873127580956
1.47703098288614,94.0563703036298
1.49878635070883,98.9235838454665
1.50105296501763,94.6858115581902
1.54714286891357,98.6987514195629
1.55104578437223,97.5756546418439
1.55588146617944,93.6042603577605
1.62392583827691,93.203166884291
1.63605538291338,97.1434230908655
1.64917202075925,94.9476886223078
1.68249565212587,96.9994649879127
1.68885722588753,94.9264922397094
1.69305813635591,77.2662051391245
1.71587268599196,78.259422396717
1.72821513322494,95.2304950714667
1.74397321180709,77.5662277047848
1.75742955249452,94.0134996774458
1.75750992498486,76.7973251283243
1.75790064620484,97.1246444741667
1.75989617485569,98.3997212641461
1.76389141200386,94.2673235016506
1.77559030414427,97.4268778974692
1.77584949002346,98.4059564523255
1.78385937119645,96.229955505965
1.78747898359798,94.0468471295422
1.79252897431582,77.1523185726466
1.79662184404685,78.368608519647
1.7996229645017,95.7909000333209
1.80783071519645,98.0795438738835
1.81222362351599,77.3718673621793
1.82122879630015,97.1317808465797
1.82479318921085,94.7214840694022
1.82632152036006,94.1728714347289
1.83473960769194,93.0269985976135
1.83614758514369,40.9285547888627
1.8429374606965,76.895706434218
1.8447153925744,94.7481611080169
1.84542627845912,77.1645911560129
1.84589866837456,100.107378724489
1.8501670517233,96.8142369104032
1.85737015431552,99.9884561958467
1.86255934709502,96.1061537963277
1.86272986066784,96.1476982661838
1.87927316117589,95.102338872286
1.8803074142787,78.1701348055976
1.8821247926193,94.9981998762403
1.88802798726622,77.3006446535804
1.89119512275601,95.0082067247261
1.89283868252962,95.6559119415221
1.90433104750061,77.1301353189316
1.90506648305518,77.5517812344095
1.90601546370937,96.3144682659255
1.91459780684499,96.7707623576829
1.91696746644823,94.7752259670636
1.91772021138699,77.6134000573986
1.91946969675396,77.5836322675436
1.92455603182135,77.3553320412015
1.93328431084091,77.0401689581449
1.93462209917722,93.3300076906118
1.93739481979176,97.5420183834652
1.94405394173419,98.6728277336417
1.94693008067211,98.0276134822191
1.94995057521557,96.2156063477045
1.95176409417,77.314099309103
1.96259716864992,95.3572085930793
1.96392698119192,77.136605211582
1.966020284205,77.4840127473959
1.97110441353542,98.393375067118
1.9718583908169,96.4516850584375
1.98378345000588,77.8690608705999
1.99620204929784,95.1978810117114
10.0008678199199,84.4940942300556
10.0009114867563,100.438876746635
10.0010191515713,82.5562206884207
10.0024944718141,97.2470738472518
10.0084886364129,81.7331559659768
10.0089619477754,96.5850276294326
10.0148168437206,97.1230433982473
10.0162995729812,95.8614068966861
10.0169111392518,84.4949242964921
10.0179815142143,99.6810971511556
10.0182220796123,98.5537861001488
10.0182269405736,94.8509910193584
10.019256441832,98.0491086864131
10.0204480053602,26.5353510562013
10.0210361466063,97.6976771288855
10.0212393153015,83.0952143245911
10.0222249011776,87.4708069219714
10.0238681192755,92.4673205464144
10.0242897273363,85.3137428342905
10.0244658793953,96.1216580511302
10.0249924102294,94.268632821469
10.0292767691755,95.4167885127351
10.0297036497463,94.3752052619642
10.0313474691951,94.8393521142772
10.0319522284803,88.200012997879
10.0340499566862,88.2581632335015
10.035946271287,96.4225877310902
10.0376756511033,95.6089703337393
10.0411823925757,97.2549318473528
10.0416599801892,95.9105176756476
10.0467362777654,95.7889326281767
10.0474267816676,87.2479711006156
10.0476612448989,83.7905232329346
10.0480435610716,93.7120578554463
10.050219594396,96.4298097952469
10.050820033802,95.3765302044575
10.05109077229,94.7496527556324
10.0528784149801,93.50608664067
10.0553173224267,95.5464945759602
10.055986709247,95.0747789540949
10.0573937566224,95.2864204505038
10.059257247671,94.540157252227
10.0596128235009,82.7754941844137
10.0601717237584,91.9263607708525
10.0607910462601,83.2223384945537
10.065275890067,94.1414749403517
10.0688628885134,96.1425153675598
10.0711733227416,92.6166674588678
10.0714140965004,91.8136865248223
10.0722602917133,95.434967205667
10.0725987216788,88.0665537041165
10.0732975555563,94.3729830540369
10.0736050960341,91.4395738188406
10.0799583110799,88.8196285243952
10.0805439018624,89.5580142269561
10.0839958386346,96.5186643897615
10.0868073808246,84.4541029043972
10.0870192212606,95.5397963062699
10.0882312643746,92.0158794589492
10.0882367489305,95.9003298494579
10.0899034962822,86.848842596868
10.092219249628,92.5424864966165
10.092610028306,95.2548255231928
10.0951697937908,91.524774379783
10.0961846383226,93.7294731520267
10.1009044714714,95.4006064353575
10.1024979475936,96.1364748348687
10.1029036941829,85.2907201156071
10.1046194757721,96.5055057460119
10.1058837227373,83.8667502277099
10.1065204177528,93.2176740692559
10.1065582001659,97.204367596731
10.1089240219918,97.3568419283813
10.1098471384751,95.7973018615781
10.1108849714617,94.1967063022164
10.1132848685953,85.4229175626919
10.1148898099665,85.7142137486026
10.1170141951779,95.42881625271
10.117972142906,96.1718437205903
10.1194759252237,94.7447280499521
10.1197983608743,94.8286828454315
10.1203971125035,93.8827130344799
10.1216288825438,100.827011688453
10.1236349371079,93.2782309219881
10.1237609602442,84.9816398227318
10.1243705320486,97.7306445661701
10.1243936840036,94.503099963268
10.1253791089403,93.9709269060179
10.1256955803818,96.6453652378641
10.1260254820735,85.8111926400626
10.1265055150049,94.4669868155317
10.1298580438516,96.1801411186436
10.1319383979318,95.9490582734303
10.1321823993347,95.4489319104651
10.1343262219704,91.8271942829606
10.1344742629738,91.7526833210226
10.1348143824145,91.3985239690934
10.135769819235,93.3750636242231
10.1397440929295,93.3376391793833
10.1399849268387,96.0808124597694
10.1401280976988,96.235781975853
10.1424563095509,92.1612245583571
10.1443183467091,90.8708756681013
10.1455715339727,83.506240533725
10.146101060094,95.8069382958616
10.1464110415081,96.1935995611954
10.1469357049102,94.2238994676155
10.1494962216718,94.5750136664359
10.1533258538282,90.8762520577865
10.1543739948907,93.3057981816504
10.1543903919578,95.6641403273474
10.1552253689389,96.1019967878606
10.1555112765566,84.2382965822039
10.1582098330604,94.555339060258
10.159585407364,95.0586968759748
10.160218146734,94.5726258497022
10.1604574018885,94.1879682711558
10.1625629941794,97.8603817948269
10.1627442858254,96.397140144852
10.1632246001737,99.0977982738009
10.1636498547911,93.4828219404591
10.1670632859827,94.7613178689564
10.1704393496532,95.8351344196004
10.170604387452,85.6904382154395
10.1708511437839,92.3107724556578
10.1715846604785,96.8404224479449
10.172168491014,95.0531998770337
10.173253792757,94.5839281857345
10.1734765032601,94.8387950295425
10.1740041966893,93.0333045236983
10.1740853450977,93.72339170563
10.174946861466,97.2559724150822
10.1751217725881,91.9505146034771
10.178764645058,93.4313672238221
10.1792130908049,96.3759855037932
10.1797750926671,94.7821969227894
10.183984757009,79.9825110352615
10.1851654665247,95.9752875101171
10.1854615883212,94.2573760522943
10.1857064188806,92.6182985913807
10.1858446351127,84.0981350678842
10.1885153091359,84.5273627946107
10.1908170256329,93.4564705531974
10.1909939248488,81.6407622892121
10.1918887760827,96.0961363576254
10.1945357249864,92.9129007275931
10.1966788054851,91.9136825678854
10.1972523039845,84.427813808055
10.2008175183864,92.8313381497108
10.2019793056218,92.9093507789456
10.2027320766198,94.4378065748881
10.2043250840269,84.0616222732915
10.2045503950864,94.9289647617862
10.2084627350492,85.2525694010701
10.2105957759956,94.3492072944267
10.210854294091,91.5392215276748
10.2134745740657,93.4053005814561
10.215166009252,99.0641780020357
10.216629770327,96.8370011042755
10.2175904208977,82.0572782913443
10.2181539258512,97.4128009005557
10.2189028765347,93.2901082146522
10.2200330418691,95.0963641067278
10.221024368437,94.2654254687726
10.2253146012468,82.8410330888406
10.228618222292,94.0218279801687
10.2289220623879,95.5120716817224
10.230787572694,97.0485945680962
10.2309222485021,82.436939277765
10.2311782230218,95.2521517249807
10.2321437142543,96.9844842451558
10.2341963679524,97.0882745760435
10.234261001282,97.1518244405755
10.2416633964442,95.4282450738505
10.2417423494326,96.2950211563797
10.2423246630597,95.1448038009109
10.246797858165,94.6157291601959
10.2472028879206,86.2415849488608
10.2549852090134,83.7330796522449
10.2587020819467,95.1132462343403
10.2593394661091,95.1749660378905
10.2632283835584,94.4459747724151
10.2664577510576,96.1013921016769
10.2666891123481,82.8724999529413
10.269550704477,94.6225451471661
10.2697043700343,94.7163687694917
10.2716915170678,84.0439885925917
10.2727446232653,96.7904463659183
10.2738385016926,95.7435348969968
10.2739382205014,95.2358802515987
10.2773405057933,84.3382168303582
10.2795924681205,93.2458009172729
10.2808088563877,94.550972828925
10.280925845819,86.4030940886566
10.2811436080343,83.8715851799164
10.2823489306087,94.0822991602197
10.2824400547392,96.8217158030698
10.2826704392151,94.655031616453
10.2843317597216,87.3237629773438
10.2862673788289,96.2172640173595
10.2879383419404,85.4317881170026
10.2893457448389,95.1025838372505
10.2917892210774,91.0568167902618
10.2951744365962,98.507670185522
10.2981844069833,96.5928550334263
10.2993015989856,94.3145353185785
10.3037447412344,83.9972514616102
10.3068144802319,84.6364538597726
10.308398451458,95.0353651813145
10.3103579114301,87.1058837560957
10.3115796470446,86.1636346808679
10.3137614910578,84.1775921214085
10.3159128729724,92.8326703443835
10.3196830559533,93.0719007789316
10.3199027578635,82.484561172274
10.3207142772047,92.1449557725567
10.3207695042635,98.0982230900962
10.3218235127341,85.862314917857
10.3256686601859,93.700932082249
10.3257166088407,84.7358848128712
10.3278311099791,96.1397392433547
10.3294254212916,96.5650629738193
10.3297312599882,83.3351163737174
10.3297981435611,91.864224902768
10.3313176942941,94.321141170679
10.331354809398,85.7803806735562
10.3318074008816,96.4122298944172
10.3332987508236,97.4549830918331
10.3347656033388,91.7673426183023
10.3359117708359,95.2309855325643
10.3367401095934,92.8148311144933
10.3385479851397,95.6074419276549
10.3393095834392,97.3906003753424
10.3403480259713,93.7263346003048
10.3411431664518,92.5202791616405
10.3424458946622,83.7339665447263
10.342459481735,91.1115772054501
10.3426023416033,87.1784959107202
10.3449302081894,94.5715255781629
10.3460797142359,96.0616161510378
10.3475546367176,84.6102097184778
10.3506715558697,96.4570329936853
10.3542731706153,95.7555014820998
10.355807066896,95.5528910924215
10.3561270304801,88.0533105954076
10.3581428285559,94.2894358434256
10.3592110978981,84.0844284281438
10.3602768697373,84.1653114105443
10.3607034136762,95.1862714704162
10.3609959119885,93.0909800309202
10.3616080207482,96.5571141673967
10.3619914905037,95.7955875207031
10.3662153946435,94.6456650600625
10.3664951010709,90.8372619707422
10.3671452073582,84.1069705921039
10.3722726297665,94.1130233367159
10.3722865545027,93.1822054960788
10.3727218834177,92.4483869830442
10.3772412362033,95.5546952966452
10.3828424648281,96.9333993226541
10.3869250106836,96.6355628476202
10.3895923179931,90.237720280609
10.3912045845393,94.6103245884129
10.3922090437339,95.7501509389166
10.3929131992157,93.0103625452354
10.3934344110465,91.9990249156362
10.3936773647043,97.6980923198543
10.3955802736951,84.5965722734427
10.3980084102971,97.416744991439
10.3980309561659,95.0506538036901
10.3992776619054,94.2757293251601
10.4008954721308,93.73450751915
10.4013855207418,83.8558034428967
10.4022675236471,94.3637503945745
10.4034162844163,93.8709188602729
10.4036339459364,85.013038394671
10.407262374592,93.9222309422808
10.4078611526361,94.4220141045851
10.4108317532541,95.9329759622069
10.4116986380962,94.9483940294742
10.4138119667055,95.0929107296085
10.4140593259767,86.5483768648005
10.4160751699676,90.0693633065813
10.4172830071493,80.6378460632612
10.4177623284608,94.2267662012737
10.4183763885539,84.1217439768551
10.4184718356371,94.9855249638262
10.4188085931046,86.2570336948014
10.419834275171,93.9068729151669
10.4221053258943,94.8369475187416
10.4225416673542,94.2826661951004
10.4226319798167,94.9401027765031
10.4232812360462,87.9941321682155
10.4267427628843,96.0133207329914
10.4272955621225,87.9035819665094
10.4300450831575,25.8598824644792
10.433256281941,93.4337185997572
10.4340669450834,87.6394068209106
10.4373519323029,83.8926212605425
10.4375123664766,95.4809745763106
10.437995138759,91.3048644775073
10.4381665840959,94.0999251124838
10.4400373848907,85.5500038001411
10.4425283483263,84.1289080245141
10.4431624534239,81.5957288120657
10.4444032805058,92.4361597529783
10.4445344815715,93.1620786018091
10.4447194992614,93.7613267151195
10.4449611102395,96.2714124299546
10.4454834451994,84.4000691005639
10.4455402072835,83.667375685237
10.4482855706465,84.3836738242142
10.4493163304402,95.5693036241228
10.4509088690216,94.2746411414193
10.4516713828567,94.838796328989
10.4520076003787,92.9741879769247
10.4521155678963,96.0903783028553
10.4521197356975,94.9857950267655
10.4544199186661,82.9824294646682
10.4561232336583,81.2452724553814
10.4569160743142,95.77370010407
10.4603769728322,96.6612177297904
10.460654076367,88.2843066342015
10.4610019924203,85.0679341341231
10.4616698072265,84.4013897871595
10.4644047067233,94.2253258742709
10.4654323617467,86.9606158209696
10.4655487815526,84.9212045793924
10.4658185301665,83.7411468787053
10.4693207522756,93.9414953751018
10.470239871993,95.3693649524611
10.4710076259879,90.1715230692964
10.4713748634057,97.9179094685254
10.4731772869183,86.7468415116626
10.47443238981,89.7558206157155
10.4747435059085,96.7095230301746
10.4752740934307,94.8502758913384
10.4785852442574,97.9994485232314
10.480190972589,93.4139883983759
10.4813738224982,98.3445250936177
10.4814872458477,93.563561928783
10.4820202294385,87.9713762414755
10.4843573311569,84.7939971096396
10.4864384521009,95.6524094925269
10.4884174370134,87.4383356479626
10.4894069846578,83.5967704834892
10.4898909916062,96.0609060639803
10.4929687687641,84.4359866921225
10.4945130812468,93.2451329047243
10.4946362095427,84.0671050452251
10.4948271939949,85.4728411704283
10.4982459485604,84.9082379778526
10.4995983573787,86.660675141389
10.501931416613,95.1926461987278
10.5042384490751,95.2018106171605
10.5060345874982,84.3362940952409
10.5067466450584,98.0255793744211
10.5129901970074,80.9235657695103
10.5131189771925,94.6041977754519
10.517661592578,96.127522999253
10.5179386395934,95.9553000477314
10.520857113006,93.0972170334048
10.5217901706588,83.7311361681101
10.5225836679316,94.7247357606145
10.5228286275972,83.1856283640032
10.5269096914489,96.0622767067062
10.527677827931,85.8691622257083
10.5285241173279,83.7141554219474
10.5323067471491,94.7316363189058
10.5351894742431,88.4786758424905
10.5413769941548,94.5697902858627
10.541741321038,79.2512662645602
10.542265543275,86.4206528538577
10.5436810311948,84.6362358965459
10.545295441624,98.6004461297043
10.5457378338966,80.104402628147
10.5494116961659,91.3338970727101
10.5534268349826,84.5467401517177
10.5537897057406,91.1892723215769
10.5552230709269,96.754863032171
10.5560594091254,94.1245497225196
10.556606179264,95.9232131805212
10.5583380153906,84.3646660921246
10.5583452720975,84.441728565962
10.5606448377584,85.9528979393455
10.5628431735669,84.902908161635
10.5633103991561,96.2509058440393
10.5638058117857,93.6291564474062
10.5644525081614,84.3432496188807
10.5683890845347,95.3642641504597
10.5685313489272,95.5077780325901
10.5727527618868,83.5920986424622
10.5728173232102,95.6980892677118
10.5733297549165,95.202315707428
10.5738264837257,98.9915882057698
10.575535147854,95.2701503457443
10.5779395194762,86.5850037325976
10.5791753270942,96.7386110442893
10.5804407100492,94.8914615029342
10.5811109235885,85.2594677779988
10.5892771863643,83.4751708486131
10.5917626088125,92.9678422476931
10.5920222145204,94.2619010001407
10.5933093829037,94.5074978651765
10.5982173210738,94.7663537135657
10.5999043388371,88.3188827683908
10.600548996674,85.316808125863
10.6011864807377,85.730171258345
10.6027096528838,82.9240837140572
10.6030689178199,91.8666491098022
10.6038784682619,85.6843576579863
10.6048548182732,96.1989137144219
10.6063719679655,93.8993690915151
10.6070140314658,96.0976664551979
10.6087932508283,87.0994993508269
10.6095873227865,91.7716650598052
10.61724914999,97.7680156126631
10.618053106822,93.5014595314147
10.6181720600992,93.5184374686184
10.6186042925952,83.782056352712
10.6186181327009,83.5052561643349
10.6233022747321,86.1331346069177
10.6239315236048,96.762772741249
10.6240838968457,96.7895369731044
10.6245200412606,91.6870992462422
10.6248449794598,96.1365414819862
10.6261629650186,96.7197318024626
10.6271976821192,86.9951944990215
10.6277113423625,82.3085061563075
10.6286068327932,93.2086139917399
10.6288753249752,87.6100265110877
10.6316921560271,91.1171745317552
10.6318958781455,94.2083412998123
10.6324591269269,83.7544437732352
10.6338050512185,94.4091994186813
10.635097470136,93.4858843826031
10.6371265117993,92.3456389684326
10.6396132145496,83.9255152918464
10.6419215625756,86.0618943952008
10.6437250713129,96.8407498066417
10.6482131629196,88.0422419367056
10.6492141406216,93.4961117968731
10.6500672999547,93.6833587673159
10.6501500149076,85.6146432294274
10.6508275137016,96.5659010727178
10.6522145255415,94.221056064712
10.6524172593964,94.0799203481666
10.653523338618,84.3032460965719
10.6536407618772,83.7860394987041
10.6541604331648,90.0317522197953
10.6575178270864,78.6484684314548
10.6577024244406,97.4321475082901
10.6585451302133,83.3732379261516
10.6608588280684,83.1442779555457
10.6614701308777,87.9814601783279
10.6615168414769,81.4581636956501
10.662696130053,98.0314993258751
10.66272740905,94.8197365052421
10.6641603924061,92.8766582415081
10.6649556131849,97.1407387539153
10.6650434342855,86.8223179651758
10.6671589475771,86.8111764895503
10.6676492127758,83.1496320018639
10.6677600232872,95.1478742942054
10.6688915166437,90.7643949962539
10.6692150591709,94.9535285533617
10.6706249680851,87.77631115175
10.6753625869059,97.0844956325416
10.6777481638824,81.8674120786892
10.6789429921063,90.3511582773175
10.6875365005765,94.1012096434299
10.6929178092712,85.6764220551092
10.6939336154995,86.0942635705284
10.6962557096737,93.7143782613902
10.6990459885734,93.8512684595283
10.6992760348734,95.8482925965999
10.6996679528499,92.7547633037146
10.7074771720942,94.7842192806124
10.7076244038112,94.1845458957582
10.710439938529,85.008376765432
10.7111103559461,82.8571268826506
10.7111531384686,94.1156631955839
10.7115265598192,87.1048875492737
10.7116773148713,85.8362676824
10.711922030062,81.7433636492961
10.7120422389361,94.6243003948156
10.7126851217321,92.1927993248325
10.7146159027655,94.2627263518623
10.7146883490505,93.2930572165728
10.7152041658418,85.2081176745998
10.7184134804614,83.8022720538362
10.7217882441926,87.7898523662744
10.7218172692737,92.3948626066015
10.7224596182559,96.5382056183543
10.7229589504553,83.9042352206668
10.725395270106,94.436282364024
10.7291400725417,98.4632348937774
10.729913730826,98.1082697211681
10.7316316118498,86.1761468611808
10.7323360184016,84.9848422070055
10.7330710886688,95.2603403703982
10.7367231180396,81.3013618003234
10.7387986154643,94.9317902682601
10.7394155644566,82.2009558248471
10.7408215047874,90.5903464489854
10.7428693801412,91.2791092375467
10.7439847857503,99.9531229095869
10.7462464412397,84.2642865994626
10.7487816884561,83.9933222301557
10.7518511448187,96.4892443619579
10.7532819340465,96.9228204183344
10.7539212401205,80.2263679991213
10.754491230097,96.1486953375169
10.756246865546,85.5615966327003
10.7582327888638,93.6710765778199
10.7624576037766,95.8524540212669
10.7631905912735,95.432952122434
10.7636992709435,96.4254857650028
10.7655724633052,95.4605188054518
10.7657723739841,85.5126565330153
10.7666833847389,90.2771619730264
10.7692349485182,90.5150596679537
10.7734269463117,90.6019616827454
10.7748187443492,99.4884677247905
10.7753614438619,95.6436355791933
10.7785354700172,94.6309764074839
10.7825135726636,89.6816903773931
10.7861715640266,94.9018512828659
10.788896818116,95.9702410351326
10.7906499244326,83.8193866038397
10.7920163163905,83.8014337415401
10.7936480711338,82.9006435729341
10.7958983558814,97.4743729477964
10.7960779163311,96.9050717055426
10.7996852980549,96.9487491599132
10.7999190272335,84.3256606043458
10.800104171744,96.5583125868551
10.8002903290587,94.1205047655869
10.8018414838485,96.1357272759811
10.8029918170648,93.5003179760401
10.8042954906278,92.2713250717029
10.8073789332895,97.1737610507646
10.8078041971498,83.601828738068
10.8092635276207,95.1546385569386
10.8100825869561,95.7586755605171
10.8109052029508,96.8023518040779
10.8117411813881,85.600989541715
10.8145751170499,96.0515880436696
10.8146576654793,94.2956799884512
10.8155586801844,93.1346135269078
10.8164947234306,95.1806864480308
10.8210222809281,96.0059115437018
10.8225035411932,93.9059014949896
10.8228845893181,25.8302090379313
10.824619644613,91.2990574359408
10.8283859914661,94.5621278566134
10.8301396711386,86.0653124072958
10.8308597930098,92.8802726474254
10.8342613779414,98.5947268848114
10.8344708060355,94.3858963508595
10.8365084063247,84.207652897202
10.8369170758507,96.138505418953
10.8389460147057,83.9013936419284
10.8391307366283,82.2790252586225
10.8405019613665,94.1560241011822
10.8433844956401,97.9622685695403
10.844109311895,85.7405314285636
10.844179257792,90.6999052168265
10.8454313812178,94.9909755829122
10.8468092533572,84.4393968115385
10.8526072837748,92.8354532646979
10.8540829232493,92.8311713561778
10.8576846435545,94.5292813216902
10.8598288253127,95.9976887554239
10.8598641220446,83.0301225227661
10.8603069926633,95.8491746284211
10.8603147468722,94.2373013992279
10.8614471674651,94.2626966352879
10.8618812686491,93.4073983459414
10.8635663719808,93.8276921220467
10.8661661648347,95.5239001091581
10.8668750075739,88.2542090929043
10.8687761703347,85.1062014843118
10.8697859792352,91.7350623804471
10.8735425018251,93.4239277355173
10.8740387112809,96.9524645424864
10.8784217242475,93.3457868839078
10.8789834782918,84.9013748664495
10.8816045654587,93.7064419848166
10.8820208493736,97.1809245246429
10.8828435732498,52.063359675551
10.884586707282,86.3112993236109
10.8883967470213,92.9926141898917
10.8899549681448,95.2148286770757
10.8939672320118,95.9382093767528
10.8956688738101,91.6670583179832
10.897482916749,92.0324288213132
10.8979678935387,86.4583149159436
10.9025002613414,96.5210449238743
10.9057748303346,83.3631206450088
10.9074284734993,83.1095141627092
10.9077654618808,86.5072571569129
10.9087681438136,96.1023091609843
10.9099794737168,81.1216927768108
10.9116590479707,85.0844624771038
10.9152465602087,96.2144983032457
10.9153049529247,83.9957350011711
10.9168678254445,97.8561939733804
10.9176016288315,86.1407698291628
10.9202058499566,95.3900399216319
10.9204851867861,81.5421607006037
10.9208797215285,98.3064331576814
10.9209688431484,85.1531291056606
10.922446555588,93.7660093244588
10.9233899823579,85.0962389506697
10.9256841535297,94.7844625798114
10.9268434984319,85.0406054829757
10.9315446428934,96.2963185826619
10.9316820421275,95.1003550200254
10.9365067344793,81.6380106127152
10.938827457926,84.17218527492
10.9391191345687,93.0790516829668
10.9462696194657,95.7797175061278
10.9475212341787,85.4526000450264
10.953160577276,86.061021336437
10.9556433507039,95.5440450383453
10.9573671486066,86.5930153717489
10.9599010794382,83.5146557346547
10.9623334291437,98.3345037866149
10.9644021029299,93.7625816250909
10.9664992399502,94.5030159774545
10.9672580853457,83.5830720184331
10.9672618747326,94.5408267300227
10.9686236434032,93.8368564342433
10.9733019676738,83.0029419285487
10.9743420889697,93.0060959643897
10.9745052705996,83.5609620380727
10.9769835080907,96.528351143535
10.9793329460057,95.0185312565548
10.9829924128364,94.8389972339247
10.9865664118931,86.5537085799239
10.9866119682274,95.0710300957942
10.9912787644406,95.5989478351067
10.992096295944,94.8962549644508
10.9940540238218,85.0060233425076
10.9962787554256,84.0661726106273
10.9989232196481,95.721195692751
10.9996212879394,79.8650742345371
10.9997721181184,80.1051856120876
100.00652593138,41.0608296479796
100.008080011045,43.5188400853952
100.011669556183,-0.858882761446977
100.018668761977,46.1775997169751
100.023409405735,47.2461241421481
100.029532559598,3.39182378015737
100.035095268384,7.03600031401292
100.040382401165,98.2306394833478
100.040424646382,96.9486682784167
100.040641220527,2.77301438363967
100.041683168737,34.2216958100224
100.042292771195,20.644166133152
100.045101295312,69.607911424847
100.046916111812,47.8179845857113
100.047283823285,44.1691072831964
100.054691049047,47.696462747925
100.058313831501,44.7087835213027
100.059183932684,42.6061892018061
100.06375836858,42.2032032229863
100.068452834681,42.2364678837173
100.068775055627,42.5217300312745
100.069969745272,2.77726030652273
100.07581641569,-1.46620620320838
100.077425623366,94.9361350480741
100.078404073042,42.4369814365001
100.078472991989,59.3404780379515
100.080594756459,42.969647166454
100.080740288248,37.4757364004841
100.080809370791,44.3490875981515
100.081288861819,5.10039985426811
100.082791543595,45.9931645374681
100.08384913585,43.5572057831966
100.086542349501,98.5383013166581
100.089124960996,4.08791340529778
100.08957786796,45.6962656559091
100.089627188859,43.6824914759044
100.090363540627,36.7745057855899
100.092268332777,36.8772450000637
100.092804108497,42.9253303128522
100.093917366507,43.8215633532963
100.099206541606,17.5150591956337
100.105092841654,43.5260713472845
100.105294055493,45.3145712067598
100.106369953556,46.0827535499988
100.127482434755,1.26428771727099
100.128267839188,41.4299878586916
100.128603085327,43.0017185307663
100.131689961574,42.1439494760478
100.133230482573,42.6812082077956
100.133278484644,42.0885667806
100.134946273586,35.2612232592767
100.135479666621,45.0718407527403
100.136552430312,35.713023287125
100.137656481138,34.8491556521217
100.140507209432,44.3386304247528
100.142024163335,46.1295190378474
100.144662277752,21.8900739085649
100.152422556068,73.1861885848119
100.158648668738,36.1390336883462
100.162726113235,44.5083148955497
100.165015528379,47.9488349527261
100.1796780491,38.0359968874647
100.181910340879,-3.455291971305
100.183866855721,42.7000809480293
100.190034525682,-1.48651650991303
100.191033559274,1.32024938045364
100.192076357284,31.1091452578872
100.196082505899,35.7697285013079
100.196423154875,40.5988070966036
100.201561426852,38.8761754980501
100.210694401856,44.660097320742
100.212049379365,35.4664644068169
100.212110853394,35.3069946761824
100.21458906729,44.4786735106047
100.215567193581,44.1566625885156
100.217461762951,4.91028843737864
100.219024491337,45.3309170608794
100.223172077808,44.8561668020011
100.234895709306,31.7567213200595
100.235298206992,35.7676094268932
100.237084783527,98.1078360401617
100.238540641277,44.2615568825256
100.242374298394,4.70990843280772
100.244680326876,45.7690430382567
100.249536750482,5.01182538879111
100.250352445831,41.8421917094655
100.252031906106,-0.641354675202481
100.253738868598,39.6926545238659
100.257212735621,37.6845720242742
100.261386919269,44.5122908093278
100.262699799197,42.264429863281
100.263002625324,46.606980192571
100.26541029736,45.8866751744142
100.267830589616,44.7849221289774
100.269992430426,41.853544703113
100.270554042724,36.2800527801958
100.271111594069,32.9841353980269
100.27220660087,45.6120279185729
100.273101237552,34.4920705638267
100.274488162873,43.9264680143093
100.276822140918,96.8483866559076
100.27716555277,46.6805457026041
100.28398490847,46.7412273502511
100.284564212893,-2.80271023743112
100.285075367648,42.2628519462821
100.292486858124,62.4248187707295
100.29298360897,63.0294350248739
100.294973371429,41.3209347789914
100.295208127685,0.386721064589395
100.295349528703,43.4869287968714
100.296048982485,34.571283107472
100.296502093179,38.1911220889692
100.296830927915,2.47174493058085
100.303378708041,33.2899907872496
100.304513661701,44.1441330230822
100.306343911371,44.8776393820339
100.306957222852,45.6962992367354
100.311590214565,44.1175522175842
100.319166926189,35.1340926863431
100.320668537811,0.366470486223823
100.320811651513,35.5522551445689
100.322536948394,41.6908137697867
100.32390987109,43.6624891159373
100.325753309371,45.4481301287881
100.327450116588,2.47698258322422
100.32977890644,-0.772962097492015
100.334711755501,43.662428747957
100.339735601656,67.1777736357914
100.339798896571,42.529407619264
100.340820418608,44.1245861076187
100.345446227734,41.8959934297446
100.347312229341,36.3015080672985
100.349344419792,4.10648994223241
100.349982086279,38.3864467172633
100.360341614268,48.6763526930097
100.361393784809,3.72837908258599
100.366532229097,-0.571458311525386
100.367407206462,19.4851571787946
100.369126290518,35.613896478879
100.370985972621,42.454540682406
100.374150581979,1.32378685464561
100.381687820656,35.11950903157
100.383449372337,39.0932489525814
100.386369198487,45.1649552004577
100.389331660206,94.6510840578152
100.390283227068,91.7369685513012
100.391453394597,46.724419216606
100.392051037167,37.1244211151893
100.394334047726,45.7194632208236
100.398104648411,31.0799835771368
100.403224333931,47.0657705410338
100.403299122808,0.137721710535229
100.405031275636,3.16124091511231
100.405138457094,94.1812127748744
100.405169866856,41.1038316910906
100.405685187674,38.7795083320742
100.409600996375,47.5975477015104
100.412774194942,43.0288414831572
100.413663196852,44.9007430299396
100.420102401895,44.0255470516323
100.424611628652,43.32868244283
100.426739295262,0.858880816796084
100.428273679573,67.9026563083516
100.430141787692,42.6279885536615
100.431014384655,45.5666539868895
100.433270422412,44.2291567785758
100.435204617455,5.57386268968478
100.436626506237,44.2565680113981
100.437107706825,0.352302670928961
100.43861960033,43.0467051742573
100.440566670639,34.1966315798114
100.445679279755,46.6245197063501
100.451702194832,34.6277883918644
100.452013828346,38.5483332978606
100.462675833704,44.8321148672012
100.463733969557,33.8085901257552
100.46509555887,19.4869304159096
100.466706260726,40.4172757058882
100.467341464431,6.01201043628538
100.473730829787,38.7566799630951
100.474577998403,46.1568827420253
100.474956057366,4.92444199122421
100.475613744093,45.1883868447694
100.476141966845,43.0588464177474
100.477359971973,60.5026902018819
100.477752068145,42.3016025950169
100.479357192088,91.3064456556561
100.482993747037,43.7857768124107
100.485566990719,37.8469499331972
100.487918041374,37.2966429115507
100.489714246929,43.4567683020486
100.493367416352,-0.0266905057608147
100.498496693182,43.5810093819419
100.501560108621,42.3828646180274
100.503469754918,63.5629030691587
100.505270716425,4.5439487840645
100.507087906197,21.8235372153948
100.508285164124,37.7090155088468
100.510348709532,61.6708160922644
100.517215068058,72.1749296063884
100.52209040005,5.38869269065935
100.523033308029,6.66526790763534
100.525219321175,65.1296503590999
100.528243870348,3.56264180733595
100.537141021482,68.1317312919226
100.539860140575,2.17462526140228
100.545586501196,35.0851385756807
100.546641145232,32.3617915382775
100.547184899902,33.2971787428846
100.547571452136,42.883465724071
100.549081646677,33.5613182122551
100.549544603597,41.4890572803748
100.551172453454,0.891682163238523
100.551781688964,46.5727490869139
100.552683027158,37.3590307683103
100.5528943925,62.359812317858
100.554366289977,95.9500614431034
100.556486737473,36.2775375332741
100.567146139228,45.3185323052867
100.568473644838,36.5434733241984
100.570323109408,5.29880362545143
100.570589898547,44.2113782894656
100.57365535279,43.261004695245
100.576530095355,40.9682501481169
100.577755572279,44.5273440043189
100.582310405357,61.2561136004856
100.583231214561,48.2190827841988
100.586425415752,66.7168468670558
100.588458720342,33.7675024221195
100.588869258573,33.1000350159516
100.590744182269,36.8153661763463
100.591899416613,-3.26235055033394
100.594138649517,45.2763673388374
100.606695072032,-1.91987141581911
100.608049515977,43.1105198290205
100.60973806367,36.1522660740987
100.610920914512,44.7213433105484
100.613804906299,39.3092592393091
100.615411941052,43.3545396414679
100.621148478567,6.37133927644938
100.62381449705,0.670415945019266
100.624022995596,47.5134094633925
100.624281593717,-1.16969947269914
100.62493147672,20.1524684755421
100.626101746051,39.0507755955467
100.628552955037,2.37151624958005
100.635327736853,42.5820709366279
100.635766765883,46.0262401873541
100.635821797366,48.2176736320079
100.635970067579,44.4581175310397
100.636108561954,40.2937311302143
100.639715974891,60.8554903585745
100.640125588237,42.6687440343248
100.646139269322,38.7393482825189
100.650893992776,44.0753378645886
100.650970069783,5.34206361155263
100.651234574404,0.98241282446136
100.652698201487,65.0705722045455
100.652878503505,43.8833947837365
100.658774761076,63.2070922310027
100.661288002168,33.000613882163
100.662205824452,41.6095248418226
100.663835183604,70.2203552335521
100.666368619518,37.3760705461291
100.667768211153,39.3318628611862
100.668300350535,33.7129004387342
100.671092455297,44.2639202922011
100.6738840501,1.35955423953658
100.675455387372,45.8613401115123
100.679425760938,34.8769293277826
100.680084840758,1.03053408707238
100.680516777679,45.1565735762553
100.681410755565,45.1116891580439
100.681527519481,38.8837405624301
100.682150808151,41.2952546191658
100.693675577906,44.7816675139409
100.69390534013,1.40116299487723
100.704665389592,45.6340639549544
100.708844214662,5.43617633082517
100.710388607189,45.3421267612648
100.710782069252,42.0089420584789
100.713160261305,65.7997310147391
100.713348320526,45.6835182299503
100.716535224881,32.7137380232933
100.719361775207,44.6763514853765
100.720480099501,45.7964721095005
100.7268742057,42.1607948033862
100.7315230538,45.8352522839997
100.731553965919,44.1125901243878
100.731654261184,43.0449177754658
100.735558009421,44.6742460472912
100.735752545887,45.6273680999943
100.736755215359,33.7862388806262
100.737086474327,45.0124587602337
100.755042906882,2.58538827436631
100.771460658391,42.213015004402
100.780048688497,0.469274979593887
100.787577480176,44.2666065196056
100.787886014053,1.96903282583819
100.792255616058,44.4517793329544
100.793587220283,44.725586008081
100.799418050796,36.4844170378577
100.799586692082,2.17706637233309
100.800600963722,44.5739267025995
100.802520387368,43.408455041095
100.808066734023,-0.238525477056066
100.809127581409,43.0803426912255
100.814384732788,34.9911026002063
100.819731384335,31.6673279092478
100.82316391946,43.0009984381093
100.826813612897,33.963850949523
100.830984108489,0.194839146183026
100.833447311098,3.84990817954424
100.841861842104,68.7582342894687
100.842104918935,69.160602211894
100.842599457628,47.9065326309101
100.84705664656,0.751433864799137
100.853696668206,0.467250523281811
100.853997384757,-2.51168777809168
100.860028281466,-0.650284426747862
100.866103288779,44.037358507246
100.867188098347,62.129715058375
100.875570553404,37.7948223174783
100.879887095679,64.5374593476128
100.882184919366,6.53528764106027
100.883146168734,43.8113199102138
100.884326597012,43.8630078284319
100.884958358207,1.10486228580019
100.892922332986,43.1024229552708
100.896247203899,2.6288396608967
100.900277014495,1.57321317601997
100.903624097431,39.7761724359995
100.903662010086,44.9762165070958
100.907809874455,44.2460407072608
100.916330643084,-3.22868091719747
100.918926633997,70.6151374169743
100.926337580928,44.8810015913376
100.927541763232,39.2339937517949
100.933690781792,42.4003993359365
100.933883687938,44.0205611857871
100.934282749664,43.2364999663163
100.936530880811,-0.769807268665102
100.940462774241,43.2970735175805
100.942209813783,28.8875544638046
100.947709891195,45.303685804233
100.948078087498,99.634407767982
100.949783960417,6.93648294831744
100.950970909683,33.4326970504518
100.952734989076,3.28980004455211
100.962545845525,46.5089975206004
100.96382198655,70.4638482940058
100.967730124958,31.2350216827016
100.969118301362,35.1007384352683
100.969514707944,62.0131881140558
100.970167306627,39.0491270416147
100.970617494736,39.548105162037
100.970807951452,42.3692752111845
100.971095673738,31.2559941842327
100.971451548157,38.3540190476221
100.978979879816,95.032447268338
100.980420038961,-2.46040444595678
100.982453151692,44.0593755377977
100.984460338079,39.2771427091525
100.986833988795,44.3206058186896
100.986998965717,43.9581764580531
100.988969595358,30.1999475591599
100.992145758947,34.8153589534836
100.995083071093,43.5882053029966
101.003872335504,41.6301461309884
101.009237320286,96.0446682924528
101.009261208869,36.5714508625697
101.010291324938,43.4398966980028
101.01523762565,44.4637634872328
101.015612210843,43.4502769173195
101.02166036546,-0.0436506296743875
101.023553867851,37.4420909940546
101.025985803957,34.0563132535014
101.032808026921,0.121896385963901
101.044088896048,45.1768203160545
101.051292194098,39.7564151861624
101.054340331124,38.030155183915
101.060282050508,2.25924165611266
101.062360287395,43.8550393778149
101.06425931008,2.93940322852915
101.075203125808,-0.428226075308053
101.076989796285,44.4034832813325
101.080425549939,41.5719577128614
101.082153208369,-3.18465571452746
101.08461953905,0.12212336981239
101.086628795369,41.6089679575244
101.087631065837,33.9189858091155
101.090827257041,-3.2932557936467
101.091749824315,34.4660539263545
101.093997602671,40.76846792616
101.094354276001,40.8303640630165
101.096638030447,38.3363068689885
101.097501248959,45.6829174337603
101.098721130494,36.0305335156762
101.107010449472,35.2064788043486
101.120319260407,47.2971165397413
101.127096669853,42.1587255458461
101.130609503958,0.816171012639582
101.133598565659,38.1626154935164
101.135503050745,41.7495883528705
101.137680404311,44.0579930267197
101.139113808382,33.3877269912022
101.162828213109,35.404581052098
101.163945717772,45.3325130384324
101.164807420141,64.7382408468983
101.165078715585,3.1530759841575
101.170989701703,34.601274241048
101.171254829073,46.9077429354435
101.186413687223,44.8583221470177
101.1933089013,43.2448895297545
101.19508314957,42.910498155216
101.196914768994,36.9620205165391
101.197648062629,46.3434563429771
101.198479696856,45.773392764017
101.198881587653,18.0819614168116
101.202710232387,36.3489603865985
101.204054643436,45.6588066794714
101.204646406955,33.109594017911
101.206572813041,66.4870542112677
101.211794247309,42.6411322945612
101.213883590722,41.7621002469673
101.215727705164,0.993511172538442
101.21752719067,-3.1967243516128
101.221644487068,2.75186116169563
101.224646142013,47.9444727368009
101.226515038394,42.4727886099433
101.245536887796,43.4334206882518
101.255018253613,63.8794906198529
101.26015292296,45.0579352969416
101.272667393513,43.3783369027908
101.273324971917,2.03699563709625
101.274701530221,41.7095942860658
101.27743593289,45.1051563152691
101.278459308061,41.2586199583641
101.279317083776,45.4006027744605
101.279962445239,41.2832656872744
101.290627001439,43.3265267637871
101.296265742674,44.431132721095
101.296931542254,44.1519874487319
101.305581823108,0.718112376181356
101.313614108072,41.7304512793344
101.317336392314,41.6714766495653
101.330812990714,45.3521386701508
101.336228819658,42.9719077337493
101.337171255084,37.2741398873097
101.344855609269,37.9565672410183
101.346506920517,-2.85133573155083
101.350003565808,46.1306318093386
101.350239349181,33.6089745728284
101.350855424471,44.4620182793469
101.354161924077,44.8193222346951
101.356199737894,46.3162284130909
101.360334498822,43.9704527847875
101.370817153378,58.2896379022021
101.387484991052,39.5025665677445
101.390175917407,65.7538015188639
101.393189353672,43.6339057973626
101.39958145884,1.82838853997106
101.404447950416,44.5517562114606
101.404466854465,44.4359734223507
101.407744093351,36.3399293598433
101.413251209585,46.7732829387297
101.425664267314,42.5231444663914
101.430521311527,42.2724180694612
101.435006889732,5.12118238944525
101.436222130002,37.3788576848305
101.438853858592,1.13736540293692
101.441914074679,67.4301978848215
101.442541150986,47.1460494445887
101.44346207127,43.6956189688864
101.449429427777,42.9376780243959
101.454120496159,32.2169472682032
101.473568891643,46.268668245011
101.478537264103,34.2329839888432
101.4837230297,-1.74320188926181
101.486763632481,32.8166396405786
101.497693592952,44.5850089399665
101.503187591761,7.16680457844783
101.507696595029,6.25883387891952
101.508007257752,42.8149149111968
101.509262529769,40.3157911036417
101.511293918286,4.07816201902023
101.523733195684,46.5706812863752
101.529079735807,-1.09100596026662
101.532256622546,43.3338289092788
101.548727913003,0.801230170422115
101.550283412856,37.3320713459301
101.558261590038,45.6145845830819
101.565868230959,42.9666621913025
101.569005895579,34.7651983467862
101.570955205113,36.0039424937092
101.572891952911,44.9227044023322
101.574360639318,34.7019066602695
101.579878191321,-2.3817891394713
101.583820652875,44.4061460682152
101.589834463022,42.83614185656
101.590334633838,34.6248729948495
101.590894635705,34.7010494309299
101.59143595666,46.3072788177785
101.591708068696,45.0184351300939
101.59200526523,5.9324291650733
101.599180776512,38.0392360307499
101.599645556748,44.185450397763
101.600047535177,2.4563962198493
101.607452844077,45.5383963142055
101.609160431191,45.8398466058079
101.611801216131,43.9488466727446
101.612834796262,34.5397726917312
101.613234131795,41.0747848628245
101.621076792515,5.11652025857387
101.621751839292,43.816161994393
101.629012283454,63.618388006298
101.643515673409,70.2554150752752
101.644977240053,35.7772527824269
101.657247777989,42.9080465504913
101.658665629024,44.9650379288363
101.660445152823,41.3527474730937
101.663708636706,37.8712501594482
101.66594207108,21.6874837156894
101.670518506129,41.793058815537
101.670841733472,18.4453066161492
101.676228747889,32.7785430600746
101.677222113454,44.5565141146059
101.677269885301,43.6952022086142
101.693150293538,43.7487717419736
101.693467242388,47.6728573748331
101.69349497194,45.7870531643375
101.707885406648,42.3188105687508
101.712428632308,70.0619760156396
101.72384797171,36.2102426894466
101.729226195763,32.3717448483073
101.735850000046,33.5705439227871
101.738208327343,44.264584612072
101.744586041254,44.6196800160833
101.75102168747,68.5616403734835
101.754399657505,64.1210966205504
101.764115560009,1.01889860258834
101.765124330907,43.9127090866275
101.772395278063,33.8077471645502
101.775205631076,65.0140789329755
101.778747295251,46.9869710861508
101.783434077714,43.601535729972
101.787796571446,48.0583351371798
101.796588358244,-4.65916609386343
101.809987421488,45.3544274123936
101.816139552305,4.82342727437689
101.820711013276,34.4806012646175
101.825117140431,0.743720544151398
101.831031925605,44.4555205611959
101.83702390371,37.1882686801853
101.838365581898,42.3691422792516
101.844738250118,40.7714449321505
101.848055763139,43.9709462032172
101.861906239323,35.3700714217002
101.863086474037,33.1531236474732
101.867376955783,5.06378950259554
101.872638926931,96.4172799898432
101.873357274275,44.5635056040295
101.87373456398,43.0828282118244
101.880341490851,65.524156930507
101.891345169574,0.449501135180704
101.896640436851,33.2043112035817
101.932147173445,44.5804389393502
101.932557060147,46.3728237052025
101.935379343628,34.6599793554244
101.966385012992,42.7796046327428
101.979916207597,45.7419581502007
101.987531674983,61.1616650801123
101.991777450723,34.5712590999195
101.998435894141,34.2236729394243
102.006867883737,3.67586732064793
102.02647540266,37.0098072817134
102.036757399858,42.8214794508086
102.043657891018,41.0642693299222
102.045869979186,33.94233982602
102.057294932687,43.0932885374654
102.063934950193,47.4463666674469
102.07270290718,35.3833039224321
102.075868659647,43.3234583969563
102.082621536625,46.9106889739261
102.13059591077,44.8714632786707
102.13147726308,0.693438703565572
102.133213069904,34.0088781579473
102.169315396764,34.3241293296082
102.172318679582,35.5969764152785
102.173410175644,37.4473416198123
102.174480332805,43.339462137459
102.174936905786,1.46995191126478
102.178189762623,44.5350969850925
102.17956404591,47.6752195320966
102.180121844654,44.6487921327045
102.186165185875,34.0006937710799
102.202535865491,65.8925824412545
102.202729075037,43.1587702601194
102.204142496636,41.4702435084372
102.206076552386,37.0241657028382
102.216602191602,70.1533801996902
102.22266327555,0.310375995662871
102.227815384138,42.5532382939341
102.241766522014,66.8577202552687
102.246426877432,62.2982628275811
102.247989362727,38.4044034815823
102.26434650832,42.8879512042569
102.271437330734,34.612854939232
102.276200207295,45.1319241636847
102.28079112395,38.4429722153746
102.280873353487,43.7693919847326
102.282847047772,40.8085310363427
102.28351765723,46.3054237080877
102.289553179056,35.5132354375761
102.297391972851,43.4684958248341
102.300164943364,44.7477995340944
102.314346964228,42.4662197953302
102.318476962396,42.163580534268
102.319731092851,2.12650219367725
102.32238437756,43.2907970933972
102.347436913184,0.328984641512326
102.34792732999,45.5352740621283
102.351874953741,36.7191555206709
102.366992210287,41.9060811909098
102.373511390511,43.3258862809486
102.382661176371,34.910441378075
102.400495711131,68.4344022876114
102.409401843226,44.4104544506295
102.414269341588,44.1020723691274
102.416656835599,46.083577563249
102.420084196011,45.4034625100777
102.420760188069,47.5592450456086
102.429186374595,35.2313747507731
102.435768848172,45.7205322451134
102.437901987578,1.19978764632889
102.459886988285,37.0127369704281
102.469191495841,39.1713917907042
102.480777946042,44.1406827224727
102.487142302734,35.7082249760925
102.492354168096,-0.0937727764406393
102.494068956724,62.4732600665584
102.504951612545,44.7907922045638
102.51107450028,44.5469076146052
102.520949341868,41.0050949816956
102.536904019511,43.4244220115265
102.537567619052,65.7248348593459
102.537830553995,43.5869017618489
102.549262621505,39.1972665760426
102.559513135245,35.4218197033002
102.561853348077,42.4636612549792
102.570291215871,38.480698304441
102.58868474602,65.9069210900465
102.588743988957,44.8985211404478
102.593030245426,44.8997310065592
102.602601278623,60.3501154912193
102.628832131981,3.12327005659028
102.636001169107,42.1707647210384
102.651778690841,34.0143219149653
102.699086565035,-0.811733587065629
102.700900706861,34.0811992229868
102.701710853682,39.3977359720947
102.739675268533,42.4343169484647
102.745031590545,-1.51203195448545
102.745053318234,35.0015252375977
102.750833030717,43.6869098792058
102.75417165929,29.2488857034339
102.82078751833,35.2773717206675
102.822700157129,36.7730754274216
102.834877488116,-0.491573095566808
102.86764800443,-0.512963937756841
102.888100650317,35.8473653910064
102.892663444599,45.4097040539411
102.893409439082,-0.382597499201998
102.905221913996,45.4177370686135
102.911998236532,66.985012117972
102.942994927004,66.887566830583
102.946797431228,44.7819529292442
102.972675888287,48.4110314276242
102.973308586639,34.2434259170526
102.974182141555,2.59969445978596
102.987930855235,36.6442825184549
103.001508959154,6.76879907207433
103.016835563035,34.5119897298052
103.018133631762,36.0568809675481
103.036191464359,36.3384401080544
103.039717092796,43.3066862830024
103.06034458506,1.01582131684892
103.091188912492,-0.802261820895962
103.12999227399,-5.66357492112067
103.166603505394,7.26495663148232
103.173803601583,40.62588417768
103.175064573598,44.2534761830083
103.177118302209,48.3629842293916
103.22690421033,38.1754056315155
103.24357746185,43.3780815899252
103.259697639563,62.0560337826362
103.271089447933,68.812145532825
103.333669425647,33.3024957276943
103.361200425317,-0.568141230530542
103.388604299765,42.7600256848505
103.4354526008,43.0555456753861
103.491328876426,-1.00956233538139
103.496182587309,36.4937017127402
103.505676933444,-0.954116332818582
103.510666730194,33.7524322440032
103.555593254073,37.3127047495981
103.565476225945,36.5746259611426
103.5799050251,68.3944858340151
103.614324977929,38.8234641698154
103.63293533819,42.5450371676728
103.63476310882,33.5776231135379
103.639991775337,45.8551197748169
103.641453563801,44.0074227315553
103.69704098828,41.0388298757861
103.705314876442,-1.95572235037235
103.72082474998,65.6313585386675
103.721310225347,42.7120308661898
103.757293125237,96.3167644693524
103.764822612496,38.7796799755595
103.766378094859,65.2095323436105
103.807149982288,42.4292791710639
103.853643930044,45.6183711784017
103.857880593217,69.7291894305349
103.871107357332,3.17918288583855
103.901805934012,42.6978984541691
103.908101554981,35.0108154351131
104.006847727141,45.2614257566121
104.024112174723,43.8370157077909
104.028753595349,4.78060068029955
104.077689969451,45.4252188844312
104.083720654124,72.4612584509617
104.12943004641,32.8891717257827
104.154730411774,45.4794845666189
104.164530607966,46.9111402318099
104.181700062686,32.8927924359248
104.250751807467,41.6899299941722
104.313266595885,34.7000235590566
104.337542569952,66.0013941485237
104.378092348944,44.4025624971299
104.466101934811,45.5781969862438
104.597812916745,32.0124890780208
104.651554746923,46.0993879635887
104.735536628718,39.1360478168891
104.747221423625,0.345247462123269
104.896188568098,46.9299873310784
104.90580556979,34.1423308417575
104.980475701536,32.7629635512932
105.218153009095,62.4847399681439
105.44474975498,35.9416232688042
105.464172825447,5.19607216962955
105.510508868413,64.9644148529951
105.92899813038,36.7826874469186
106.958567962211,33.8496017265636
108.582531408657,33.2616755404425
11.0004315389549,93.7297211657184
11.002061380313,84.4205262206895
11.0041838066044,97.2958198144736
11.007180563559,96.1070249366599
11.0075941745906,81.0998039386825
11.0111860912086,93.4708824951787
11.0179200995739,94.8202160131324
11.017973424194,91.7399460329883
11.0219594064987,91.3406078577355
11.02312563711,96.2467209131372
11.0255167682314,82.5110946240547
11.0259266538733,83.6377010577157
11.0281369868815,80.1780359720708
11.030165576248,84.6559679706391
11.0307213680845,96.945287391626
11.0307853401445,94.0611230085244
11.0319548008602,84.645232417841
11.03469512167,87.8163176922184
11.0359913037019,94.6331752658203
11.0412711994841,90.2036477325055
11.0451740167808,84.8917524920268
11.0457104438961,86.5434908861154
11.0472883903422,91.506132239956
11.0500709424701,95.7208831795099
11.0503621185138,94.3445408762108
11.051428444961,83.7802279671533
11.0538684461355,86.2527922759595
11.0566397902951,82.8912243693496
11.0588074572078,83.2748495835897
11.0592667619222,26.4907034994209
11.0610947792033,95.7356291895218
11.0613357452942,82.7891903056863
11.0651066192866,84.2449673142164
11.0666673493468,83.4234904321952
11.068942875547,93.3897718148851
11.0782116552837,95.48104978207
11.0790812862365,95.743448788505
11.0800268772853,92.0923192679645
11.0809827354647,81.8892051648256
11.0812402324921,84.2929262199491
11.0824909759072,86.3147180456082
11.0829910521194,81.8763008444262
11.0837377439714,95.3541166554454
11.0842735766152,93.5702510147085
11.087227028627,95.8568569589033
11.0878570116413,93.2868758540688
11.0897820203173,87.6041506245457
11.0904672046205,85.4196304439791
11.0906966468491,94.4126076722161
11.098039693972,94.1779413967883
11.0982868849091,90.0273885844138
11.0983070594914,97.6590412986065
11.0984462615183,91.877761785939
11.098710469037,84.0224916779613
11.0990504379759,86.5524562808456
11.0998666054393,96.5299068878848
11.1016099965478,83.5599943908858
11.1016411773722,95.9226634080243
11.1035270528875,94.8733472232013
11.1047114893916,97.3640074155324
11.1060465805899,94.628332102573
11.1061811585657,83.2763651300079
11.1075981504445,82.0192397354424
11.1138674174149,87.1330499233994
11.1139395748323,23.9999041159808
11.1161152630407,92.2017245561441
11.1180026859764,97.6095302881695
11.1184432943398,84.3550494731143
11.1191829232848,46.0706185479182
11.1197144860867,83.1232987059936
11.1230969721324,86.2523010547767
11.1240238111381,80.5950664262595
11.1250867163781,92.2899933728192
11.1273405762111,96.4960431101859
11.1278338526629,93.3248995458123
11.1289555174745,86.0311748380532
11.1291936934106,80.5399534149256
11.1296005994322,96.0992627476531
11.1330714602648,90.9358809689733
11.1331461334381,98.2130166579425
11.134539113231,94.9926050408337
11.1358389969739,95.4659127823037
11.1362769897258,84.728467052326
11.13640299821,85.3901103548748
11.1379502070217,98.3863645629249
11.1428872181701,95.9610765391731
11.1485239853756,91.0544608971156
11.1494032136825,91.7215361489868
11.1605143504804,93.6642220589453
11.1611775147621,83.8091240780619
11.1625181543792,98.6780853790242
11.1646300973717,84.48980949634
11.1672597641244,93.5210570603418
11.1711887766689,85.8882013977794
11.1717356777149,81.9889732937203
11.1737560261987,97.5027637555899
11.1744295509531,84.2172031720259
11.1746019135131,94.8348970471877
11.175024556074,84.6022575852697
11.1758193850774,98.6789203915529
11.1767046000165,95.629221855728
11.1776011622125,95.7988304234986
11.1779363909616,90.4195178073851
11.1789220098511,95.3644999592328
11.180296856437,96.1971395443996
11.1808507735823,85.4151386365313
11.1812554813734,86.4051218103584
11.183616111636,83.2871998726708
11.1870345769133,47.1276342808797
11.1875473399441,82.2761069408421
11.1916240408748,98.4774162013456
11.1932215939451,91.5266483634843
11.2022912766213,85.0117226178391
11.2033985223552,83.2956330532486
11.2079898553063,83.20518781199
11.2082325730754,90.8076134343657
11.2107948985896,85.1766641576785
11.213047422981,88.7239918407471
11.2132838481704,96.3216578573288
11.2156972179919,84.4290592322185
11.2163751275033,91.0110945807672
11.2194922559468,97.6124630991384
11.2196089065189,90.0347413699224
11.2211164049275,96.1174668054309
11.2217961529166,95.3270193397267
11.223901257478,87.6072941321781
11.2244532915846,97.5126719932196
11.2285914274581,84.8711063568468
11.2304445846461,87.4107401342362
11.2318102413594,83.4206007199504
11.2360597349083,91.9578265643451
11.2381392026278,82.6892692014325
11.2399142991629,95.2874292727686
11.2425437025566,96.0092430210667
11.2431912058758,84.5150367762279
11.243963721882,93.2580034053462
11.2491961018517,83.0659929469906
11.2514160974241,86.8353604807074
11.2517070114418,88.918383013202
11.2536654245859,84.3898159575025
11.2597133394281,98.4601156831291
11.2613187349368,83.8418758712649
11.2617996238691,84.5299914460643
11.2619487157975,93.3907705469531
11.2655066277331,98.3693196383156
11.2661542375112,90.7591365885561
11.2672437996484,97.5108567846285
11.273532463414,98.3999271960565
11.2740754690058,88.2801773249418
11.2807515043629,99.0596056700293
11.2827221566596,81.6827488649804
11.2850714997714,86.0757783479569
11.2862612908212,96.4525717147901
11.2866869546686,95.7792394393346
11.28689880066,98.432843619396
11.2892094203707,94.8998609256057
11.2903483211324,85.339280235337
11.2940886698749,93.7718239931993
11.2945852891781,92.543394334256
11.2962856187914,81.5654079763502
11.2994677461463,80.4092184428894
11.3026804257277,84.2949420641645
11.3051195702697,84.5451603853515
11.3097835759554,94.6853716592307
11.312076351931,97.9303675861914
11.3145485920143,97.5350830249982
11.3191717848718,86.4941924956149
11.3207029578847,96.2003185210085
11.323324994943,85.9478169039049
11.3242647075202,97.6069051738526
11.3256721094193,92.0307318898945
11.3300399673768,95.6043867513157
11.335747494577,84.5646267975161
11.3372147575069,93.9128174874305
11.3385949448938,83.7191258379954
11.3434986489022,97.3111422899894
11.3472154513809,96.6783265344532
11.3477821488972,83.205334359415
11.3482324653563,94.687923004735
11.3490586328798,89.8002166488398
11.3501871906657,90.1112816995013
11.3543556895092,84.9690731837945
11.3547523436063,83.1679575147564
11.3549706328676,83.2423753675127
11.3553602479654,85.9679781181137
11.3599570763158,92.1332164843741
11.3648841865616,49.4376908198686
11.3649272187234,86.2697711170845
11.3670838923372,84.5596626532452
11.3675272818935,96.1812068739793
11.3704341356326,84.733060753799
11.371627389729,91.5661557096107
11.373068502783,86.0597779304372
11.3757729669099,85.2188991028734
11.379407232876,86.1492700224027
11.3808774256002,96.8559488835528
11.3818618394215,98.8413201415661
11.3834181667718,86.5968556335024
11.3847280396617,83.614936134861
11.3885969716357,94.6446947785548
11.3896387688049,95.4522480845026
11.3909748881917,82.0637643766025
11.3944853332141,95.90326974189
11.3974020509572,96.5873628497398
11.3994593639498,85.0784232358666
11.4004417849526,84.455653484925
11.40140500364,85.5968278781153
11.4031615839119,83.4423256466922
11.4039425180629,65.0071292604811
11.404516303351,84.7659351804703
11.40466762932,95.4958990229973
11.4073739587884,93.8619483830796
11.4081306772289,94.6092397685071
11.410838538016,95.8957132309974
11.4120699354086,82.7195490143701
11.4130492441903,93.0071488527476
11.4199732949521,84.7807628561273
11.420890053613,94.6948879996589
11.4245185802669,82.8207183321884
11.4273846465839,82.7055837728569
11.4304573805371,93.6347209844608
11.4316749059948,82.6032460041199
11.435783474916,81.6029092200789
11.4397206792528,89.8906827593838
11.4400036120528,84.7604454797639
11.4416262144585,98.9170894403667
11.4418126386166,93.6440754246235
11.4504043721821,98.8486727270842
11.4566437077491,93.4715240938704
11.4589753784457,97.7003265539969
11.4647537401426,84.9489191729007
11.4665183546246,87.0247983998461
11.4669356490182,87.7542525903603
11.4671647914269,87.5405724403432
11.4746124475433,87.0083571514948
11.4755241484141,85.5921377098638
11.4802098914789,93.2293534648437
11.4816496573613,82.9718488666714
11.482518512797,91.8862027461859
11.4832334838064,95.7768766930928
11.4833128593619,85.1819678531141
11.4848733388121,84.9313463598333
11.4857688752383,86.1897638962846
11.4867846980191,85.4327444506898
11.4901719163143,94.4043161956527
11.4915527398858,84.1684995756223
11.4934575305227,44.8217041307799
11.4979612444864,87.035620554992
11.5007385710203,95.0743217392
11.5017896802234,94.9274437312263
11.5019379330896,95.1224912731672
11.5024677367735,79.9059723316848
11.504586227927,84.8070103507366
11.5056301232902,97.5184427387267
11.5070711884217,85.1125622758175
11.5088004086874,92.9236877590178
11.5091620763677,88.175751580885
11.5093040720381,84.408439007416
11.5113893293862,98.0085955300417
11.5140014488579,86.5498652761855
11.5173930821626,87.8081833685664
11.5204647945365,83.5647442946888
11.5221168918753,82.9363601495679
11.5236347830567,93.5847260190715
11.523839100658,84.8851776272207
11.5256469929066,93.7853615315329
11.5289299740893,93.7288509622267
11.5345205238464,83.662539561329
11.5354809527574,94.2011957061917
11.5355828844347,86.3063578012303
11.5362865575131,92.0311054936448
11.5366744633732,88.493758106784
11.5369323634711,44.5738420651969
11.5379964275429,87.2661615861342
11.5459513282694,92.0550811342906
11.5504900091586,95.6650801380236
11.5566347281037,86.0322230704228
11.5589187160541,84.1753432681432
11.5589194885608,84.6243050526495
11.5601010160688,99.2495001433766
11.5634485754172,86.8123063112153
11.5690952814719,92.3886684589599
11.5728134567486,84.9536726599886
11.5743102670198,84.9938500095375
11.5746241876309,95.5599791982915
11.577223551436,94.4594957273382
11.5774405335448,88.6045843665249
11.5792164629116,86.5555283715471
11.5795849963537,86.3194925859261
11.5860113006053,96.7597957467419
11.586714246539,85.643393729249
11.5924436813036,97.1104729941008
11.5933045085629,81.7886689794445
11.5936670873424,84.2451466433892
11.5972654781768,82.6280932119105
11.5981537797184,85.3965001204455
11.5999958507267,85.4966227560434
11.6022497641793,96.6848966299996
11.6040887838637,93.3986592584201
11.6075453086057,100.572061861355
11.6078570251187,96.6566239627764
11.6079359957961,93.0985006201452
11.6175124254627,92.7741164156731
11.6203141325415,92.9998942387861
11.6213048493329,84.1321130274927
11.6260745768074,82.7198376989813
11.6263356405498,84.4030129158506
11.6319561066162,84.0999892936596
11.6342653215113,82.6516236265556
11.6354567762949,87.4905192745584
11.6357672058564,86.9063235753375
11.6378008167686,84.2208785737091
11.640882770669,80.899545031238
11.6412666417247,86.641276280385
11.6415797776155,85.2020672803789
11.6420765570295,87.1157016007139
11.642899718166,85.4330811219097
11.6473669349639,83.4842022721157
11.6515748349115,96.3515515386244
11.6532186419728,80.6600665141496
11.6532784756758,96.2605435370992
11.6541799668969,96.502983480542
11.6550369006211,85.5518489846033
11.6567848622132,96.0244025394626
11.6576190828336,99.241863986351
11.6603644092908,83.8913262843365
11.6625787341619,80.9602658690796
11.6626339321485,84.7303164522429
11.6631843778466,91.7638766413761
11.6663336622828,92.6859605054625
11.6680474843971,86.0661492350061
11.6680952787432,88.4830319186111
11.6706143176952,93.4338375755134
11.6706190943806,96.7163080203589
11.6763643594802,81.9332078009621
11.6765245099085,93.6817020318622
11.678153100724,83.69974842451
11.6807607404514,93.3982794772618
11.682410943585,86.5034583036246
11.6824445140618,83.1272883156662
11.6837695629919,88.069867483651
11.6846371285306,92.6838501305008
11.6883904808496,87.0897610987174
11.691780502392,46.1502314825282
11.7001888290632,80.563505459294
11.7021169489628,80.7820040035939
11.7031362527896,85.3809463317231
11.7109097852961,86.5569978597643
11.7112276371854,85.1915728117202
11.7124399957352,86.0958905052355
11.7124567954196,95.2542894735658
11.712701178892,94.2180958100887
11.7190117948975,85.2134909298859
11.7215476609537,98.348900050986
11.7219230887934,96.111777490239
11.7245485987144,97.5307984522535
11.7259417756678,93.9333087212144
11.7261543264987,94.25442541693
11.7262940594443,81.3104138996024
11.7277947791613,82.2430577853059
11.7302539429553,92.2473410311673
11.7324792238519,83.16594204303
11.7325391380184,82.3921213776885
11.7345415644734,82.093717344641
11.7368293474468,48.9182747376476
11.7380519106047,98.2255364739876
11.73924334748,92.7322529800798
11.7400564460657,94.8742226110001
11.741113516922,79.5055952616677
11.7445644188939,85.5083564436193
11.7474205652482,86.2997350718744
11.7500512253529,82.5046114112151
11.7512373529054,83.2040470101743
11.7523471994695,90.0391757516687
11.7571125818983,86.6325183261917
11.7649758999311,93.3408955686621
11.7661154297901,84.5723485011827
11.7673168276163,85.7158137554377
11.7685216689603,93.2042123958219
11.7696744750504,84.0941118531273
11.7726788698481,86.6586505986027
11.7746522563514,97.3375886796402
11.7791082713307,96.3605874499979
11.7792588834382,85.8350398851554
11.782538634502,87.6194797582284
11.7854219502429,81.0475180020758
11.7884600928137,83.4489777152189
11.7899620755517,86.4561697857424
11.7916094697425,94.2733555316662
11.7945339132871,88.9703669785853
11.7994799008442,85.0429494109235
11.8048028761623,87.19954642298
11.8107797762365,85.0395071870415
11.8139891844069,84.77945141737
11.8148046959652,93.6838590626072
11.8211340442828,84.7346819418386
11.8213611226065,83.6135384663878
11.8241077359745,86.0286240002294
11.8250105281745,94.2620618082265
11.8271553777597,93.287901483283
11.8273448855701,88.9649726548664
11.8277874343764,82.8686691824818
11.8326254820782,88.1610685361238
11.8339704601598,82.1160084205889
11.834730823819,84.6021325587559
11.8392461246535,83.7570879556772
11.8406824067064,84.3395676839492
11.8454866077119,84.0598194540064
11.8459107773738,84.9903472558331
11.8459477256801,97.929647445958
11.8461182472161,94.9249548850573
11.8476347344709,97.206079418743
11.8530312082606,86.3746939115887
11.8586320211716,94.0273394181682
11.8598157170921,83.5412758928517
11.8598534895746,81.0908949286908
11.860883636347,85.12416124862
11.8630406213784,95.7422015977031
11.8649577139235,91.2740718889346
11.869368624934,94.8266552471768
11.8752968790677,83.5691806906091
11.8771725883383,85.1768946789843
11.8786624074492,84.1896708095043
11.8826663386956,87.6014005142928
11.8856418553393,87.0713090437066
11.8875561686152,93.8341673889257
11.8896684263867,81.987268639824
11.892789691935,82.4131732743062
11.8961217439396,92.366884006798
11.8978679600869,86.1269660548885
11.8994507468591,92.8215646799006
11.9018905981554,95.306171360352
11.9024319293077,85.9779923033156
11.9040761516032,97.094706153869
11.9049009674856,84.7510678022534
11.9053241032489,88.2846649299919
11.9066073162601,85.6066662116913
11.9088497603511,93.1070147348249
11.9101732689517,93.2198164028515
11.9122267620177,84.4998962196498
11.9141910421557,82.3339586867302
11.9155886584849,93.4870683158579
11.9192535023953,86.8475977637333
11.9204751438079,84.0900614141778
11.9228476846496,85.9873169070687
11.9261102810324,86.7690761770982
11.9276244182253,90.1044760948853
11.9293443083805,82.5845404377494
11.929677889535,99.1589588849941
11.9299169851026,83.934786655756
11.9309520408934,83.1389797010018
11.933195173918,81.0519967016198
11.9360398029808,82.6806718213912
11.9399683503661,99.173423478784
11.9422154389554,87.8051938279725
11.9461265980873,85.4375464602229
11.9474854102077,84.2168521813223
11.948008880944,85.4138782196705
11.9483968465779,93.1566588579575
11.9484215860627,48.7134624043589
11.9485016409598,89.8993091264497
11.9495498810597,85.0414153650963
11.9518279252627,83.4583341375364
11.9551713508125,91.0012750194919
11.9552907352124,94.6275980389035
11.9570002586931,91.9818450076731
11.9611529303301,80.013419145425
11.9691610472295,83.5922221132071
11.9711622104199,84.3445906153983
11.9713901366599,93.2490973500111
11.9719709869613,96.8225430965323
11.9749180865578,87.6014155983154
11.975272740479,82.3557478296466
11.9759205645162,84.1403593739396
11.9766658229541,95.4169938068124
11.9798149285094,90.8696644928669
11.9799610001029,86.8892886230521
11.9799979342772,84.630175574492
11.9867291016526,81.1031448220464
11.9915486482089,93.5150326719335
11.9943856802055,94.6574009269849
11.9947320644085,84.0468534275443
11.997068588346,87.5859651739719
12.000490044718,82.3300921459552
12.0015389932146,84.8036017128229
12.0025909126587,84.7920581753903
12.0026343867418,95.7620316066541
12.008464899045,82.6280777807867
12.0092241448993,91.9994640752656
12.0126643170835,84.5249657689694
12.0151251267274,92.2449151888543
12.0162485968324,85.4692261162869
12.0164263178419,85.75536217228
12.0187684033316,84.4776019962389
12.0189946363138,93.4977286016545
12.0204432950199,81.0347353401861
12.0215145469763,93.0107562041136
12.026925456113,85.7149924460964
12.0281793329925,99.9335317826968
12.0295718144135,84.8529776860306
12.0308927930498,81.4517770032612
12.0381408654866,83.4131197010973
12.0401150019443,87.3587124152772
12.0404505194135,82.3079328751905
12.046839346679,84.9637198976275
12.0483441593826,82.5645036378556
12.0498444367411,94.6675793338088
12.0503908841562,94.7422945145041
12.0509639212654,82.2844927435446
12.0517986900413,86.846253556612
12.0534457687366,86.8685573880323
12.0563205858298,88.5357055965941
12.0574961172456,94.6961617547213
12.0612999832838,87.5763670198351
12.061640908222,81.4813618614294
12.0638868634695,95.8874882012134
12.0668534470711,83.6624891310543
12.0687655706392,85.0855766752839
12.0698413808339,81.4908972856164
12.0735616102936,84.6656914348115
12.0828664961624,91.447586187301
12.0847027763715,85.2417008333379
12.0852384586971,87.2376724888106
12.0856028659709,83.3604319682079
12.0864150563811,92.9454784641034
12.0865909312927,89.1718094207768
12.0904314708365,86.3971162934519
12.0918761806585,49.7367829974612
12.0928983998926,87.1985955237403
12.0936312817186,84.4738190109499
12.0952562128907,93.574776168299
12.1032149833228,83.7163807445035
12.1037833068984,82.9806754972841
12.1048055849591,84.652821489512
12.1054383253485,96.7997839974336
12.1062495097707,96.4813446992848
12.1069981457078,84.3444774359505
12.1071814543348,83.2205903462823
12.1082159143948,94.5258735016743
12.1100458708673,90.9641141701144
12.1266026893638,42.6111910558152
12.1282839029644,90.0503703919771
12.131295724405,96.4676600849521
12.1322114552631,83.8008043102459
12.1348829516727,84.449708070987
12.1372495164278,81.5030681363988
12.1388441020335,90.1818106745081
12.1410343808932,84.6369857653178
12.1412319767887,94.6527843680699
12.1484108738588,85.5890321220892
12.1548523284868,96.7123737897537
12.1591119676303,95.1201574092298
12.1624649762273,86.9364765811275
12.1625539504396,95.207152303076
12.1627029430967,86.2699130048928
12.1676135242065,91.3921240980207
12.1678003161704,83.8441631546729
12.1702606668682,86.9327937183533
12.1717060244464,98.22221343887
12.1740128022413,81.7510601373965
12.175700094019,84.3805669349124
12.1791747684376,95.1127009104381
12.1792787411118,83.3162669111534
12.1811312649758,82.9938147547051
12.1837486486502,84.1054612220055
12.1888285298235,85.556096321449
12.1899252075306,87.2948660626019
12.19008918525,92.8064538907882
12.1929345565189,86.729992836578
12.1961527656794,97.376327244069
12.1962400011431,81.8493655362154
12.2107554498058,96.4025922522435
12.2115279962053,88.7081944299069
12.2118585885478,83.743146531352
12.2136336224988,94.5637140684126
12.2165750847038,96.9812746809013
12.2168832958578,81.0690885076569
12.2173355048564,89.9689537437568
12.2194319285447,92.8772930597609
12.2219687244726,93.0419159427124
12.2239838209144,83.5927929059955
12.2295022780399,86.8049992147309
12.2332785218123,83.9521158418917
12.2395338037556,84.2007155941618
12.241975234756,83.3591477160363
12.2448686501873,85.1031235913087
12.2525380893389,83.6560528860591
12.2553174530316,83.2942167026757
12.2557450873149,91.0902495771749
12.2571876474486,83.9968170760034
12.258312720651,83.7082805229622
12.2594702066983,93.2776744138492
12.2629089646837,98.9469729346123
12.2683631631505,84.1152900356911
12.276099715427,82.341985922842
12.2761600696913,85.1505485355795
12.2779222905956,92.9106968644276
12.2780177826705,87.393450005613
12.2804436192394,87.9657943433157
12.2833407244363,94.2940527569368
12.2838960918827,84.8141894082971
12.2872506857662,85.4057372436905
12.2876942630106,85.4259347044606
12.2888364298447,93.0377436420999
12.2921295197491,92.3934931525452
12.2942894100808,93.1333192024201
12.3056395962411,91.4705556034217
12.305814347121,83.6787225195806
12.3069098680798,92.1650034797812
12.3073846706694,88.1230914299704
12.3129222876938,84.6553683426788
12.3137049591082,79.0265435657372
12.3224340859562,84.2172283076818
12.3252317622101,86.0320823502404
12.3311360993531,96.4565288980914
12.3311573417955,92.3490038905929
12.3387312240456,89.7150600478056
12.3397733963309,93.1432690391591
12.3411668999251,82.8079703016099
12.3449155568586,85.3119339703911
12.3462235925181,90.0401325171326
12.351879467317,94.8283495139873
12.3533008512075,86.8706379255771
12.356353803293,84.9572191179439
12.3617806683893,86.6511782337157
12.362277812911,93.9685678472975
12.3630342988395,84.2563858858145
12.3675943371975,95.3116291435924
12.3695569315221,85.8974046112909
12.3700124353581,83.4823990551192
12.3721301010201,97.0047641175546
12.3742552431992,95.410058132737
12.3828394545819,86.1080185422133
12.3932101993728,88.9990381451179
12.393930122155,96.3909399180359
12.397515339124,84.6075139024512
12.3979872140326,81.5467398799538
12.4079831636924,84.4335230768491
12.410402096144,85.2867392230424
12.4109775695964,83.7317240459186
12.4137158641854,83.3468544081279
12.420338319363,84.3611520105357
12.4227619365084,96.8405623395371
12.4334770677725,93.9602295109119
12.4336032541034,84.1542399733282
12.4343422983377,84.2730305541992
12.4366235906991,83.4584160354093
12.4397865749684,96.5226444097242
12.4428007756682,83.5369355120221
12.4433909102081,86.022413074365
12.4450818812224,84.1490616332517
12.4464839400739,92.537071251338
12.4493189526728,83.8507036997619
12.4514683366338,86.253693212606
12.4514805324455,85.1652214995743
12.4537454540217,85.6717430952141
12.4621431891552,88.2200899958176
12.4629686480584,86.1959683606117
12.4633820422671,87.7779418692256
12.4640444260731,92.9316983901616
12.4643618130833,95.4416076644834
12.4655748997372,83.6284888687816
12.4666122543242,85.9919491410519
12.4675053964683,91.5269018400371
12.4678829351519,46.6595843488771
12.4691610227763,46.5185150841513
12.4708818658217,82.6377774113063
12.4711952804227,85.7112497076426
12.4743867638292,83.8728798767195
12.4770576719984,42.9775546283612
12.4806912613695,82.4992961634551
12.4823702364836,84.9918280059319
12.4863869693966,86.9230160820362
12.4867293111088,85.8254678161201
12.4915007839763,83.0638997484951
12.4938076403575,96.0881598091785
12.4946703634669,83.1514184520648
12.4996299009892,85.366264935982
12.4999857440328,96.0625463892797
12.5024090898464,89.9405287282455
12.5040796539953,47.8317118813616
12.5045641571714,86.3902621326144
12.5051320790246,97.7809441918554
12.5074574780154,85.5018116539138
12.5114196401016,78.6741404545587
12.5148725783594,79.1181808862618
12.516844278312,86.3697425468975
12.5171381182796,88.2481995026264
12.5174923931993,97.8284463736936
12.5217606309777,93.5122853396409
12.5232577457436,87.6489450689264
12.5266413537254,99.2251244511372
12.5327112009864,83.1344459830536
12.5347232238934,87.7778977656303
12.5407507257068,84.2365053455021
12.5412400743813,88.2496220966655
12.5418222028943,85.7703943491531
12.5464472263403,92.856087885021
12.5464816759224,85.9113120329077
12.5542957676842,98.4755348730636
12.5575086552696,86.8497081809178
12.5594248960958,82.3992370230773
12.5595610814471,84.7547194444842
12.5639361436769,85.0009864858748
12.5645245593923,93.2262660852442
12.5646918531064,94.6922217249898
12.5647659061641,86.353506666606
12.5669388692716,94.6367511933715
12.567492085432,84.6207189372746
12.5679875402585,83.6697624939333
12.5690107327094,80.5613531790461
12.5724199620766,95.7817056365275
12.5756750039811,85.1499952542973
12.5782150101037,85.2747784162858
12.5788988966296,97.150120423007
12.5794867990357,81.7597672450825
12.5802317613254,84.1278997292383
12.5810633498734,83.547904545829
12.5812100869224,95.363756183937
12.582577534082,84.1416379378385
12.583462599695,85.2865057779341
12.5840583007754,97.2735719850169
12.5879998338379,82.9749798785657
12.5895626372907,84.1694796740181
12.5941776380296,81.4801185811356
12.5981251068424,85.6041619953722
12.5999872875762,85.6200633875029
12.6020129861617,80.2287939807513
12.6054681039862,84.1927387782959
12.605942049946,88.0199119596243
12.6062865411034,87.0942084453526
12.6064016974337,14.3022682510513
12.6066624677391,83.7109269290174
12.6112137058833,82.2801638891022
12.6112892860865,95.4271924227093
12.6136040637162,95.3551126200158
12.6183054649905,82.9834630274349
12.6244606635069,94.3773466685272
12.6272733078505,96.9561672819596
12.6291998039873,83.711755213253
12.6294419005856,14.4601496219996
12.6319828658785,94.1993233204252
12.6358178807779,94.1099553511934
12.6371978268359,100.088672437218
12.6383041891726,84.074008713998
12.6401815200391,83.6219506648995
12.6404263033093,93.2956942425144
12.6412504372598,14.4402306822796
12.6419121487101,14.4301266861979
12.6436549642821,82.5914428601218
12.6439154549656,94.7443686653734
12.644001786765,94.4484631919479
12.6446066684368,83.214615561497
12.6462467755939,14.3789567443489
12.6463331166393,83.0235122260244
12.6464645444816,82.2363349029037
12.6467520836002,94.7778307518707
12.6474965371721,94.6587324381986
12.6495730599568,91.782188086004
12.6557779224639,14.4501386800485
12.6558678852923,14.3272194655552
12.6564772636165,14.3178053404277
12.6565838643238,14.4462232709718
12.6578840041611,87.3863342409368
12.6580354744507,82.3483139432544
12.6581098606091,95.5708806596077
12.6597845559912,84.1578484598818
12.660610239033,14.3892967997336
12.6607805508456,14.3463398478391
12.6622542283524,14.4216305655573
12.6628779322094,14.4456728650903
12.6641842347187,14.5013685678509
12.6678310696537,14.3894224182671
12.6689073961679,14.4223019799901
12.6690556208079,14.4322767548979
12.6701311818252,87.6803662094339
12.6707047355703,14.4434364129776
12.6707864349938,14.3516619268557
12.6712609975741,14.4862772831754
12.6715100780842,14.3260046788789
12.6715975219141,14.40398002957
12.6717994001376,14.3957637896083
12.672401796834,14.3805499194431
12.6733350815631,14.3674098066339
12.673510407892,14.4463209927492
12.6747940638695,14.4935805523827
12.6770240060238,14.3438321006323
12.6774804939088,14.362560913827
12.6784049133421,96.0233619189109
12.6794016143388,14.4715944184792
12.6797971849214,14.3530414456264
12.6802498349841,14.4637000109219
12.6814671860998,14.4651237763784
12.6832009387242,14.324696955878
12.6836016937803,83.6262305598717
12.6847814933445,14.4834950340443
12.684781830598,84.8950366513481
12.6860779648948,14.455591269948
12.6875090252644,14.3564171055391
12.6877211241991,14.4738405693042
12.6884168976111,14.3922172313371
12.6884218297803,82.6991963899524
12.6886807778551,14.3789741585283
12.6889375197569,14.427505049432
12.6895296651185,14.4006894701722
12.6898613348823,14.3349247259169
12.6900397483575,14.386996725091
12.6911380977186,94.6768356260962
12.6913788623162,14.3376158409389
12.6916826776288,14.361882763139
12.6921333437575,14.2916665392673
12.6941256290548,14.4249110655136
12.6946880624543,14.5979442404434
12.6960841838257,14.3771237650252
12.6965989460826,14.4206851394584
12.6969434561085,14.475562196601
12.6969932515852,14.3330609392763
12.6977464217108,14.3145667165347
12.6980477708426,14.4182641297673
12.698164450046,14.4302190485384
12.6984081347429,14.4042372365499
12.6988378696239,14.4273760016293
12.6989678465977,14.2628711225271
12.6992891066762,14.4238010176983
12.6993199475145,14.4435477034418
12.699941917259,14.4519379194104
12.7001525780921,84.0915087183844
12.7002162508711,14.4339616062111
12.7002337964789,14.4032123768604
12.7002634491876,88.3888644260147
12.7004888928562,14.3425737315581
12.7007504319721,14.461827405368
12.7008786316665,14.3863916902813
12.7010137768191,14.3696554215029
12.7012114668652,14.3434248759372
12.7013140837824,95.5122120295897
12.7015260091107,14.4057178864302
12.7017380051154,14.4031247348277
12.7020782228818,14.4329519505663
12.7022763853012,14.3886795633155
12.7032071457292,14.337677372965
12.7039318782102,14.4480015811194
12.7041216812971,94.658381906731
12.7043628509355,14.3044556330253
12.7045636886065,14.4329006859796
12.7047109202643,14.3428450090212
12.7047686021215,14.3544414165266
12.7048299940642,14.5160030695312
12.7052074912741,14.3541968019639
12.7054061895191,93.1603490599678
12.7054597814238,14.4864312850638
12.7054718377431,14.3261202483574
12.7054844338576,14.3904458873883
12.7057273916892,14.4002239486028
12.7067436686459,14.4530897575508
12.7069755687025,14.3754700522561
12.7070343023829,14.5156397404483
12.7072595166757,14.361437806094
12.7075762135207,14.3802814032504
12.7075763039805,14.4716030560223
12.70806157923,14.3980435804844
12.7082193800914,14.341927323204
12.7088502410428,14.4778477763766
12.7092922065693,14.411659532662
12.709455226563,14.4144674046756
12.7094901961892,96.466351437732
12.7097252242862,14.3538485551899
12.7100317410819,14.3554761697864
12.7101762636307,14.3503746058881
12.710574832843,14.5070154575386
12.7109715357759,14.3798679656368
12.7110956492027,14.3918877611357
12.7115062319539,14.4449666820381
12.7115210739056,14.4145545979776
12.7116152830183,14.4310937775752
12.7118195161066,14.3376445196275
12.7122990640059,14.4510806087261
12.712663236027,14.2420159758514
12.7127262572209,14.3971869239957
12.7130019007914,14.4258272311269
12.7132166703779,14.3069073087869
12.7135068590675,83.3483625754998
12.7136518988872,88.4079360402157
12.7136527869153,14.3877744575863
12.7137956721795,14.3745962140678
12.7145281625093,14.3909543863385
12.7151243880775,14.4311244740632
12.7153952558325,14.2662639605319
12.7156251273655,14.4191430182027
12.715744895977,14.4195891458607
12.7161807439615,14.3107835390201
12.7168655695218,14.3439520158225
12.7173346039035,14.4523518812415
12.7176541643066,14.3285850486939
12.7178295519406,14.5112945269282
12.7178386532239,14.3486560436087
12.7180350494162,14.3750556385501
12.7181505776836,14.4272560636983
12.7183143225067,14.4580442240776
12.7187021431578,14.3943996829253
12.7187223604007,14.3566553816946
12.7189082985578,14.4658562559806
12.7194792739141,14.2911328774059
12.7195936197708,14.3313265293416
12.7196634381675,14.3948199864498
12.7201595718381,93.7320073666144
12.7206414924173,14.2917427109929
12.7206653407563,14.3263908239254
12.7207794807336,14.3655896264566
12.7209637566171,14.4030413860041
12.721361368938,14.3262946654329
12.7214121164594,14.3844657298589
12.7214578091849,14.4399094752262
12.7220179553004,14.5399615619113
12.7224117631324,14.4668576402404
12.7231066495047,14.5339311985921
12.7231406863136,14.3548968352715
12.7231826741993,14.4385783363914
12.7233541235728,14.3144157727826
12.7234298027417,93.5713488988515
12.723527238608,14.3755443403856
12.7239203840644,14.4210068209237
12.7241921686828,14.4021139153635
12.7242774864263,14.3766584883159
12.7243499660123,14.32991084321
12.7244480079469,14.476993278546
12.7248134715234,14.4689012626484
12.7254507941361,14.4015779997088
12.7259491117624,14.4236809533641
12.7260141217842,14.3326988637066
12.7260424536946,14.3341667620256
12.7263292979028,14.4237220267756
12.7268362243903,14.3589487305727
12.7268980096305,82.4950150295296
12.7273887782409,14.4126894897941
12.7275202036104,14.3793140029344
12.727529374392,14.3376128353633
12.7276255811431,14.5043091541379
12.7278398913837,14.4018469882965
12.7280491431589,14.4467886356614
12.7286083591874,14.4265763514224
12.7287842427697,14.4534289668154
12.7290094172591,14.3983460033418
12.7293736399179,14.3181831303116
12.7295781944942,14.4231715238366
12.7295934555889,14.3949971142789
12.729720425636,14.4146799811955
12.7301298805783,14.3701062544429
12.7303518185869,14.4279733499278
12.7305310641333,14.4304636386413
12.7313946872781,14.438196286651
12.7314494035,14.3719085189433
12.7315390142463,14.2899265208981
12.7317698174608,14.4543336907329
12.7320061657511,14.3597059087655
12.7321377565515,14.414763465143
12.7321851146966,14.4085493546046
12.7323310260164,14.4083365843261
12.7327926175254,14.4070305842846
12.7328333055261,14.3844011546694
12.7332646184469,14.4736729776605
12.7334077126039,14.3476560845584
12.7336532903824,14.4042585736591
12.7338239442668,14.3429787848333
12.734045884772,14.3841792488108
12.734575265848,14.3400804043574
12.7346684590149,14.3804547105126
12.734813487849,14.4296056613328
12.7352524679639,14.2957469077762
12.735440351987,14.4943852948765
12.7355427038295,14.4111574850094
12.7357513737096,14.3757457885866
12.7357684516088,14.4009456731387
12.7360039150365,88.654835696181
12.7361975185943,14.4016195863917
12.7362577458681,14.4022843131266
12.7364892332888,14.4660372908344
12.7365728744448,14.3298960457597
12.7365943236224,14.3693711966239
12.7366966762587,14.3347711796284
12.7373963491451,14.4245349982389
12.7377682076598,14.3707172218398
12.7378980580229,14.4628822652774
12.7380557976955,14.3821268882811
12.7381568033809,14.4411116333058
12.7382302262586,14.4333075787234
12.7385680047255,14.4793846215725
12.738634637037,14.3480840821933
12.7386892520749,14.3801615961857
12.7388821351785,14.4059218053882
12.7390286381293,86.0935479864444
12.7395992699264,14.4622741507158
12.7396498725634,14.3955076545817
12.7397523470466,14.4436284046512
12.740031188201,14.4189551071751
12.7401270510583,14.3039642233958
12.7401538315166,14.5087913336133
12.740322973967,14.4485561313867
12.7409245092629,14.2781048755923
12.740944333926,14.4750321918263
12.7409660125748,14.4255501338278
12.7410603929926,14.4663311136469
12.7417887232813,14.3862110398619
12.7417947283105,14.3975543888833
12.7418329738101,14.5297864210832
12.7418799804886,14.4428209117995
12.741903995698,14.3958243558586
12.7420732927343,14.360167548419
12.7422708565721,14.3771833569766
12.7423800669358,14.3438373638992
12.7425410509387,14.4253991055799
12.7425447682779,14.4115393531774
12.7425584403279,14.448716237498
12.7428078952018,14.4217306752037
12.7435556341324,14.4095546073855
12.7436961784674,14.471245807243
12.7439708699938,83.704104837403
12.7439771533019,87.1291676220144
12.7440695423561,14.4195866154245
12.7444330951668,14.3143747960025
12.7445010027501,14.4136461252683
12.7447857653419,88.8385569466652
12.7452744793489,14.379528080901
12.7454353884406,14.3230341791367
12.7460709089867,14.3960296786021
12.7465241000735,14.4090281799406
12.7469698038804,14.322996932991
12.7474024850763,14.3887655113379
12.7477063964553,14.3935281039815
12.747870633638,14.3470811257239
12.7479415194735,14.4506614224739
12.7481557689979,83.4940125693986
12.7481739611371,14.4600393584985
12.7482428172061,14.3688438922919
12.7484346100087,14.3491337776343
12.7485670234376,14.4867537749238
12.7487663014969,14.4438143601891
12.7489311781491,88.5329204832753
12.7495598332855,14.5291872711055
12.7495929050019,14.4152539576907
12.7496921193546,85.8628790376855
12.749800037139,14.3485557689931
12.7500193617662,14.4178912346094
12.7501042431021,14.476268946043
12.7501950250451,14.3466021148946
12.750217832342,14.3851579094389
12.7504000070148,14.4246532494427
12.750408221683,14.552242768931
12.7504735683372,14.3246139342665
12.7507262370407,14.4283401371397
12.7507394176956,14.5179502541277
12.7510568961996,14.4191923430834
12.7511667019138,14.5007685217132
12.7512102643865,14.4608621654227
12.7514887227954,14.4221034657867
12.7515314720513,14.5507862020598
12.7517188592759,14.456141242319
12.7520232186738,14.3327162102181
12.7521474522115,14.3430085154526
12.7524499512179,14.5219641643822
12.7525791590413,14.3894753099483
12.7526572720972,14.3692031429923
12.7527905850245,14.4507656473272
12.7531819404751,14.3892712227074
12.7535473603006,14.3151468375422
12.7538169330876,91.3866853805107
12.7538427862569,14.3861196167201
12.7538754250955,14.4759183428906
12.7539564449369,14.4255039791602
12.7542998410457,14.364505281708
12.7543850787086,14.4521069086929
12.754421779631,14.3375333516065
12.7545144243342,91.3776979259865
12.7548031529426,14.423702279638
12.7549906720037,14.3596280466719
12.7551626432036,14.3788058700625
12.7553269179059,14.3880784469288
12.7553319247222,14.3858134326531
12.7553675725341,14.3454019873424
12.7554950036734,92.2821499350914
12.7557654575518,14.4655002576409
12.7561463962217,14.3923257172175
12.7562384616804,14.3975389324207
12.7563351392464,14.3886661201219
12.7565204243795,14.3689336663342
12.7566512482566,14.3259428965672
12.7568564686927,14.4161501959148
12.7569366711438,14.4848410064984
12.7570900538601,14.3948692359759
12.7571448772881,14.4288823725175
12.7572170500319,14.3727973566195
12.7572421898192,14.2651368261285
12.7575702110962,14.4450466660289
12.757570555736,79.9560718488111
12.7576575331975,14.3457423357443
12.7584930415815,14.3872826533769
12.7585495219025,14.2687413758561
12.758622386897,14.3376316183686
12.7586307678829,14.2865081209864
12.7587568913778,14.2889607749333
12.7589922012535,14.4514846917296
12.7589993417379,14.421799739368
12.7590290465769,14.3573992823608
12.7591179233411,14.4988054216947
12.7592155603318,14.4682954189473
12.7594128507837,14.4111744259659
12.7594248123385,14.373682620737
12.7597899002333,14.4532880067049
12.7600737852613,14.3624485587877
12.7602806063846,14.3375238617571
12.7603182103839,14.399481769959
12.7604090468825,14.3640847629561
12.76044198786,14.4580728673461
12.7606920595505,14.3751953648723
12.7607902484965,14.4129441976169
12.7608857850476,14.3486454376441
12.7609381353643,14.4389771306203
12.7610823863339,14.4253768696033
12.7610931995504,14.4160684237827
12.7613882032347,14.5299287677604
12.761710320108,14.4588555582625
12.7617373267843,14.4362483285734
12.7618691478188,14.3566320905213
12.76251482017,14.448548481685
12.7626357384214,14.4224076862055
12.7630728462738,14.440978120289
12.7631829011379,14.3972183763349
12.7632821141141,14.35317103829
12.7635699836581,14.5232549841281
12.7637611610534,14.404609327762
12.7638774858422,14.4632278456594
12.764382788375,14.4904833152155
12.76447680394,14.4269394863586
12.7645054664416,14.4427727313222
12.7645515457332,14.412616228428
12.7646066763055,14.4344322063421
12.7648223427361,14.3161856906531
12.7650257473473,14.3472468860766
12.765152956294,49.3037251244675
12.7653461653783,14.3331512607643
12.7654831659752,14.4073645095346
12.7656450109192,14.3807810351375
12.7658645995992,14.349397364498
12.7664379626771,14.4232966251204
12.7665592491662,14.4482911193216
12.7666749254547,14.3153462797351
12.7667182221524,14.3253209504915
12.7668647178277,14.3760078068182
12.76770724024,14.4406028812153
12.7678396836439,14.3749447505406
12.7679605921994,14.4147974747885
12.7681892154857,14.4127506562231
12.7683049535582,14.3459191744487
12.7683095024775,14.4083644550341
12.7684706023048,14.4506295593808
12.7684756683598,14.3723298294928
12.7685119377869,14.3669051981607
12.7685279117286,14.3730945021803
12.7689211835069,14.4941007273529
12.7695571863986,95.244951753612
12.7696017090985,14.5011076953613
12.7696161992235,14.3260790658138
12.7702344017554,14.3663858695832
12.7702647352979,96.0299678771612
12.7703351653009,14.280216565473
12.7705209113766,14.3843381791245
12.7705257376841,14.5211377150568
12.770601346123,14.4184328513478
12.7708817778888,14.336258895293
12.770924625004,14.4485141504435
12.7709501587718,14.3982364649862
12.771429219388,14.3821267860813
12.7717201847508,14.4948235586587
12.7717871599957,14.4093247689098
12.771811977585,14.3593110841061
12.7718425705091,14.3911666905783
12.7720196511433,14.3487868018412
12.7724518980463,14.3488529539859
12.7724669369035,14.4424266646631
12.7728077498595,14.3326939751071
12.7730559776466,14.4211511469788
12.7731791924325,14.3308768236742
12.7733415911651,14.3602900088282
12.7737895128666,14.4843892205859
12.7738905186517,14.4508056563809
12.7742998860647,14.4120062062392
12.774451244433,14.4022554283276
12.7745337504842,14.4030545355958
12.774727200117,14.4365693795121
12.7750853232149,14.3507509705522
12.7751585262626,14.3931135159167
12.7754105197342,14.3522308119148
12.7755031994123,14.4916413247365
12.7755337829325,14.3753516548154
12.7756256699517,85.6031526024741
12.7756537967085,14.4653422297965
12.7757115265653,14.5076174618934
12.7758308309581,14.5018888373859
12.7758852879283,14.3755171041007
12.7758876683078,14.4350310600892
12.7764141603628,14.4989135698099
12.7769396833879,14.5006410429958
12.7769730512014,14.4573455510824
12.7773017844005,14.4005782641859
12.7773854806383,84.7421721224455
12.7777024160947,14.4059451322764
12.7777622151715,14.3357780504119
12.7778944417177,14.3786508261165
12.7780987806641,14.3932535687394
12.7788346131683,93.2277888374889
12.7789277039276,86.456284112092
12.7789764435061,14.4256890237803
12.7790071211053,85.0259853972164
12.7790298641302,14.3709451312618
12.7790888916617,14.3664863925115
12.7791568877338,14.4690712261022
12.7791973014788,14.3780981306572
12.7793364153687,14.3167698171356
12.7794608208808,14.2378861029755
12.779536977667,14.4085722256053
12.7797252739082,14.29395417793
12.7797966920692,14.431941365426
12.7805209766574,14.4159908918739
12.7805921969944,14.3148192855161
12.7806823365873,14.3045293654794
12.7807619041015,14.4372719664997
12.7808231871112,14.3676274939324
12.7808458197196,14.3753160594478
12.7811377949648,14.3990256429715
12.7812283060854,14.3280200862972
12.7813169263296,14.4203791812899
12.7814107754881,14.3896292031486
12.7816877934181,14.3541584174865
12.7819858871592,14.3500987472645
12.7820267742923,82.4085648056444
12.7821044496716,14.4107120388209
12.7823999399225,14.3618443497758
12.7824781420441,14.4608471735091
12.7826964531805,14.4613687764528
12.7827146278718,14.4042555031971
12.7827515516437,14.3650482985865
12.7828294549771,14.3309245998068
12.7829461434352,14.4982426030287
12.7830088456358,14.3227957056639
12.7834657015387,14.4103948566196
12.7837462509481,14.5023120149156
12.7839074577966,14.371577668101
12.7840006939423,14.3960232480843
12.7842680261636,14.4019768559612
12.7843703542611,14.4525304909304
12.7844014457682,14.4760763591382
12.7845271280564,14.3379359141963
12.7845948084809,14.4028255021157
12.7846526424396,14.356116111945
12.7848333092884,14.403079082251
12.7849404554297,14.4810022921854
12.7849756539262,14.2500834217907
12.7851197378535,14.4105741826886
12.7851283631043,14.4119771620026
12.7852120566905,14.4135778784443
12.7853334243274,14.4212228698634
12.7854311226621,14.3070264840946
12.7855725366872,14.3953199659551
12.7856977472499,14.436840352354
12.7857283614866,14.3281324396496
12.7857315179135,14.5148201447754
12.7858229242436,14.3503413184518
12.7859747806453,85.0652752212429
12.7859855107675,14.4378714859675
12.7864007540741,14.3166120308212
12.7865209427177,14.4751409202227
12.7867381175126,14.2897003018106
12.7869878446634,14.3321420891267
12.7871264621398,14.3432069376401
12.7871793624349,14.3874526098395
12.78719775513,14.3731434869688
12.7872833364702,14.3765536286158
12.7874052696029,14.5172054387243
12.7875498369995,14.3586523991419
12.7875651522331,14.4081685405402
12.7875672606682,14.3265385320893
12.7876478490059,14.4523843195659
12.7880450935351,14.4511903486696
12.7881467239738,14.2626355454967
12.7881509547899,14.4660462670153
12.7882510308404,14.3034834880536
12.7883337641482,14.4497044430177
12.7885322094435,14.4118526977179
12.7885691048862,14.2992322684406
12.7886493596816,14.38767144906
12.7886533119265,94.8249377834943
12.7891872620854,14.3347636102971
12.7893592153202,14.4383938150644
12.789368058498,14.2912503943936
12.7902153716736,14.372857760414
12.7902544448475,14.3117035737406
12.7903019901426,94.0408481174721
12.7905901051628,14.3390955043241
12.790715506346,14.4754362151789
12.7907583489714,14.4570387510144
12.79087664153,14.4776499772457
12.7911275478068,14.4062387652118
12.7911468015953,14.3412268133871
12.7914598662602,14.3812322723668
12.7917554604257,14.551329402584
12.7921426358643,14.3633176426569
12.7923030538877,14.4395401464548
12.7925765803934,14.5279570982834
12.7926314805566,14.5133484032815
12.7927250497784,14.4137107081327
12.7928008870076,14.4012655110589
12.7930456349753,14.2601031949741
12.7930556308554,14.4229026885504
12.7931078395021,14.4697106378824
12.79318049953,14.4979339064356
12.7932397342533,14.3499584601033
12.7932397761451,14.3672993723645
12.7933646431244,14.3334333295371
12.7934879369124,14.42935398235
12.7936635386273,14.3891048892277
12.7937999559177,14.4575810441628
12.7940631472966,14.4282886894765
12.7940834511555,14.4365244262734
12.7942250330236,14.4240686815799
12.7942757846483,83.935870451162
12.7943022609291,14.4143838952391
12.7943688014852,14.4239076758264
12.7946241535762,14.3314451362863
12.7947167495869,14.3763046826275
12.7948848204704,14.4167518283966
12.7949750904322,14.4421148452834
12.7950451481314,85.484158331366
12.795054553984,14.5167982913775
12.7951246269767,83.7062846936327
12.7956556923954,14.454659761775
12.7957837645716,14.4733742254641
12.7958023984946,14.3634192901355
12.7958570144222,14.3914984643361
12.7958729933379,14.3535506434305
12.7959078579337,14.4246681405807
12.7959895806513,14.3621405757163
12.7960438967445,14.4874595818716
12.7961607430618,14.4937692110098
12.7962885147423,14.3613893731524
12.7963620864671,14.311528686088
12.7965133987862,14.422797364195
12.7965501779809,14.3384290404735
12.7965629142427,14.3857199760789
12.7966484183567,14.4510895379523
12.7966811127445,14.2813004316482
12.7968795841847,14.4488664611919
12.7969124426859,14.4183620307482
12.7969518604003,14.3976862224735
12.7970253053297,14.3532422549797
12.7972801556102,14.3897327583823
12.7973953320651,14.354678370333
12.7976368066825,14.429063942702
12.7977730239895,14.4603869185446
12.7979463097705,14.4515236727274
12.7981840492256,14.3211734804294
12.7983075416393,14.3712420004748
12.7983147756219,14.366604067242
12.7983196346754,14.4612788423955
12.7985783282194,14.3874120668586
12.7986924259865,14.2644328502207
12.7987665083571,14.3859527637939
12.7988408180001,14.4038615435015
12.7990403662082,14.4257838729435
12.7992546499978,14.3608672062607
12.7995720749965,14.4031136465336
12.7996621365362,14.3729966533247
12.7997578848996,14.3643266023277
12.799805027796,14.361001122911
12.7998242304148,14.3343247144828
12.7999830266201,14.4778534428752
12.8000975299251,14.4115764380411
12.8004823076855,14.3180336003562
12.8005749779439,14.3748261829541
12.8009624530688,14.3433272692395
12.8011707078521,14.3933764573906
12.8013600914711,14.3856694044245
12.8014221155144,14.3237622070842
12.8015648622648,14.3337669220113
12.8018874497305,14.396799793872
12.8021782954168,14.3609645148515
12.8024558816817,14.3826108520002
12.8025171940042,14.4900325488743
12.8026163266485,14.3951292475185
12.8028387151895,93.644760345748
12.8028784191911,14.305433935411
12.8029559017517,14.355046281593
12.8030330516185,94.0736649807497
12.8030413447367,14.4107944807711
12.8038538107483,14.2825478693154
12.8038820560904,14.3545629286585
12.8042644359897,14.3305300298367
12.8046129398956,14.3959623243103
12.8047195184568,93.5408737895238
12.8047950758505,14.4523841603048
12.8048075249353,14.4244925878896
12.8049635295763,14.4103253831642
12.805234811219,14.4452561368997
12.8053470975413,14.4629715106791
12.8056641482196,88.2358057109363
12.8057367410291,14.401271425309
12.8058497570121,14.4516547971935
12.8061715130645,14.385123767709
12.8066842688518,14.3832852902162
12.8068338138058,14.421294816223
12.8070116429446,14.4116452352221
12.8070259310804,14.3921603078732
12.8072341903934,14.5387418908374
12.8073026136238,14.2831523303338
12.8075262502304,14.3587041840096
12.8076624967433,14.3448780093133
12.8078069283736,14.4501390989397
12.8078261412049,14.3959148809841
12.8079691648629,14.4421156856475
12.8082651337534,14.458148943251
12.8082672738396,14.4089704388369
12.8083816777663,14.3657517714197
12.8083957603281,14.3704787422704
12.8085039907673,14.4077190244024
12.8085168539902,14.3720554100315
12.8085407334083,14.4340129541146
12.8087816969863,14.3724351478226
12.8089815041637,87.8484980919459
12.8093881979538,14.3807029204681
12.8095114555897,14.5465805796422
12.8096092362386,14.3702558981814
12.8097083722042,14.4232343901213
12.8097486735653,14.3874544369535
12.8097765548007,83.5101542723791
12.8097785876376,84.313741814582
12.8098453045697,14.3947090402679
12.8098455649546,14.5320815824123
12.8098587467073,14.3952109236788
12.8103158118203,14.3842879710498
12.810333291423,14.4600518349037
12.8103534922332,14.4325044019937
12.8106102369351,14.4064375770772
12.8106570100968,84.9508036107332
12.8107767205883,14.3658480988086
12.8108164740725,14.4460513259813
12.8111415109419,14.4678734823931
12.8117975499297,14.3474758749307
12.8118365674763,14.4382379012453
12.8121433651586,14.3581709210806
12.8121674010093,14.3499666502644
12.8127024018761,14.4603395083396
12.8130383365756,14.4246743850014
12.8133224201267,14.4468828756794
12.8136837503005,14.3669947921353
12.8137611492349,14.3066661839019
12.81379515866,14.448932875049
12.8140019374583,14.3677546016658
12.8140255081951,14.4059766289614
12.8141961233547,14.5360405791978
12.8144403101027,14.4128568678508
12.8144987244249,14.337988266504
12.8148829265565,14.4049852359264
12.8149077051845,14.4506296962907
12.8149462433843,14.4154516958615
12.8150695125333,14.4203154689767
12.8153217176784,14.319455594384
12.8153476636042,14.4410644949464
12.8153864071495,14.3598904195219
12.8154735578131,14.4390225119732
12.8155774192496,14.4701241404358
12.815630029915,14.3466895187666
12.8160066903153,14.3688416074081
12.8161595298622,14.4270815101523
12.8162802031078,14.3322181922375
12.816351930445,14.4138689805292
12.8164823997926,14.4744834460028
12.8165234160976,14.3629273515026
12.8165373554169,14.4596724668947
12.8165797788293,14.4473615612014
12.8167914914042,14.400178889622
12.8168126815258,14.5503577679153
12.8169202500775,14.443885609913
12.8169698241682,14.4522293102622
12.8169950252623,14.4538863881247
12.8170926462315,14.3824781815867
12.8172350121909,14.4160048601784
12.8173334947724,14.446197165231
12.8174451147348,14.444812423464
12.8176238437681,14.3334998872072
12.8177791251755,89.5608227023261
12.818279154368,14.3734921699134
12.8182797549888,14.5228012136036
12.8190157136834,14.2915295509146
12.8191063037295,14.4343153785367
12.8191230229787,14.3880267927753
12.8192555662417,14.4261512312298
12.8192829199463,14.3703636424074
12.8194791939601,14.2893642123809
12.8195231545504,14.3311704961629
12.8198727702357,14.3756339063707
12.8198863496443,14.4187720859046
12.819945772828,14.5270627256341
12.8203005330886,14.3335125568537
12.8204055314376,14.3020011974402
12.820452519116,14.28984593982
12.8204619672788,93.5805180210491
12.8218653922196,14.476663985971
12.8219854545022,14.3161355474641
12.8223306603604,14.2910191776741
12.8224645199525,14.466673006853
12.8224743723476,14.419594074454
12.8226365020235,14.3747882922229
12.8227223207791,95.3075622950736
12.8228222366716,14.3330939244572
12.822921872519,14.3535280916883
12.8230950815704,14.419019378176
12.8231337192922,14.4683287948308
12.8234059038317,14.429194758952
12.8234275198771,82.2678748911392
12.8236159684499,14.442441793993
12.8238236440106,14.4255227650392
12.8238309202632,14.4169029127988
12.8240991063663,14.3268946302321
12.8241171718752,14.4003150162818
12.8244631426493,14.3915058790149
12.8244912260631,14.4573917806957
12.8245094284181,14.3609853974152
12.8246788826929,14.279918524727
12.824684825283,14.3632969510344
12.8250725258279,14.4674055546677
12.8251421476115,14.3806472444607
12.8252854715784,14.3897885892523
12.8253351847184,14.5024085114904
12.8254678776088,14.5016567042393
12.82562343918,14.3951139369383
12.8257066919063,14.4892904670452
12.8257963470792,14.4588671197612
12.8258330844111,83.8508132731649
12.8270030428705,14.3308732631259
12.8271610913566,14.4619432217772
12.8271749637058,14.3330764687558
12.8272089909648,14.5332628526091
12.8273076148216,14.3760401894264
12.8273729045753,14.4201137874309
12.827722976742,14.3965969344817
12.8281760436767,14.3755242012175
12.8281858907108,14.3640470836634
12.8283072462421,14.3993814924864
12.8283611992068,14.3730059690837
12.8284876144524,14.4190028380605
12.8287028949022,14.4274760255302
12.8289668895363,14.4714572935902
12.8294282030783,14.3733893458764
12.829661079199,14.4967127746091
12.8297011466622,14.5083257674567
12.8298501906451,14.3800376755386
12.8298568605637,14.3778566329476
12.8298797334184,87.7577468177634
12.829997652585,14.3673690987607
12.8304515308149,14.5586190980627
12.8309536702404,14.4691716794396
12.8309593299652,14.4163802389215
12.831058365698,14.3900023802284
12.8312603012911,14.3219769349448
12.8313958978191,14.512420389133
12.8315803870898,14.4168477243215
12.8316435755449,14.4221784658734
12.8317853855639,14.4683573867341
12.8317999239334,14.3988490895901
12.8319858306423,14.5204106796329
12.8323671757046,14.3476306394334
12.8327300787781,14.320516924417
12.8328349533708,14.340046580559
12.8330261944803,14.4047264996504
12.8330728371872,14.3819005302433
12.8331611525952,14.3109883530408
12.8331911560811,14.4262378862665
12.8333777558398,14.4535705677873
12.8338443431761,14.3732219205947
12.8339138133641,14.4980686150654
12.8341263442625,14.4789756426516
12.8341297116426,14.3845375936733
12.8345935434843,14.3397789938246
12.8347882475822,14.5144726837876
12.8350168426052,14.395849909064
12.835275707717,14.3914946090947
12.8357366033648,14.523924266666
12.8363512799346,14.4141421829724
12.8365149502596,14.3076088772891
12.8366408348716,14.4206546669879
12.836684791304,14.3917419921585
12.8368494865611,14.4582375259163
12.837181317922,14.4277987314843
12.8371834046476,14.4597757973766
12.8372602555954,14.3912305401554
12.8375011679996,14.3967450519509
12.8377974975618,14.435054064307
12.8381658143633,14.3312388626982
12.8382224171927,14.406889660452
12.8382927518642,14.4546536170763
12.8383012731022,14.2799062155475
12.838441283859,14.3806942871496
12.8390837772143,14.477459222199
12.8391921888023,14.3584308523006
12.8391990062288,14.3777015658479
12.8397456504342,94.2673928210636
12.8398366857409,14.4304392290449
12.8399503829426,14.348874292474
12.8401735612681,14.3830675813905
12.8401878651454,14.3950634559522
12.8401912834463,14.3534437658385
12.8406467210776,14.4153144405818
12.8406539806465,14.3457146277628
12.8407072543538,14.4147481411241
12.8410944668918,14.4376710426259
12.8412966520359,14.4453833060484
12.841745925733,82.3148551526951
12.841896094979,14.4543687139669
12.8419297892153,14.3976129272132
12.8419875691639,14.3714302952746
12.8423559478018,14.5037665967901
12.8428597179359,14.3762980815144
12.8429338052494,78.0048111425865
12.8435635580372,14.4523950391981
12.843603037505,85.2877288424726
12.8440011572616,14.3876838252784
12.8445240467369,14.3215434569704
12.8448799701418,83.1960483694113
12.8453849257296,14.3929927669575
12.8459781287267,14.3064210735432
12.8460320952267,14.3315658347054
12.8465559680706,14.4957651808912
12.846737878126,14.482734673976
12.8473829630378,14.4931361555918
12.8474309148009,14.4173636558205
12.8475636881788,14.4196608466882
12.8480970179199,14.2949032017613
12.8483832676221,14.24310223203
12.8483923549172,14.4684187244575
12.848967111934,84.7991342192133
12.8489814600024,14.3037294032156
12.8490171647498,99.5642683758069
12.8491795808909,14.3835757733427
12.8497696938257,14.3920073524883
12.8499086546218,14.3540368396825
12.8505996252299,14.3725075532873
12.8507907811277,14.4188877007094
12.8510417309915,14.3744679468301
12.8519690855523,14.3628916599957
12.8524886041819,14.4102297953711
12.853011171792,14.3221907453745
12.8530113862512,14.4232346675533
12.8531346160441,14.3796117899865
12.8533045875177,14.4253615077952
12.8535187975178,14.4456516109338
12.8536547668059,14.4272716789503
12.8537115036523,14.3955566833108
12.8538465986707,14.4651772863967
12.8539860651663,85.9016736913549
12.8542077232802,14.3995696312745
12.8542943135411,14.4565974608532
12.8543170659097,14.3712614292497
12.8548656885984,14.4568068194357
12.8549148075326,14.3889946420145
12.8552112213416,14.3672000994455
12.8552611917199,14.4560553209239
12.8561961964334,14.4552323232738
12.856722826777,14.407048036229
12.8574738554754,14.4043571066848
12.8577588607398,14.4089835780459
12.8577713065012,14.515931284485
12.8580442527977,14.4060810541292
12.8582848204378,14.4070143168135
12.8583850014944,14.5181167143802
12.8584553935687,14.3556588733467
12.8585584318574,83.7766053746881
12.8587161343902,14.4407120309039
12.8588958565414,14.4163615148749
12.8590797941976,14.3557948494824
12.8591696575421,14.4634224000158
12.8593085603909,14.4167965192461
12.8594045029121,14.5324268961482
12.8595564838917,14.2969150302945
12.8597086639682,14.4672836504806
12.8598307599875,14.4314764336795
12.859983619686,14.4116729657967
12.8600037764307,14.4410919770518
12.8603285421063,14.4538907577996
12.8603388549308,14.3874327516336
12.8606201162694,14.4104540798938
12.8608393053782,14.5383856383821
12.8612156934581,14.3668130693694
12.8612318847683,14.3678699888753
12.8616459733219,14.4884737423413
12.8617310447775,14.3891482259019
12.862180150679,14.3614674309679
12.8628962711911,14.4697422221533
12.8629194704424,14.4540888663205
12.8629798791884,14.3760872077445
12.863138717336,14.4610435090084
12.8636918251751,14.3642691673571
12.8638181462388,14.3209664967473
12.8639458764659,14.3131615450281
12.8641171815141,14.4030959987871
12.8649358556499,14.3672066712432
12.8657063546273,14.3916000068271
12.8657378716459,14.4264655479952
12.8657635161966,14.44631704549
12.8675245456484,14.4383197708562
12.8677955154946,14.3512703660578
12.8683954851025,14.3098237548185
12.8686033117576,14.3700161393235
12.8690823107406,14.5360140732693
12.8698750163743,14.4361117831782
12.8701275963059,14.4430694620617
12.8703623442008,14.3107715451421
12.870908945646,14.4800892130066
12.8709951576036,88.441463007821
12.8717075401112,84.2862738797636
12.8718897465206,14.4561678951111
12.8734165997687,14.428270101879
12.8734368446358,14.388491449005
12.8735535335889,14.4240989241305
12.8736584613603,84.3750743513624
12.8737004149763,14.5683550000938
12.8737692153585,14.3145448117378
12.8740105127416,14.4845562516774
12.8740190618845,82.3700240534491
12.8743640468617,14.4052242316451
12.8744212641987,14.3785823863093
12.8744664335795,14.4759064315408
12.8744921987747,14.3987262343245
12.8752740823133,49.136104348649
12.8766714013871,14.3280287917153
12.8770178865956,14.3660754305951
12.8777377761908,14.513164866758
12.8779912843184,14.3655552853318
12.878901131123,14.4001258215164
12.878917550794,14.3496384737571
12.8795544739422,14.4030189168607
12.8795604226879,14.3624772978446
12.8799895244168,84.3161991072667
12.8803680674912,14.3581776065402
12.8804063903249,82.1859143490704
12.8816943138689,14.3623336829063
12.88196071771,14.3846206867187
12.8823763157227,14.4214658431576
12.882934816724,14.3983288508073
12.8841294135842,14.4654797724817
12.8842457677596,93.289399764204
12.8843493369997,14.4135135179153
12.8848918646061,14.4316767659879
12.8849534555618,14.4585541683064
12.8863981940145,14.4219613520538
12.8872972125072,14.3771783615869
12.8874579766831,61.4452401227597
12.8875833591455,95.4286023355804
12.8877650957494,14.3870315323963
12.888330043268,14.4733487489504
12.8895582661476,14.3716228408394
12.8897732382174,14.3757068970426
12.8898386514087,14.4484037589041
12.8905861358449,14.4068728423006
12.8915778495022,14.3261779328351
12.8917276127546,14.4700783694873
12.8923442884343,14.4035587626876
12.8935460550008,14.4520993030184
12.8946692960228,14.3848669027509
12.8951884617511,14.3654406880391
12.8954926691629,84.8799848147721
12.8958005275121,14.4503204378563
12.896322299885,14.2519016333972
12.8968316600409,87.0270138855475
12.8973665644157,14.4013262346645
12.8977991165984,14.4564895116311
12.8980228998125,14.4703421494733
12.8981230409919,14.4291326068375
12.89915582018,14.3504165892992
12.8995302949631,90.4418860781545
12.8996413694853,14.3779260947414
12.8996977584699,87.4203955809332
12.9008797558828,14.376228428876
12.9012945023167,96.3171564794322
12.9016717725756,14.4722592734745
12.9028586193045,14.3604515561605
12.903301092531,14.445623235067
12.9054732936375,84.0967339118549
12.9057173608732,14.3758190362258
12.9059726950881,14.4117284084211
12.9066009900222,14.3075367964164
12.9066735079687,14.4046628243897
12.9067462619666,93.5466433737897
12.9069464249137,14.418356466627
12.9096386089875,14.354568755058
12.9108978499041,14.3007105490488
12.9111210101397,14.3793119325145
12.9131594219563,14.4107842603481
12.9133001963862,14.4245113810757
12.913638387621,82.9484356403357
12.9173544087564,81.9091716293464
12.9176729243263,92.0327888373415
12.9195557984076,87.17111331757
12.9223857797262,14.3867885006423
12.9231479431855,14.3792570185371
12.925141530152,14.3600231718173
12.9255341523108,83.17096797698
12.9276700281014,84.2041444874151
12.9300890066319,77.649405085192
12.9312509676957,14.3563977989856
12.9333786802249,93.5040266146529
12.9348165377125,14.3864688219799
12.9356144538224,84.1094647215334
12.9368656431049,81.3769283680372
12.9368909537897,14.3081063866531
12.9412907508508,87.6526284295791
12.9447789297518,84.2536120895616
12.944926523282,14.3233623005331
12.9481360737475,14.3701380526018
12.949059475484,14.4001623592372
12.9495740881828,85.7968703726295
12.9503731465443,85.4606797552954
12.9513012711199,87.4808829251043
12.9552920435059,14.3973568775095
12.9561602150087,14.4927072892631
12.9589930378443,84.8111319369989
12.9627158676988,97.3634049750455
12.9761883251009,93.4240936361595
12.9767203810016,92.5103216723277
12.9780594076213,88.3899968232451
12.9793871974151,85.5814266140305
12.9804117419719,14.4248901539231
12.983908631499,93.0325184353842
12.9857066920397,86.6167507495738
12.9871232168384,87.0565053174635
12.9917260470018,82.6028407150469
12.9949109938993,95.2228192687945
12.9951413047386,82.6039481390668
13.0053175525985,89.6709590855054
13.0062305754848,84.4138050649214
13.0160634139136,85.7204212024701
13.016911202258,85.9014368686746
13.0177052113543,49.147895825672
13.0193160336745,83.460042983257
13.0241792308789,85.9875747130317
13.0288730599689,82.3605512591379
13.0329994402749,88.5327922246095
13.0339757788134,50.4708062462593
13.0404383309989,95.8224025782676
13.0433065977754,86.059251407071
13.0502780489664,96.6531833974604
13.0545623737242,87.3629681614524
13.055416904828,80.6239310269425
13.0566388459381,95.3553142297781
13.0606577797418,84.8730767119348
13.0653312021626,85.8395487373201
13.0678058732127,49.0190134858235
13.0730540782577,83.7574740217718
13.0743050379042,93.5285810827565
13.0752682723817,89.2181712160265
13.0755537623068,87.2032227416137
13.0848874283277,95.3981598012174
13.0865884027368,95.4135352168589
13.0878543841174,85.1396688526987
13.0920519882408,82.3770847028352
13.095962652196,94.9749993754788
13.0972012143061,93.0993342812885
13.1093789757314,97.6468346118916
13.1116116404322,84.3471179181471
13.1151080318716,84.3954359117117
13.1164839766474,84.9069089546615
13.1231131341965,87.4305757895377
13.1237321731407,94.7928154172681
13.1242424431534,83.4128922245943
13.1290448417765,84.0618676054449
13.1331244523889,82.1178215832947
13.1343003984314,85.3265409618878
13.1504483565353,84.1964471630348
13.1578872085003,83.2752150240365
13.1597172617283,85.8639382985725
13.1658856725384,83.596508434938
13.1673240334779,86.0147360672116
13.1709715400493,86.5271555989319
13.1819487457619,83.0139078158157
13.183820805115,83.7040131895986
13.1926135741231,43.8892692974441
13.1926338722562,84.9369073254827
13.1937615423174,82.067148898993
13.1937954434437,87.4631132091531
13.1948387047489,81.6541505823072
13.1995960671025,88.5293541558221
13.1998830473825,82.2544011071667
13.201466114452,82.276996349544
13.2065835263047,83.5885009507966
13.2080868231055,83.9491411943833
13.2096451023133,82.944485875262
13.2110644781983,44.9264536166581
13.212431248676,85.9661950176861
13.2125163547598,83.1657211600158
13.2151927460223,94.8930007962699
13.2159225498828,84.9843903904479
13.2165006865571,82.1841291997113
13.2233309927928,96.0171263746553
13.2273539923343,45.1690819536939
13.2274900789465,92.0673294493185
13.2321896687195,85.7698163351861
13.2338549983962,93.2264882645734
13.2346525851614,86.1279637831913
13.2346888522047,82.3633512638721
13.2352605570502,84.962347899519
13.2372820109343,90.6430324347095
13.2376923521717,85.4037181634806
13.2422708275432,94.628560577143
13.2430523745929,82.9811604821755
13.2442513901553,84.0356942112939
13.2457667438305,88.5155871975804
13.2588849507475,95.0781553787955
13.2603916152388,86.8236211553843
13.2616266262298,86.5287900334629
13.2620170705695,84.3903996281991
13.2627036006644,97.0483122950764
13.2627705216887,46.8222467410144
13.2640311629257,84.6220385340632
13.2642925734098,82.0235705868179
13.2644628033071,97.0370767672485
13.265718400659,92.3718700132781
13.2674123275994,85.8845424277625
13.2681397730498,95.0295770016141
13.2701004991033,93.4331012793123
13.271829265929,86.0305025925803
13.2726634407973,90.3797337265409
13.2868527324034,83.2488632180876
13.2869874991233,86.9661607611685
13.2961526963048,82.3806249284432
13.2976115428889,45.068181462292
13.3002678751946,84.3923253233688
13.3027879593183,82.5538764475265
13.3095691497063,95.3216297402972
13.3114111216832,48.8442632333125
13.3175798570099,47.1366060529424
13.319292186505,94.9649443967742
13.3193529511149,86.1138373630831
13.3195888432532,82.6245416173278
13.3273833645495,93.31671851729
13.332424710268,84.5453137751372
13.3355949507894,82.5108494745175
13.3415113731693,83.7024812383377
13.3499502902471,81.1116406552592
13.354255240283,82.4021205174807
13.355042964578,93.7087504792197
13.3567445975118,85.5455709851773
13.3573043327372,91.1192595157913
13.3582449910279,85.163137146534
13.3701057940373,92.9258848674062
13.3707478637748,84.3971412639666
13.3738238123431,97.6549915436712
13.3780845008588,88.0478828325706
13.3799926102089,84.2333684918302
13.3804447506164,83.5180530816564
13.3866284210646,48.7667480702697
13.3926894311952,84.3702900455827
13.3973450734262,81.9251761412888
13.4128842468151,85.3169878574481
13.4149752637345,96.4159704068133
13.4184334899939,85.0773595533092
13.4192694233848,84.2298789874338
13.4231914501143,80.791642549475
13.4245565516385,84.2688960155217
13.4292553717631,42.8288005340608
13.437371099862,85.2219776826043
13.438026958709,87.4249658134373
13.4407799068312,85.0414410043154
13.4474710888502,92.8993244615668
13.4483706777507,91.4228165763677
13.4510430087065,96.5316158885307
13.4531971822217,40.4549675516032
13.4532662545946,91.4796609379825
13.4543187009428,85.3270187750135
13.4590481772178,93.8041411415593
13.4756004585659,83.9293341987661
13.4820244423199,85.6213397538163
13.482316290497,84.8114663587428
13.4824829746095,84.4114156706982
13.4828826316618,50.1873604667382
13.4884529598463,84.2071792161929
13.4887745880263,93.8842931160615
13.4901071871584,86.4190300843333
13.504680590987,85.0070069363822
13.5050031312727,48.7417685375204
13.5051748466554,85.3396399916131
13.5054680362492,81.9728999062158
13.5092961751165,82.5814455535096
13.5103814201865,91.7544684895928
13.5167948177449,82.8786763702557
13.5193236831701,83.4844564312757
13.5214494321767,95.6079655615344
13.5242381927048,84.1232558634409
13.524718856597,95.2428149810237
13.5327816910158,88.3862203113811
13.5338475912778,82.2217270490336
13.540207483168,89.3876551352999
13.5407025390688,47.3802237446155
13.5410868995436,90.7108676370474
13.5459718160956,87.6193933860089
13.5471009651526,82.6205626032875
13.5489729025765,93.1509170009585
13.5500621648236,57.113601463124
13.5506402178187,91.2680997447961
13.5519437043379,95.0618968959647
13.5588860331495,98.7698475370237
13.5693896693289,86.1600247043606
13.5701241425525,85.3621584632042
13.5813426485645,53.7161879531261
13.584544694538,84.6409159682201
13.5898764720746,85.4822378975416
13.5899142657147,85.2429269842341
13.5925310125314,87.941646201368
13.5978582362857,81.9477992946171
13.6163280565898,98.5602346463373
13.6172809552985,84.8364200670749
13.6192940174671,85.5594874977607
13.6324485882524,97.0736895769365
13.6451197206704,86.1972837405588
13.6547582883664,84.0930715926263
13.658307946939,83.7231129836258
13.6729568309521,97.1570520339805
13.6742146261666,82.670933829334
13.6745081316652,96.0831972959837
13.6811411281762,90.7497703604485
13.68132557906,84.3530969179038
13.6824550962933,83.602199474543
13.6828912907568,86.9114959452725
13.6976406254765,82.7307467723067
13.7022044028675,95.0900677569945
13.7104410823344,82.8307953583773
13.7113988096153,84.9823656157379
13.7141947365332,86.7905336009328
13.7159811410117,44.0633830093138
13.7177202213124,82.56560589856
13.7180519346701,84.8874901434966
13.7216895840729,48.7455999042832
13.7285099176405,86.1052366870617
13.7364030149562,79.9859784597479
13.7384314397806,94.3424404982943
13.7386883439431,95.2785473030449
13.7389033712945,84.557391932007
13.7412584700446,96.0818363761583
13.7454040465384,46.8800754756354
13.7462654230468,89.0113271738284
13.7563045929916,92.1949420220131
13.756797033216,82.9908807651884
13.7589203905308,86.6105299002642
13.7721863571269,82.8279695121064
13.7736661794304,85.5372132238862
13.7739942574858,82.0696322627645
13.7750905029859,92.0069368730615
13.7767261446263,83.2067019442751
13.7929090597002,85.4016176016434
13.8053406427265,51.8488364732052
13.8115846846614,93.0906587210256
13.8121810448548,88.2084093347315
13.8347347769751,42.1810242703667
13.8375006725191,91.7828155663695
13.8391331643881,83.4810491893656
13.8462546575986,98.0349916484024
13.8622529540398,92.6308330052925
13.8664617923728,96.7562961289139
13.8704983752345,49.4651143939343
13.8704987831629,49.821189784997
13.8723490532277,84.0502284735606
13.8746432557987,94.0118138972117
13.8789499481612,82.3336164518434
13.8884592204386,81.5388092589695
13.9022845101869,83.5448493211203
13.9047599869008,84.791994474243
13.9077379658341,86.1564621325467
13.9104179502578,87.2160279201333
13.9113017484637,86.3498399177624
13.9128288155724,95.7457498613235
13.9228581105779,46.4035048319883
13.9343644131061,84.4126253476983
13.9358279563319,99.5106555749579
13.9360102870839,93.8534611709149
13.9365398244223,81.0555266939894
13.9382220022986,90.6771225888318
13.9413552216503,85.6316946333671
13.9415964003818,86.2670245478521
13.9423442841541,92.3283552443925
13.9464618673157,83.4694254732622
13.9474930642763,92.5497635974042
13.9671967832401,48.643024274344
13.9677623254444,86.7302970336497
13.9735601385171,96.185961784173
13.9748928635642,84.5792265837104
13.9787196823189,82.3080805440945
13.979354677817,85.3812798020632
13.9817808015857,84.5602403652372
13.9893343753872,82.6895177152739
13.9927293925143,94.0168620492395
13.99319732731,84.6400809871595
14.0021414546205,85.1902872120272
14.0106438039162,83.5857709469818
14.0126826687471,43.0386389662608
14.016015649436,52.191167410008
14.0240179550398,84.4907486036688
14.0243841950112,85.5512087769186
14.0367184550853,51.1395263159355
14.0370122770364,49.4648187063086
14.0516658783776,50.5815310572632
14.0633545819348,93.1805373120602
14.0693437441753,52.9631321021257
14.0694901123443,80.7830429462667
14.0737571437873,85.7073828775274
14.0769193707952,83.179208743939
14.0825109878211,83.6128738887671
14.0833126249833,87.160046690935
14.0920458788557,43.141557019751
14.0969231546607,68.8398907652233
14.1035134760381,86.4580483710819
14.1097702028883,83.7065795293245
14.110589379512,85.9291876515542
14.1130850050862,84.180756587268
14.113129249233,85.2626646735869
14.1286449465254,45.8654287003453
14.1295020316723,85.5111953224493
14.1369640549186,94.8631661398976
14.1385716774617,68.6815013081752
14.141937246787,87.2001934082927
14.1427702931139,82.1932878217998
14.1472700919485,55.8962234514302
14.1500910283899,85.1203496211287
14.1516096478867,84.4320990197208
14.1521857035539,84.8879222878729
14.1667359932819,84.1497369692023
14.1668763074528,85.0513784961268
14.168329795161,83.9405426263647
14.1688274625948,91.5174259462597
14.1692397335573,44.257178103903
14.176039344231,84.5435075215046
14.18089239618,47.466199584321
14.1813761894576,85.2570421324812
14.1848872453963,22.7811653408755
14.1878375405354,88.6824305235753
14.1881486254852,51.1164973148939
14.1916850727689,44.467445974562
14.2038055224485,92.5012947884508
14.2184876497397,93.6526102132207
14.2199423737096,83.0020608172806
14.2258774628982,94.615569559518
14.2258972774469,86.6963526656658
14.2326360771321,22.7734010297119
14.2383190989111,83.1693434642078
14.2534658669594,22.8073010291893
14.2552750580522,22.6888252824521
14.2563023667273,22.6452495429544
14.2599754278271,22.751336520486
14.2601170861055,22.7418370002254
14.2620524806736,82.6296043419571
14.2636491477276,22.6976011077706
14.2638237558561,22.7181236085571
14.2659202075458,22.7071928181491
14.2698848437341,22.7754167502356
14.2767290179936,22.7169682760036
14.2775331759148,22.7163715742933
14.277603814871,22.7412542668621
14.2792061569346,22.7553218553696
14.2797144718817,22.769163097324
14.2807240613008,22.802826411529
14.2811348539272,22.7570731833937
14.2815756295783,22.7166786830389
14.2831816856633,22.7021241855903
14.2841259005512,84.1346435220602
14.284532309623,22.7022381648277
14.2852437207727,22.7420370495263
14.286006833545,22.6563410797337
14.2867685822043,22.7516929206273
14.287119752725,22.7424668016097
14.2872475191012,22.7560669282527
14.2874107221885,22.7024841460256
14.2880779383758,22.7561048608503
14.2887318982641,22.6730784199446
14.2900757569144,22.7418079034303
14.2901540798499,22.673515168366
14.2907454017572,22.7552145563624
14.2912878882337,22.7392632956523
14.2913270210343,22.7030883244178
14.2921740088897,22.7110159637753
14.2922628727241,22.6806812019704
14.2923538332125,22.7093354524326
14.2923656785602,22.6441088701244
14.2924090138837,22.6905734026961
14.2926642755585,22.7620997356025
14.292916106452,22.7024065846251
14.2929393914136,22.764842853021
14.2939314047611,22.7007522054101
14.2939599735619,22.753694385259
14.2941655787707,22.6736357320305
14.2949078795635,85.1615782119712
14.2956569803996,22.6727010398255
14.2957068192346,22.7679168388324
14.2958786683749,22.7288695361848
14.2959445375268,22.7282515927041
14.2968956902291,22.7246383964502
14.297184144509,22.7822260878131
14.297314056269,22.7170642986082
14.297442042176,22.6816253921121
14.2977048458185,22.711458602176
14.2981668778329,22.7272320977935
14.2983145535285,22.6865474332857
14.2986107544466,22.712610032501
14.2990449281924,22.7518831079454
14.2994521720715,22.7686346801185
14.2996151975659,22.7453177715187
14.3004415153856,22.727238269749
14.30058172971,22.7366219793664
14.3008079346159,22.7270585997251
14.3011427922674,22.720036650763
14.3011794159379,45.8981881371253
14.3012682286758,22.7561202546229
14.3017182465623,22.7210995799093
14.3017998377564,22.6848814635778
14.3019443350859,22.7648363943929
14.3022446048571,22.7114194851408
14.3025420592451,22.7566582126017
14.3030575765778,50.477820106144
14.3031956639229,22.7705922200286
14.3032331524455,22.6954761721016
14.3032382901861,22.7086461556731
14.3032488548792,82.0951860191197
14.303310313863,22.707958724435
14.3035890748243,22.7021171379978
14.303609202076,22.7829109084231
14.3038306061524,22.798376580076
14.3039483356531,86.8983294323128
14.304081110279,83.3242346200803
14.3043086994233,22.7143956979385
14.304624311889,22.6937760613749
14.3046473745458,22.783324297917
14.3047847761505,22.6994813655795
14.3048451287942,84.1865281304717
14.3052278038046,46.3083749890195
14.305281683735,22.748128248535
14.3055351781757,22.6868147593678
14.3055820608894,22.738318694696
14.3056494193748,22.6420367266141
14.3059872118153,22.8078227433492
14.3060603721884,22.6791338830395
14.3062211241873,22.6919315542831
14.3066229354958,22.7188391388699
14.3069712229232,22.710180497678
14.3070653118149,22.7294463325006
14.3073138006563,22.7179665721479
14.3074217568771,22.7564925395955
14.3080550032271,22.6861246301874
14.308175801428,22.7758207890079
14.3081824956685,46.6890442844868
14.3082710056627,22.7354559370445
14.3083053312135,22.6690069597546
14.3084880779799,22.7597292874059
14.3085588143286,22.6250341259792
14.3087571251029,22.7018021775389
14.3087729228451,22.7455165282888
14.3087730874737,22.7730734723073
14.3090387139253,22.6831512501206
14.3090979766166,82.4144024110217
14.3092090934829,22.7119665482516
14.3092311744043,22.7531440462384
14.3092467327146,22.7382139951273
14.3093756416396,22.7199806742846
14.3098191693681,22.6876117296395
14.3101035712211,22.698211775699
14.3105480055134,22.7585716056138
14.310924756312,22.7196174061663
14.3112476880968,22.7018895904576
14.3112927204974,22.7298553238049
14.3113560416269,83.4364847348942
14.3114069693439,22.6716666874156
14.3115092257819,22.7004748187536
14.3117360522735,22.6944973002939
14.3119209138809,22.7580818742594
14.3122037046819,22.7317966516169
14.3128081878323,22.7067164619254
14.3128500264965,22.698306071611
14.3128822435532,22.7887237415187
14.3130085712355,22.7060282576018
14.313107504764,22.7672437091994
14.3138002958026,22.699501240567
14.3140102547848,22.7398493460662
14.3142490838811,92.4591201428281
14.3148498440375,22.6722343059672
14.3148756906118,22.7396119126152
14.3148804821536,22.7559823001526
14.3149230453229,22.7331232375334
14.3150738349157,22.708176994364
14.3151310871764,22.7335582783236
14.3151567524668,22.7133271752408
14.31517726637,22.7866097414622
14.3152704165622,22.6704344854158
14.3152849212511,22.7309068796914
14.315445723568,22.7234063354367
14.3156662706448,22.6858549239674
14.3157903527345,22.7712264895466
14.3158651513879,22.6773412686497
14.3158998387936,22.7073184782768
14.316366893482,22.624230549661
14.3163873112287,42.111265314713
14.3164927748922,22.7100997219266
14.3164973445111,22.7020467845372
14.3168024947656,22.7493085697053
14.316810968617,22.7003190730126
14.3175336349361,22.7505117329294
14.3176044482107,22.6977411419841
14.3176283445639,22.7691655749224
14.3178214472306,22.7567898280215
14.3181986014647,22.7435389172828
14.3182078537773,22.6985473171154
14.3182295292604,22.6940596248868
14.3183308770276,22.7734267667013
14.3184509774756,22.7821417707768
14.3186223425128,22.722474300118
14.3188149868486,22.6920622331019
14.3189447694506,22.6924367621098
14.319021343569,22.7542975984095
14.3190662447373,22.7700925972501
14.3193671950333,22.7369493216731
14.3197536404559,22.7190808956718
14.3198727176316,22.6981698382628
14.3201299399626,22.6883784751288
14.3201978098357,22.6982080310526
14.3202414986049,22.7336072193525
14.3203221740012,22.7276591198718
14.3204697160327,22.6969740144395
14.3205022995275,22.7099002632497
14.3205806826204,22.6965462641759
14.3207309335431,22.6766173446593
14.3208509278936,22.6401415398301
14.3209205600463,22.738657770729
14.3209561108979,22.6823608472905
14.3211835462458,22.6847083805677
14.3211923021813,22.7446570952369
14.3219204910049,22.7112586839838
14.3221916414347,22.7129126335407
14.3223813185079,22.7706868677664
14.3224253007456,22.726219855182
14.3224709682348,22.692490081894
14.3226986628941,22.695108183368
14.3229809201068,22.7678424565103
14.3231641264639,22.7130590176766
14.3232326651168,22.7082949499326
14.3232673832219,22.6968505948396
14.3233279437241,22.7053861999664
14.3236400904085,22.6870630353124
14.3238083061364,22.6960335732601
14.3238520845003,22.6508791002198
14.323887284653,22.7526922147492
14.3242767685135,22.6764119540426
14.3242899910505,22.714286255616
14.3249699991541,22.6981623080925
14.3251529881155,22.8264534322065
14.3252950741046,22.7847334390455
14.3254499423566,22.7890206112564
14.3255029456578,22.7487253304453
14.3255153047785,22.720624108928
14.3256982960925,22.7550420709775
14.3258370826187,22.6861829474911
14.3259799711708,22.734472415687
14.3260304752922,22.7042189331332
14.3261494993485,22.7643399129377
14.3262897962104,22.7334856968156
14.3265048201245,22.6793294674924
14.3265964463918,22.7918107288621
14.3268446934361,22.7318129414779
14.3269140951036,22.752360724768
14.3270897881213,22.6914638704468
14.3271161011441,22.7073678686917
14.3272022367921,22.7939692551554
14.3273507786709,22.7355818432812
14.3274331977872,22.7404767968142
14.3274768957343,22.718422641248
14.3276782652454,82.4265743896666
14.3278143879729,22.7415490047155
14.327943232546,22.7195791723359
14.3281460457364,22.7183224702808
14.3283617964042,22.6879326647809
14.3283818756888,22.6472107689384
14.3286148661178,22.8062429082055
14.3287935344706,22.7169056094234
14.3289688191404,22.7261539265012
14.3290899057836,22.7370983029465
14.3291296625373,22.7560454053621
14.3291550194278,22.7496958674786
14.3291896585801,22.7493618472111
14.3293358543226,22.7178280344092
14.3294299980037,22.6790727748808
14.329477551448,22.7137047449861
14.3295723555377,22.6856630884866
14.3296934917301,22.659911533596
14.3297159618995,22.7404753855422
14.3298953536537,22.7476631608905
14.3299488778938,22.7339207342423
14.3300837030223,22.7660899813757
14.3301091055993,22.7656153928954
14.3301237480981,22.7604889291847
14.3302467941694,22.6520772197188
14.330534686834,22.7766460231539
14.3306564244111,22.751665517682
14.3307937593565,22.7114479089025
14.3308583667704,22.7797672524246
14.3309315788218,22.7033258189734
14.3311812728353,22.789982798154
14.3312174938881,22.7067805002143
14.3312757315541,22.7486033944149
14.3313759827152,22.7668199022761
14.3315332881859,22.6747235074746
14.3316223349403,22.6876682401102
14.3316936729115,22.7567309167158
14.3317091569197,22.7528676213002
14.3317995048027,22.6630857090944
14.3318854362082,22.6959244886232
14.3325681154527,22.6692496985697
14.3326501334458,22.7452933019615
14.3327106955506,22.6723465445894
14.332886384587,22.7357989789535
14.3329082666501,22.8052229007567
14.3333055596885,22.730674009983
14.3333235971288,22.7674929332525
14.3335836608243,22.7069161226188
14.3335958395783,22.7667867897931
14.3336205127237,95.0329945465265
14.3336418003272,22.6901197956799
14.3337569034417,22.6949953769588
14.3338735632599,22.7689889588509
14.3338798233798,22.6506481671153
14.3339564055821,22.7366330699931
14.3340559603981,22.6989098348933
14.3341532576733,22.7110204364126
14.3341778913257,22.7173374707638
14.3341985885608,22.6887082844044
14.3342499852492,22.7755024150978
14.3342532030722,22.7480406724587
14.3343031452767,22.7541042812722
14.3346263112403,22.6625499524968
14.3346832642519,22.7067638386304
14.3346835656961,22.6957325641856
14.3346874172278,22.7064132111553
14.3347411578292,22.6403141930972
14.3347846808316,22.7497975296826
14.3348620869351,22.7148352358379
14.3349642679468,22.7082956108019
14.3350363012448,22.7702415850938
14.3352320087909,85.6790912099774
14.3353415547995,22.687816707657
14.3355899167414,22.7365002034213
14.3356243843584,22.741124548333
14.3357335727164,22.7236452807972
14.3357352635387,22.7014238391591
14.3359467706652,22.7679864849159
14.3362538302399,22.7678020689179
14.336294342074,22.6767418412252
14.3363445063415,22.7907139194775
14.3363550108115,22.7074115243845
14.3363856869447,22.7284400442562
14.3364324536823,22.7784998271888
14.3365046391912,22.7134991273891
14.3366566620128,22.6806385073411
14.3366747781637,22.6881044730187
14.3366795541856,22.7329064419871
14.3369189791425,22.6918620902226
14.3370863578912,22.7596629046778
14.3370946433402,22.6918810173257
14.3373146226713,22.6932739714555
14.3373902789432,22.6958401793045
14.337464291358,22.7653447543643
14.3375060777765,22.7591799025352
14.3375670096674,22.7432572423475
14.3376125007214,22.7142726175799
14.3376890348973,22.7175457215811
14.3376992140536,22.7367926845513
14.3379204900966,22.7308914761522
14.3380581790232,22.7262818282688
14.3381187247723,22.7546713619276
14.3381383710024,22.7484502221303
14.3381411324594,22.7225217822218
14.3382681450323,22.6753129027261
14.3382952343449,22.7374756285765
14.3383029356477,22.6701914789624
14.3383252466184,22.7463635648419
14.3386466536586,22.7770796414488
14.3387353028956,22.7172348792132
14.3388991171541,22.6596245598444
14.3390708852825,22.7461221405955
14.339170882322,22.7058324835928
14.3392503839854,22.7455086336132
14.3392667680575,22.7627786029922
14.3392927131227,22.6989924393947
14.3393513490495,85.8945068774173
14.3394294883489,22.7312417724736
14.3395238516956,22.717837252608
14.3396655071378,22.7217623177056
14.3396704285276,22.7318614100593
14.3397059764624,22.697317710491
14.3397861590906,22.718969556368
14.3399294089109,22.7085766854622
14.3399472232029,22.7045750218672
14.3400427828743,22.7859861452019
14.340485299178,22.7270667830518
14.3404931383231,22.6824078238473
14.3406109962628,22.737405219563
14.3406275281998,22.7352649816106
14.3406795206142,22.7413007793997
14.3407147393219,88.1205300083286
14.3408475711593,22.7444610309514
14.3410105157166,22.7168373380037
14.3410369767267,22.7389167107384
14.3411262623731,22.722294689649
14.3411488860272,22.7523048441313
14.3412236083665,22.6955318296215
14.3414383207712,22.7434504253435
14.3414688566487,22.7333586081383
14.3416603618347,22.6907264599471
14.3417285775653,22.7951656622757
14.3417694546065,22.7263761953511
14.3420678691695,22.7021465320695
14.3420777098813,22.7079194620257
14.3422049537068,22.6951251343551
14.3423268876205,22.7229526816808
14.3423518104097,22.7275397097135
14.342470642746,22.7207672187431
14.3425661101798,22.6877106414961
14.3428423691688,22.677740151545
14.3429157412787,22.7441737358242
14.3429899174409,22.7161342492537
14.3430452205062,22.7433645325655
14.3430491237014,22.6802410095833
14.3430658049426,22.7633773900828
14.3433627923676,22.7958896982639
14.3434283116606,22.7124927141502
14.3435259022609,22.7246682457842
14.3438366433065,22.6560579208567
14.3439390075338,22.7037861896537
14.3440523500976,22.7242882657357
14.3441166247143,22.7723397092999
14.344140979019,22.7055892671843
14.3443334868621,22.6743067531384
14.3443646816369,22.6903417716675
14.3446558878314,22.7688241654423
14.3450604148378,22.7135583825132
14.3451293693963,22.6993278087561
14.345318424139,22.7050271848059
14.3454176886928,22.6785213084091
14.3456418638384,22.7496466105862
14.3457161493202,22.7705885312642
14.3457186075004,22.7536617941314
14.3457288878209,22.6446361361863
14.3457788141836,22.7797526435362
14.3457941135779,22.7344778204777
14.3458144401539,22.7234465611953
14.3458217444158,22.7331020263119
14.3458534680194,22.7544005814099
14.3458535110653,22.7123055127973
14.3458577349733,22.625555854156
14.3461118618401,22.7534215610234
14.3462365764963,22.7602646220292
14.3462651592461,22.797002285045
14.3462689415443,22.7509087581224
14.3462901410756,22.7212072630643
14.3463554394466,22.6879912835736
14.3464299306762,22.814376791323
14.3465688633282,22.697084815808
14.3466526342591,22.7094759844404
14.3467164591912,22.7062220000492
14.3469350187333,22.7131925278449
14.3471332213013,22.754147315933
14.3472063964199,22.7268351955115
14.347330424748,22.7047976376847
14.3473449860161,22.7089933928833
14.3474453361174,22.6750404050541
14.3476345431554,22.7086179273219
14.3478272648903,22.745064921269
14.3479971392955,22.6872752290738
14.3481379088429,22.7578388516865
14.3482108394793,22.7491607049632
14.3482159214568,22.7554286790379
14.3482604207394,22.7758010817941
14.3483439918449,22.7609118260568
14.3483494758256,22.7401628318131
14.3483800204155,22.685088122597
14.3483977976398,22.6930909485792
14.3484628422463,22.7178741265516
14.3485428722145,22.7328141661624
14.3485865115515,22.7521165135856
14.3485890062345,22.7121590352162
14.3486965934903,22.7714409209357
14.3489460012463,22.6891831919713
14.3490243532331,22.7113705015645
14.3490822491648,22.694793604387
14.3492004785525,22.7620964862108
14.3492082343292,22.6932925964758
14.3492847302953,22.7522825363113
14.349373452076,22.7039668054961
14.3493875239428,22.7595989317966
14.3496233165542,22.7108007397571
14.3497431159343,22.7273558114006
14.3497651757534,22.7176393445796
14.3497689556121,22.7360260690597
14.3498619735407,22.6893109792909
14.3498813227629,22.7033940106843
14.3501792615341,22.7377498964943
14.3503956563432,22.7797124465462
14.3507984667281,22.7284749001363
14.3508052567176,22.6868105778728
14.3508656791651,22.6964777768875
14.3508835295507,22.7136484011251
14.3510458452116,22.7833932865954
14.3511244056102,22.7321110095176
14.3511562502764,22.7133075012604
14.3511784402005,22.6803216572476
14.3512011285351,22.7129991951214
14.3512664886175,22.7864060819323
14.3512905239953,22.6652751895665
14.3513623578891,22.7646769006314
14.3513830077493,22.7816763274638
14.3515338869861,22.7016575617043
14.3515661603634,22.6772337673515
14.3515754265682,22.6959611382988
14.3515977384128,22.745540458379
14.351709594466,22.7571249912387
14.3517597765813,22.727940808509
14.3518133412849,82.8457593394027
14.3518261470466,22.7540605186541
14.3518885926849,22.7143451877418
14.3519580119851,22.7154108369164
14.3520183906312,22.6911999146298
14.3520547646201,22.7281702069802
14.3521230079543,22.762894844449
14.3521339188881,22.7821088042567
14.3524546396027,22.7424744221282
14.3525155819572,22.7437465808994
14.3526959484467,22.7233492152559
14.3528321218255,22.8007357386235
14.3528690175452,22.740501469965
14.3528766461463,22.7663919529539
14.3529242008376,22.7609260935168
14.3531908089774,22.7581980813574
14.3531994136578,85.5760923485008
14.3532123675643,22.7368330570286
14.3533167428151,22.701234409216
14.3533466000273,22.7451721485889
14.3535563594731,22.6977177592157
14.3537072820899,22.745441168655
14.3538011551621,22.774473093074
14.3538862749237,22.7004533982139
14.3540986136518,22.7302239383244
14.3542840946315,22.7079812857141
14.3543604151286,22.699874198673
14.3543788196932,22.6669402771076
14.3543923647936,22.7176171878191
14.3544034191429,22.7065006924017
14.3544457001272,22.6937464555623
14.3545252140149,22.7143967657228
14.3546080287433,22.7395550616638
14.3553394732094,22.6804934164951
14.3553445437537,22.7050650707111
14.355455189992,81.0772351270316
14.3555804902212,22.6777452178731
14.3556688413853,22.7037734218292
14.3557079456666,22.669883518749
14.3557080715711,22.6959850556501
14.3559949566816,22.7582960232908
14.356043965981,22.7177466755691
14.3560951169197,22.7515826444935
14.356112715771,22.7509651447212
14.3561351009891,22.751283403267
14.3561386975793,22.7606538343929
14.3563468770981,22.7404916531576
14.3563532219314,22.7064101251405
14.3564653306223,22.6750954109669
14.3564900764062,22.772361738049
14.356504371804,22.7170623690163
14.3565125611816,22.7399359224164
14.3565281729214,22.7173541960461
14.3567515426038,22.728068473165
14.35676290695,22.7251535491131
14.3569126458687,22.7053480228311
14.3570308654435,22.6910326652174
14.3570450217157,22.7286701545955
14.3570883199725,22.7416736856816
14.3570980116556,22.8008168496349
14.3572806980908,22.6504793939736
14.3572990502538,22.7880604875079
14.3573125443367,22.7213633561123
14.3574480771447,22.7078605260047
14.3576078989196,22.6926652193815
14.3576619269495,22.6437183780302
14.3578874081737,22.6996336624991
14.3579224538445,22.6852202518969
14.3579287877886,22.7230734237615
14.3579302658822,22.7039694010806
14.3583004197293,22.679389469667
14.3583491859503,22.7659628336325
14.3583605152201,22.7051704542537
14.358524927322,22.7108347380868
14.3586076400426,22.7186209824042
14.3586812010255,22.750572443234
14.358716984908,22.7734116739276
14.3587340317524,22.7140138831948
14.3588869105758,22.7026957516212
14.3590162517209,22.6651094275036
14.3590540679557,22.6826720546861
14.3591830088654,22.6743942311521
14.3592257224344,22.7793003406908
14.3592813264848,22.7271569296944
14.3594755555375,22.7310604304097
14.3594910645542,83.360782523441
14.3595140427678,22.7426393522127
14.3598127581371,22.7452133352087
14.3598255215657,22.7628569311875
14.3598401278861,22.6699325791819
14.360027119936,22.6729675331748
14.3601372047706,22.673028991213
14.3601618896227,22.7592720713767
14.3603153739022,22.7257009192959
14.3603376220886,22.6704680179002
14.3603794859812,22.7816243913448
14.3603888739053,22.7541687592336
14.3604109781141,22.793041295725
14.3604857455103,22.7222000292673
14.3605246062645,22.7024107468548
14.3605979769916,22.6889076620481
14.3606193560235,22.7088979942219
14.3607795065418,22.7179671193053
14.3607928059606,22.6604540147781
14.3608028276948,22.7482227868023
14.3608756814514,22.6898443867121
14.3609851806883,22.7554521472685
14.3610264818842,22.7427825958798
14.3610796462015,22.7274599181788
14.3611815050145,22.7350467393914
14.3612082955325,22.716977467097
14.3612745264115,22.6846351146324
14.361338296762,22.723038059052
14.361376238839,22.6908959780805
14.361441903775,22.7239804218449
14.3614649531527,22.7121708297654
14.3614743666487,22.7889297049215
14.3617140477512,22.8109305644398
14.3617492160849,22.7566554764379
14.3618880629192,22.7325918949048
14.3619280270012,22.7570003033112
14.3619476957183,22.7081096045965
14.3619660392911,22.6706619020621
14.3626523486416,22.7366004369402
14.3626783504522,22.6876367518754
14.3628190827351,22.7816332838822
14.3633292804736,22.6992611291198
14.3633613941066,22.7656622486785
14.3635134803836,22.7733250309197
14.3636206852966,22.7235586433493
14.3636314557633,22.7248601452783
14.3636368552623,22.6381411193408
14.3636884689783,22.7151494088729
14.3638184594791,22.7403901567641
14.3639194716264,22.7480159584593
14.3639284179557,22.7700281086952
14.3639492732744,22.7567261797742
14.3640257156571,22.7068325889449
14.3641337376838,22.7209000521644
14.3643025660301,22.6986423089446
14.3644992872227,22.6973707842754
14.3646024535975,22.6890145671039
14.3646280755964,22.7022799705596
14.3647577921199,22.7257091665293
14.3651441017209,22.7006694219062
14.3652486205843,22.6718973466095
14.3653458085833,22.7637689059358
14.365346421149,22.7718431176447
14.3656899495823,22.7045967999665
14.3657019922713,22.7099111647156
14.3657274777509,22.7105755377175
14.3657371418575,22.6979856398128
14.3658303671828,22.7507024738967
14.3659127994366,22.7156099408097
14.3660202453906,22.6966823220817
14.3660476105386,22.7826124910539
14.3660742628319,22.6957900322479
14.3660958276677,22.7451634023786
14.3661495834839,22.7028734808774
14.3662874196203,22.7503526754739
14.366369798339,22.8058402189816
14.3663743378806,22.7336716163098
14.3664997712571,22.6899745006337
14.3666174041262,22.7124344916427
14.3666424115311,22.7123140254262
14.3666935998216,22.7224275957844
14.3667488714544,22.7124412150093
14.3668148459612,22.7187534347819
14.3668248469209,22.6821840141663
14.3669105672462,22.7123962830171
14.3669599937534,22.714366679668
14.3669734985776,22.7603427758772
14.3670171057076,22.7014036728242
14.3670792024514,22.6908154169418
14.3671213082445,22.7524211459882
14.3671903358638,22.678261214777
14.3672369179002,22.708725243346
14.3672388097131,22.7454018306652
14.3674181388564,22.7229172350159
14.3675233070251,22.7217664183711
14.3676189180394,22.7680404388189
14.3678231397728,22.6830537924541
14.3679067375546,22.7012793909264
14.3679433237044,22.703290434552
14.367982217354,22.7279886352406
14.3680665266413,22.75144665646
14.368160307594,22.6354961138252
14.368192893979,22.7363657980539
14.3682558206776,22.7238168044343
14.3683138204413,22.7260962020948
14.3683521774432,22.7529858060782
14.3686595167759,22.6627295762635
14.3686946840729,83.0313543503946
14.368730943456,22.6618115648387
14.3688047104008,22.7052439210591
14.3688352500945,22.7295062573973
14.3689353632208,22.7732492160557
14.3689648278803,22.7289270349482
14.3689802828453,22.6834997807635
14.3691455086307,22.7142206032182
14.3692603272128,22.7524349064125
14.3692683489542,22.7562914097805
14.3692796418184,22.6823907643147
14.3692996338586,22.7451828869376
14.3693786769896,22.7300974609513
14.3694697238233,22.7205512554607
14.3697379178358,83.4731294401119
14.3700416900548,22.6972430138248
14.3700437606687,22.7436890495769
14.3702109355092,22.7437939515935
14.3703000977703,22.7574745230002
14.3703135306722,22.7312900052007
14.370384109889,22.7819600212754
14.3704755667665,22.6611136443692
14.3705848179228,22.6947058991902
14.3706896957959,22.7443878565773
14.3708083641909,22.7921600255784
14.3708368284351,22.7177118839752
14.370840861905,22.7338066551165
14.3709378565195,22.7811184107503
14.3712191780291,22.7765216680324
14.3713676952859,22.7110266005515
14.3713686389424,22.7393177989019
14.371579943708,22.6875872320153
14.3716150016721,22.7693187631244
14.3716173338521,22.6719865375754
14.3718604866668,22.6871685567058
14.3719574091806,22.7355834100123
14.3720285124127,22.7469800637467
14.3720527090927,22.7495008765805
14.372254673623,22.7159958603994
14.3722593619344,22.6952341433606
14.3722710698612,22.7046274280141
14.3722880777519,22.7484993347838
14.3723832066665,22.7031369458804
14.3725198323814,22.7294884594055
14.3725676229113,22.7178731923034
14.3726008592472,22.7293877943009
14.3726010541412,22.7563274015307
14.372672316739,22.7150704746298
14.3726819633057,22.7050298574555
14.3727273531008,22.791706544695
14.3727440518278,22.7179838512185
14.3728223567961,22.7547718421915
14.3729134036684,22.7766717952437
14.3729813314104,22.7328581462023
14.3730626123494,22.7163595908619
14.3732693884935,22.6891207430213
14.3733606816524,22.806735834292
14.3734025529477,22.7221453245515
14.3734885317268,22.7484569329397
14.3735878909368,22.7939021900874
14.3737246118923,22.7182348640853
14.3738705537908,22.7560824429779
14.374179304454,22.709377644524
14.3744033114258,22.7141943259253
14.3745988632771,22.7766791009228
14.3749895321273,22.7523596342051
14.3750239506326,22.737762622074
14.3750533257143,22.7362952835332
14.3751278725333,22.8007407152516
14.3753300096642,22.7340149774267
14.3756520627432,22.6561676354732
14.3756529463769,22.7256980993115
14.3757295946799,22.738780219958
14.3757580843602,22.6876534482876
14.3757752647252,22.7231329155457
14.3758668222247,22.7334935559242
14.3761347416745,22.6642028268369
14.3761788781541,22.7222103988082
14.3761929677461,22.7343900080647
14.3762419987912,22.6848022565139
14.3762762345557,22.6987226335603
14.3764617901163,22.6905260962586
14.3764774492268,22.7658030109162
14.376590767556,22.7354705285648
14.3766718859776,22.7387325155462
14.3768033845778,22.7305423467489
14.3769544610963,22.7631752597612
14.377097379644,22.7366726856187
14.3771734219762,22.7100707970656
14.3774745116424,22.7237258535882
14.3774930883857,22.720072486319
14.3776979346662,22.7323812893742
14.3780581579882,78.9466965422144
14.3781231179087,22.6927925945801
14.378276647849,22.6990300366794
14.3784172960585,22.7178540698529
14.3784729287721,22.7828159956289
14.3785436062212,22.7616546448349
14.3785974486354,22.7130785814301
14.3787003047197,22.6911484700186
14.3788858293263,22.6936312489104
14.3791514024736,22.7228443222547
14.3791713958303,22.6903185566606
14.3793816916613,22.7745207562947
14.3794683170449,22.7044629070615
14.3795523550637,22.6984363278999
14.3796250649677,22.7490306779167
14.3796779916501,22.697498513964
14.3798715768697,22.7053086660133
14.3800426072932,22.6949618013263
14.380163020233,22.706997611906
14.3802249958549,22.678221969289
14.3802935717428,22.7281521349747
14.3804103502714,22.7557435998674
14.380578368588,22.6951425402099
14.3806360497039,22.6967205859673
14.3806804180444,22.6948306256372
14.380790124031,22.741382056881
14.3808718185056,22.7845349769038
14.3808907551411,22.7251735175564
14.3809208172667,22.7066544449812
14.3810331181127,22.7330955049054
14.3810539265711,22.7731362358391
14.3816105627984,22.7058535482622
14.3817810491565,22.7459072542624
14.381932680599,22.7219656944129
14.381938609218,22.7083344526525
14.3821404866119,22.7249940555181
14.3822744767095,22.7062473698726
14.3824451344475,22.6729522558391
14.382494672733,22.7120064990983
14.3825785054789,22.7200907009323
14.3827666749936,22.713816831708
14.3829270142696,22.6533842387458
14.3830729410206,22.7060987207777
14.3834565746985,22.7515043994727
14.3835051002017,22.709109871006
14.383735606109,22.7330735011979
14.3837847233189,22.7581092683059
14.3838999518901,22.7054716195314
14.3842139166825,22.7231351796435
14.3843573940676,22.7446704667094
14.3847150377616,85.0279843911653
14.3847325572706,22.713943298139
14.3847485883722,22.6881118795854
14.3847513475265,22.718351511594
14.3849558909902,22.8021768945788
14.3849591241838,22.7695206170379
14.3850367859886,22.7614936079919
14.3852267169982,22.6622845813536
14.3856156742989,22.6819910913484
14.3858607754266,22.7310476938581
14.3858869868896,22.6933407024649
14.3861557928287,22.720940363321
14.3863020917451,22.7006409011198
14.3863493388893,22.6959539103305
14.3864949217885,22.7701483407052
14.3865182890062,22.7555799797058
14.386524684479,22.6933188292482
14.3866081275259,22.7164858772944
14.386706324509,22.7574397171964
14.3867237746805,22.7282281892646
14.3868207805191,22.7397462422863
14.3868713719277,22.7194273979498
14.3875493243147,22.7604962191083
14.3875960206165,22.7077866863608
14.3876748534942,22.6937006717661
14.3876793487388,22.6268244831477
14.3877582487671,22.6723096650621
14.3878345397044,22.7103277038623
14.3879338428066,22.7847691991979
14.3883112934329,22.7304068373474
14.3887005093215,22.7337975907077
14.3889333976659,22.6954478566581
14.3889548984229,22.7489542672174
14.3895245287847,22.7762342216137
14.3901645488151,22.73948921752
14.3902014903642,22.7114872618645
14.3903041531171,22.7466059065768
14.3903622172448,22.7349793257458
14.3903683444164,22.7519038391429
14.3903926196648,22.7466432508842
14.3904006735295,22.7781372086323
14.3904943105116,22.7414944991986
14.3906459776514,22.6503343887542
14.3906706249212,22.7723620649718
14.3907585103176,22.7327161377485
14.3908311192845,22.7324822437865
14.390925857212,22.721962061339
14.3909593421815,22.6941172196827
14.3910366858113,22.7052046079392
14.3917645375253,22.7187989245678
14.3921111180817,22.7346832284573
14.3921920364049,22.8318919870082
14.3922406075242,22.7445843113885
14.3922466555897,22.7252308458216
14.3922723138777,22.7315765224935
14.39230430511,22.7095412726987
14.392323708554,22.7559061000708
14.3928678606896,22.747572750942
14.3928730656201,2.17205197145951
14.3931164348547,22.6965385702119
14.3932900362015,22.6746281736172
14.3937536572754,22.7188200586628
14.3938451021647,22.7547418166038
14.3942229640942,22.7351348609646
14.3943140941842,22.7013489447424
14.3943399435874,22.6798685977375
14.3943782537633,22.7349055014941
14.3949671486872,22.7274272223435
14.3949675744019,22.6870262676821
14.3949692126741,22.7667531379281
14.3953264637193,22.6737222601783
14.3953441724209,22.7133667677287
14.3953522092322,22.7156884458845
14.396269534165,22.7436066689939
14.3969245273224,22.7535763878135
14.3969572914655,22.7368557558956
14.3969820060194,22.6929012851659
14.3970005088657,22.7344542122158
14.3970732720491,22.7021564043361
14.3976237007669,22.7432540899672
14.3978505081472,22.7388073121333
14.3980463434697,22.673979421451
14.3984128397351,22.7009689782659
14.3985663297301,22.750666569688
14.3986079762812,22.7919848160848
14.3987339734677,22.7594898704519
14.3988592529452,22.7160502602088
14.3989848708245,22.6912372963038
14.3992251683309,22.7585311461792
14.3992397132861,22.7309045084735
14.3993355075088,22.7331732502033
14.3995539142052,22.7449041030457
14.3996115061589,22.7554052323814
14.3997435842624,22.7038528202186
14.3997856277283,22.7191319284507
14.4002371640952,22.7571226234443
14.4002413125738,22.7486992859487
14.4002431979427,22.6606390371045
14.4003125254463,22.7096595400598
14.400665742529,22.707474801579
14.4009026000493,22.7406333820858
14.4009504656517,22.7017438857974
14.4010490664913,22.7471609250945
14.4012212031525,22.7594274156251
14.4013426319284,22.7528388794781
14.4015761025053,22.7831248816661
14.4017921873079,22.6887205466452
14.4018695346019,22.7032262628452
14.4021087750281,22.7120296585755
14.4025583192269,22.6478519544225
14.4027326287547,22.6974905133105
14.4027615631272,22.7087630132528
14.4028934928882,22.7231015472011
14.4030300075174,22.7189456591178
14.4031027393106,22.7769403631535
14.4035668424754,22.7149385938012
14.4039801239714,22.6731618504047
14.4041000212756,95.1298958335166
14.4041363951838,22.7637917929481
14.4044955414828,22.7552497832271
14.4046630094642,22.7175659738413
14.4046675566591,22.7098780668228
14.4060059374894,22.6873508290699
14.4063188361768,22.7773981378478
14.4063381310131,22.6735993300117
14.4064958758723,22.741500691196
14.4065287742311,22.7889992875501
14.4068965394852,22.7208802706184
14.4069237283177,22.7536284538636
14.4071487532596,22.7298350913094
14.4072896531049,22.7684436499427
14.4076032222745,22.6579103840233
14.4085340639548,22.694559860585
14.4087058871745,22.6899540275773
14.4087539813751,22.6874690292277
14.4088099055117,22.8143891282178
14.4089593804821,22.7935996633621
14.409029058432,22.7238485189542
14.4093697199457,22.7362231964398
14.4097189149911,22.7520445601688
14.4102179908282,22.684524081989
14.4105678961461,85.8730327403577
14.4116246684301,22.6915457174298
14.4117332243019,22.7331363759734
14.4127411613723,22.6674867789352
14.4139575154754,22.7111834130571
14.4142918135494,22.6972925821317
14.4144599641759,22.7279222133371
14.4148401751328,22.7427348695623
14.4151003854193,22.7126700274774
14.4153938348998,22.6870361769159
14.4162084614117,22.7063207022333
14.4170429304405,22.7392411016728
14.417585836991,22.6987769736019
14.4196473966473,22.728434251849
14.4204352361855,22.7347094720598
14.4211822382092,22.7662327360264
14.4212329487266,22.7089592515188
14.4216347614267,22.7900842890078
14.422080844525,22.8028580797989
14.4224197124643,22.7175863356666
14.4228436182257,22.6793231416557
14.4233344646112,22.6848541210504
14.4238067049237,22.7459439326244
14.4239324898014,46.6510297001368
14.4240992919397,22.7465801553506
14.4247055384172,22.744245345028
14.4260621849875,22.7407847716972
14.4276329876595,22.7313569635951
14.4283956250188,22.6971500742816
14.4287381376894,22.7226959921584
14.429416448871,84.3369945534401
14.4296417096231,22.680881092558
14.4297790534707,46.3310540600943
14.4318041281061,22.7394430790777
14.4319457171658,83.4310225471434
14.432580681551,22.682895038021
14.4330546738967,22.748277287252
14.4343489757345,22.7310136607303
14.4356509776558,22.7422691940877
14.4367194293472,22.6940370314101
14.4368570828447,22.7284525232402
14.4368885560129,50.464475378214
14.4369074982422,93.3601571361758
14.4380419258613,22.754424637542
14.4408519726068,83.0395715506413
14.4410509975501,22.6846850483973
14.4421786737658,22.7668448591594
14.4426794170415,22.6924666525784
14.4439974836687,22.7046682841204
14.4451634988786,83.4177482049587
14.4508915846679,82.9162240249146
14.4518846403826,22.7148371143248
14.4535115044283,22.7276522632415
14.4538578476035,83.7870610880204
14.4541490188132,84.6088126120256
14.4565721772671,95.2270486763255
14.4618097189443,37.9768446273882
14.4621076442307,83.4887592679056
14.4654260093876,84.7818804429714
14.4687552267557,85.9773655982126
14.4743903200311,51.2155429099457
14.4748033557817,86.1346912491078
14.4756987422986,22.6971685650295
14.4861379198704,87.6020165847769
14.4868260475866,48.4940294140123
14.4960681705173,53.7435222129003
14.5180858085188,59.1490290332348
14.5191848441196,48.1911709973547
14.5198807168188,47.3361085538477
14.5468842302073,85.8872870608332
14.5508277725311,81.9385232280602
14.5523408802795,84.4880688728482
14.5550913959204,85.3721334420271
14.5572670208559,85.2665698780469
14.560698469541,98.610323552687
14.5633016413951,86.5854963802056
14.5643852928316,84.6684240587468
14.5691349011429,49.5592815763185
14.5701318433155,84.8160465997433
14.5740903211878,46.8945811079495
14.5750582813522,83.7546781190938
14.5844470149307,87.4542244612788
14.6039921833013,94.4272989122617
14.6178406706761,84.6710621460924
14.6191841068511,83.151767023692
14.6310037709284,85.0993113405546
14.6594163665932,55.7582228126127
14.660782767145,82.8994982893007
14.6752319905051,82.8692632323112
14.6991917424599,44.1570650486547
14.7000941056701,82.3248154720089
14.7049699259014,85.3298301251358
14.7103435724695,83.8812617903899
14.7117352545802,58.4738926886231
14.7153899433942,88.2834199364025
14.720190293366,86.1909579002059
14.7253474936311,95.0610484478365
14.7329103109869,58.044914696324
14.7469289480881,46.6310237328274
14.7589806081503,47.4691639137109
14.7864626925186,85.0925237750588
14.79074578475,48.4490831786875
14.7911326039955,49.4156700932009
14.7928683099155,92.6334631202737
14.793797707556,85.7867533450903
14.7951033501212,85.5972753689578
14.8000607817039,60.2477738633839
14.8092161430018,91.9956121068796
14.8285561723089,88.4112166604416
14.8356865574462,50.2625806387244
14.8402663631403,87.7452256355306
14.8475551596169,81.7369018933406
14.8480165393529,82.1362831303029
14.8592609966589,45.7436466881525
14.8599361650096,46.7849014379947
14.8659854590055,82.6430054089057
14.8773854625622,83.1059117270166
14.8819923261601,46.121242453377
14.8860481799598,84.4609449870689
14.8883083027268,85.4560480041327
14.8930641737248,83.5311810678557
14.9085176058872,86.7281046489326
14.919582679634,82.2573039132419
14.9367119557167,49.1779313975614
14.9375208083837,88.1635492250035
14.940191529067,84.4409748642954
14.9407943273824,83.9806085354767
14.948834718102,49.4523746614844
14.9629147892081,40.2139466764617
14.9765534629433,85.0450204883617
14.9833693001355,43.2667482656464
15.0030289267647,50.9707633667159
15.0032138465042,48.9759200106559
15.0055270350023,48.7531542262767
15.0122683777753,48.5585954086786
15.0209384450878,42.726273037976
15.0330865296162,82.4309076130144
15.0443292483358,87.5103640922146
15.052184537785,86.5693514718536
15.0621763330346,83.580289335275
15.06909555775,85.2986060673822
15.0717895480155,82.843994303029
15.0830045320438,84.1367384106897
15.0831142468203,86.7593231056154
15.1006897706542,64.6399063266865
15.1094636847536,4.20245284258131
15.120006627834,87.6273064680809
15.1310493130149,84.254907270719
15.1443072130767,89.7054247817333
15.1462405897146,66.7530850001055
15.1594726345798,29.6273271117526
15.1602478495158,46.5327548064897
15.1695782864707,59.0888109047511
15.1733680902477,86.5535850934783
15.1771982996075,86.5384151413158
15.1999915682224,45.0701883945844
15.2016382177414,49.6547673952393
15.2071288420185,92.4784360105713
15.2199073224491,84.7407915535347
15.2246861866872,50.0029789091269
15.236558618723,86.0582969832782
15.2376109848329,54.4354859823134
15.2457022484162,94.1631152061921
15.248782676744,88.0868116346747
15.2567583119379,88.3531088316795
15.2635679646764,92.4822046200712
15.2721328017439,82.4132990102823
15.2839237858477,84.1579765068387
15.2871405984378,84.9366614734915
15.2894846561947,85.3332909747129
15.2901754003446,94.2382081630992
15.2927635323735,84.1964717786623
15.3024007748771,95.2409149330218
15.3026071636635,45.209348314715
15.3039520155606,86.5562572977847
15.3126665707297,57.1043573970757
15.3127993051272,85.8280436533622
15.3210215900714,80.1838080603826
15.3383841358188,85.3166350759429
15.3406018525303,83.1023075915021
15.3493410304775,4.84692333532556
15.3747671030175,44.9846387150168
15.3786246771353,59.3723463032322
15.3854488412114,50.2559785264624
15.4038733054658,46.0248350120767
15.4124437142651,58.257426029902
15.438974670057,47.4039886055494
15.4393793332684,85.7597664692332
15.4487875566345,49.7935989262282
15.450528242057,87.3533612637227
15.4559909378011,88.2423202972648
15.4633222251317,49.9845400738332
15.4644186851833,86.472455618938
15.4663046383657,85.9724158775204
15.4669303938643,-4.58019450406753
15.4782024389186,48.95115249108
15.4863151451904,87.4697578869688
15.4994135795212,50.5880466879092
15.5019793087778,50.6164048833845
15.5147187310702,47.4725395743503
15.5262314505997,86.2210283083451
15.54611561149,48.7756113126654
15.5550566949057,82.2303494048073
15.5607112474881,95.8448491734574
15.5690127890745,40.9275114303905
15.5699223882092,85.299869651146
15.5700277939514,51.6277492518176
15.5717896399363,49.80459499031
15.5755296795694,54.958139495704
15.5767313329026,39.4078659491442
15.5781629348395,55.3639274903974
15.5822274685507,51.1260515892301
15.5826935129854,80.447882425057
15.5851517026591,46.8645072106272
15.5852061243382,66.7603355343241
15.5902523247475,45.7898127890352
15.5904910579746,39.0197790244196
15.5928589469262,49.6785627001803
15.611288718527,94.4800566999108
15.6212351992553,50.8319294110386
15.621752312409,82.2579369196444
15.6325250125048,83.2302477756657
15.6403164670702,51.4676492841313
15.6427657208815,83.232902714417
15.643364974021,94.8761383360722
15.664981194708,46.0422177593723
15.6819401418703,42.7993187272919
15.6840882660285,45.5992510299755
15.6869217917379,59.451588805722
15.7021069497145,46.344704966238
15.7092632746609,93.8721896215291
15.7151289769181,84.560231717523
15.7156462884384,82.4389680340557
15.7281411953879,82.2874819947398
15.7369480859499,61.3575204206455
15.7372066752718,39.8921016368842
15.7387493554227,58.0349447846059
15.7518026999239,40.4968513962932
15.7573423918267,46.8598481713985
15.7578865168697,38.409685940508
15.7590787098911,47.9164070996642
15.7609926662778,49.5793577988357
15.7784899126598,47.5053506836626
15.7862975226036,51.6402108423911
15.8088783775955,-3.74612242515741
15.8173608504474,64.0009321273545
15.8214543791218,61.0739851112072
15.8337864188483,52.2466849170154
15.8503395410456,59.9879999229765
15.8570792445352,82.5435560000628
15.8719498896292,83.4809113958238
15.8778052013336,93.217801056027
15.8847859675354,46.7447131826686
15.9263865165547,99.0042538077276
15.9338906061647,85.9269523594738
15.9444975135542,57.4163047560551
15.9474327731288,61.5253730591839
15.9560838725074,83.425807403476
15.9561244200063,68.1095208583979
16.0012736787564,47.7659783467099
16.0140321861316,80.5912951565236
16.0198425366216,45.7571248822623
16.0230728928315,43.8058760275032
16.0392384718042,50.0548837841459
16.0470739599415,86.4547621577562
16.0475822393795,68.7298731855501
16.0595302107926,64.2778172835078
16.0702735072096,45.5288773508991
16.075268815187,50.0767673385503
16.0761491154682,49.9120735535182
16.1051461748387,61.3661769724378
16.1152826246919,43.4611284998936
16.1163131562164,59.8284064502604
16.1295554468558,58.0189518863755
16.1318283120736,49.1146313802351
16.1416831371441,48.5237681614845
16.1531622549334,53.3032644896565
16.1564274659717,44.1557489516818
16.188731794688,55.2113347029685
16.1968585844684,59.1148810567641
16.2086974939024,45.6635083490905
16.2429209691413,44.1942146252472
16.2626188260491,93.8530373413909
16.2673508384478,48.042444577258
16.2715094411168,49.5590108804055
16.273031360006,52.9360752108197
16.2782712406519,87.4245858027205
16.2791120232294,52.7058102186792
16.2803998522044,82.4077375769026
16.287331111636,48.7502787043364
16.3105788296282,44.3776926681529
16.3118562062685,49.6087239463315
16.3182179150159,49.7095681515682
16.3210802486571,40.4586717217243
16.321398196202,41.8094806058013
16.3262500845853,59.8898157207899
16.3395945096218,84.9119537225682
16.3482344239547,47.2655314508841
16.349189273569,86.5823965653753
16.3506431234981,61.0740689086002
16.3550959067234,64.3431038488358
16.3755624610798,50.4779061564204
16.3802095191957,51.9265354908788
16.3851694554055,84.826630747551
16.39301571962,48.2766374903161
16.3964750934269,44.8601919992402
16.3998723105249,43.9080065717294
16.423295815118,87.045245057938
16.4313979499495,42.2021147882823
16.4326076421597,86.3145337694149
16.4360847229013,43.0277599983455
16.444855699485,86.9789812617196
16.4453470611134,59.2062349394879
16.4469041747011,57.022637413291
16.4533175064643,86.5041902202451
16.4641070397533,59.0157088512972
16.4821901375956,-9.14974979460785
16.4937655344301,48.5553454932767
16.503290990482,42.2191786179632
16.5158848585006,46.5413889833802
16.523661822011,66.0250002517775
16.5525052628342,41.8182406196146
16.5561076276925,59.2886216460358
16.5942895647019,1.5645427669566
16.6080916211655,62.4336628673186
16.6101542559078,61.7364767814768
16.6610708549855,46.5105244486604
16.6624921505734,45.701243057398
16.6635862136827,44.1230681852095
16.6897153733201,59.7461291301716
16.6936214648199,83.505851544023
16.7001481377918,48.0599017560852
16.7041045036091,54.1291308035234
16.7129989591606,40.363792218771
16.721522720937,54.8681474007632
16.7224344248098,48.0907281866796
16.7338068324562,48.8201918722003
16.7414087193148,43.2827141086636
16.7430876882108,39.4322476661902
16.7442629330268,59.6921045030484
16.7486741004856,47.8619526195121
16.7536977047568,52.2300713179059
16.7540653557882,44.9422693394946
16.7545321778352,40.5928189158605
16.7587634422439,59.6707091776527
16.7595388542626,39.9446542147407
16.7659217116608,50.9391370022907
16.7836963369437,58.8478471151828
16.7843053680122,41.9206144391428
16.795551775769,64.6900744723028
